customer_name,gender,age,city,state,order_date,delivery_date,sales_id,price_per_unit,quantity,total_price,product_type,product_name,size,colour,Stock,delivery_days,month,age group
Aldin Moline,Male,25,West Aidenview,Victoria,2021-05-08,2021-05-20,1018,117,1,117,Jacket,Shearling,M,violet,74,12,2021-05-01,Young
Aldin Moline,Male,25,West Aidenview,Victoria,2021-05-08,2021-05-20,1019,107,2,214,Jacket,Denim,L,orange,73,12,2021-05-01,Young
Aldin Moline,Male,25,West Aidenview,Victoria,2021-05-08,2021-05-20,1020,105,1,105,Trousers,Pleated,XS,violet,58,12,2021-05-01,Young
Aldin Moline,Male,25,West Aidenview,Victoria,2021-05-08,2021-05-20,1021,96,2,192,Shirt,Oxford Cloth,XL,indigo,55,12,2021-05-01,Young
Gigi Kalaher,Genderqueer,55,East Audrey,South Australia,2021-10-20,2021-11-03,2145,98,3,294,Shirt,Camp Collared,S,green,60,14,2021-10-01,Middle Aged
Gigi Kalaher,Genderqueer,55,East Audrey,South Australia,2021-10-20,2021-11-03,2146,93,1,93,Jacket,Coach,M,blue,54,14,2021-10-01,Middle Aged
Gigi Kalaher,Genderqueer,55,East Audrey,South Australia,2021-10-20,2021-11-03,2147,109,2,218,Jacket,Peacoat,XL,violet,42,14,2021-10-01,Middle Aged
Gigi Kalaher,Genderqueer,55,East Audrey,South Australia,2021-10-20,2021-11-03,2148,96,1,96,Shirt,Oxford Cloth,S,orange,72,14,2021-10-01,Middle Aged
Gigi Kalaher,Genderqueer,55,East Audrey,South Australia,2021-03-10,2021-03-22,3177,112,1,112,Trousers,Tracksuit Bottoms,XL,blue,68,12,2021-03-01,Middle Aged
Gigi Kalaher,Genderqueer,55,East Audrey,South Australia,2021-03-10,2021-03-22,3178,96,1,96,Shirt,Oxford Cloth,XS,indigo,61,12,2021-03-01,Middle Aged
Gigi Kalaher,Genderqueer,55,East Audrey,South Australia,2021-03-10,2021-03-22,3179,91,2,182,Shirt,Linen,S,blue,77,12,2021-03-01,Middle Aged
Gigi Kalaher,Genderqueer,55,East Audrey,South Australia,2021-03-10,2021-03-22,3180,90,1,90,Trousers,Relaxed Leg,XL,blue,40,12,2021-03-01,Middle Aged
Gigi Kalaher,Genderqueer,55,East Audrey,South Australia,2021-03-10,2021-03-22,3181,113,3,339,Trousers,Chinos,XS,red,69,12,2021-03-01,Middle Aged
Chaddie Fawlkes,Male,58,West Mackenzie,Queensland,2021-08-18,2021-09-02,2149,113,1,113,Trousers,Chinos,S,red,62,15,2021-08-01,Senior
Chaddie Fawlkes,Male,58,West Mackenzie,Queensland,2021-08-18,2021-09-02,2150,113,3,339,Trousers,Chinos,L,green,77,15,2021-08-01,Senior
Jamesy Rennles,Genderqueer,46,Harberview,Tasmania,2021-05-11,2021-06-01,2151,95,3,285,Shirt,Polo,M,indigo,62,21,2021-05-01,Middle Aged
Jamesy Rennles,Genderqueer,46,Harberview,Tasmania,2021-05-11,2021-06-01,2152,98,1,98,Shirt,Camp Collared,XS,green,66,21,2021-05-01,Middle Aged
Jamesy Rennles,Genderqueer,46,Harberview,Tasmania,2021-05-11,2021-06-01,2153,118,2,236,Jacket,Puffer,XS,yellow,55,21,2021-05-01,Middle Aged
Jamesy Rennles,Genderqueer,46,Harberview,Tasmania,2021-05-11,2021-06-01,2154,92,2,184,Shirt,Denim,L,blue,45,21,2021-05-01,Middle Aged
Jamesy Rennles,Genderqueer,46,Harberview,Tasmania,2021-05-11,2021-06-01,2155,95,1,95,Shirt,Polo,L,violet,76,21,2021-05-01,Middle Aged
Jamesy Rennles,Genderqueer,46,Harberview,Tasmania,2021-05-11,2021-06-01,2156,105,3,315,Shirt,Cuban Collar,XS,violet,49,21,2021-05-01,Middle Aged
Jamesy Rennles,Genderqueer,46,Harberview,Tasmania,2021-05-11,2021-06-01,2157,91,3,273,Shirt,Linen,M,violet,44,21,2021-05-01,Middle Aged
Jamesy Rennles,Genderqueer,46,Harberview,Tasmania,2021-05-11,2021-06-01,2158,91,3,273,Jacket,Pullover,L,violet,78,21,2021-05-01,Middle Aged
Emylee Buscher,Non-binary,69,Thompsonport,Northern Territory,2021-02-17,2021-02-22,2159,113,3,339,Jacket,Parka,L,yellow,72,5,2021-02-01,Senior
Emylee Buscher,Non-binary,69,Thompsonport,Northern Territory,2021-02-17,2021-02-22,2160,95,3,285,Shirt,Polo,XL,blue,70,5,2021-02-01,Senior
Emylee Buscher,Non-binary,69,Thompsonport,Northern Territory,2021-02-17,2021-02-22,2161,94,2,188,Trousers,Cords,XL,yellow,65,5,2021-02-01,Senior
Emylee Buscher,Non-binary,69,Thompsonport,Northern Territory,2021-02-17,2021-02-22,2162,118,2,236,Shirt,Flannel,M,orange,68,5,2021-02-01,Senior
Emylee Buscher,Non-binary,69,Thompsonport,Northern Territory,2021-02-17,2021-02-22,2163,109,2,218,Jacket,Peacoat,XL,green,68,5,2021-02-01,Senior
Denice Ledrane,Bigender,32,New Beaumouth,Australian Capital Territory,2021-08-16,2021-09-08,4430,90,2,180,Trousers,Relaxed Leg,M,blue,72,23,2021-08-01,Young
Denice Ledrane,Bigender,32,New Beaumouth,Australian Capital Territory,2021-08-16,2021-09-08,4431,119,3,357,Jacket,Trench Coat,XS,green,62,23,2021-08-01,Young
Denice Ledrane,Bigender,32,New Beaumouth,Australian Capital Territory,2021-08-16,2021-09-08,4432,105,1,105,Trousers,Pleated,L,orange,53,23,2021-08-01,Young
Denice Ledrane,Bigender,32,New Beaumouth,Australian Capital Territory,2021-08-16,2021-09-08,4433,92,3,276,Shirt,Denim,L,indigo,58,23,2021-08-01,Young
Denice Ledrane,Bigender,32,New Beaumouth,Australian Capital Territory,2021-08-16,2021-09-08,4434,113,2,226,Jacket,Parka,S,green,62,23,2021-08-01,Young
Denice Ledrane,Bigender,32,New Beaumouth,Australian Capital Territory,2021-08-16,2021-09-08,4435,107,3,321,Jacket,Denim,L,orange,73,23,2021-08-01,Young
Denice Ledrane,Bigender,32,New Beaumouth,Australian Capital Territory,2021-08-16,2021-09-08,4436,98,1,98,Jacket,Leather,M,orange,80,23,2021-08-01,Young
Denice Ledrane,Bigender,32,New Beaumouth,Australian Capital Territory,2021-08-16,2021-09-08,4437,119,3,357,Jacket,Trench Coat,XL,indigo,64,23,2021-08-01,Young
Denice Ledrane,Bigender,32,New Beaumouth,Australian Capital Territory,2021-08-16,2021-09-08,4438,105,1,105,Trousers,Pleated,XL,orange,69,23,2021-08-01,Young
Emylee Buscher,Non-binary,69,Thompsonport,Northern Territory,2021-08-06,2021-08-18,3161,99,1,99,Trousers,High-Waisted,L,red,52,12,2021-08-01,Senior
Emylee Buscher,Non-binary,69,Thompsonport,Northern Territory,2021-08-06,2021-08-18,3162,99,2,198,Trousers,High-Waisted,XS,blue,51,12,2021-08-01,Senior
Emylee Buscher,Non-binary,69,Thompsonport,Northern Territory,2021-08-06,2021-08-18,3163,91,2,182,Shirt,Linen,M,green,42,12,2021-08-01,Senior
Emylee Buscher,Non-binary,69,Thompsonport,Northern Territory,2021-08-06,2021-08-18,3164,109,3,327,Jacket,Peacoat,XS,violet,54,12,2021-08-01,Senior
Rutger Hugonnet,Bigender,20,New Jadehaven,New South Wales,2021-08-25,2021-09-05,2166,106,2,212,Shirt,Chambray,L,violet,53,11,2021-08-01,Young
Rutger Hugonnet,Bigender,20,New Jadehaven,New South Wales,2021-08-25,2021-09-05,2167,94,1,94,Shirt,Henley,L,yellow,62,11,2021-08-01,Young
Rutger Hugonnet,Bigender,20,New Jadehaven,New South Wales,2021-08-25,2021-09-05,2168,104,3,312,Shirt,Dress,L,orange,73,11,2021-08-01,Young
Rutger Hugonnet,Bigender,20,New Jadehaven,New South Wales,2021-08-25,2021-09-05,2169,105,3,315,Shirt,Cuban Collar,L,indigo,65,11,2021-08-01,Young
Rutger Hugonnet,Bigender,20,New Jadehaven,New South Wales,2021-08-25,2021-09-05,2170,102,1,102,Jacket,Windbreaker,L,violet,72,11,2021-08-01,Young
Rutger Hugonnet,Bigender,20,New Jadehaven,New South Wales,2021-08-25,2021-09-05,2171,99,3,297,Trousers,High-Waisted,S,blue,75,11,2021-08-01,Young
Ninon Corteney,Non-binary,55,Sauerfort,Western Australia,2021-09-11,2021-09-12,1294,95,1,95,Shirt,Polo,M,orange,67,1,2021-09-01,Middle Aged
Ninon Corteney,Non-binary,55,Sauerfort,Western Australia,2021-09-11,2021-09-12,1295,105,2,210,Shirt,Cuban Collar,L,green,58,1,2021-09-01,Middle Aged
Ninon Corteney,Non-binary,55,Sauerfort,Western Australia,2021-09-11,2021-09-12,1296,94,3,282,Shirt,Henley,M,blue,42,1,2021-09-01,Middle Aged
Ninon Corteney,Non-binary,55,Sauerfort,Western Australia,2021-09-11,2021-09-12,1297,93,3,279,Trousers,Joggers,XL,green,56,1,2021-09-01,Middle Aged
Leeann Gowdie,Agender,52,Callumborough,Queensland,2021-09-10,2021-10-02,1227,91,3,273,Jacket,Pullover,M,indigo,72,22,2021-09-01,Middle Aged
Leeann Gowdie,Agender,52,Callumborough,Queensland,2021-09-10,2021-10-02,1228,93,2,186,Trousers,Joggers,XS,green,77,22,2021-09-01,Middle Aged
Leeann Gowdie,Agender,52,Callumborough,Queensland,2021-09-10,2021-10-02,1229,109,2,218,Jacket,Peacoat,XS,orange,78,22,2021-09-01,Middle Aged
Law Foker,Genderfluid,66,Colestad,Queensland,2021-07-30,2021-08-13,274,90,2,180,Trousers,Relaxed Leg,XS,violet,49,14,2021-07-01,Senior
Law Foker,Genderfluid,66,Colestad,Queensland,2021-07-30,2021-08-13,275,105,2,210,Trousers,Pleated,M,red,40,14,2021-07-01,Senior
Lindsey McCuthais,Bigender,61,Port Hunter,Tasmania,2021-10-06,2021-10-12,886,105,2,210,Trousers,Pleated,M,red,40,6,2021-10-01,Senior
Lindsey McCuthais,Bigender,61,Port Hunter,Tasmania,2021-10-06,2021-10-12,887,102,3,306,Jacket,Windbreaker,L,blue,41,6,2021-10-01,Senior
Lindsey McCuthais,Bigender,61,Port Hunter,Tasmania,2021-10-06,2021-10-12,888,109,3,327,Jacket,Peacoat,L,blue,64,6,2021-10-01,Senior
Lindsey McCuthais,Bigender,61,Port Hunter,Tasmania,2021-10-06,2021-10-12,889,98,1,98,Shirt,Camp Collared,M,indigo,52,6,2021-10-01,Senior
Lindsey McCuthais,Bigender,61,Port Hunter,Tasmania,2021-10-06,2021-10-12,890,94,2,188,Shirt,Henley,XL,orange,52,6,2021-10-01,Senior
Lindsey McCuthais,Bigender,61,Port Hunter,Tasmania,2021-10-06,2021-10-12,891,105,3,315,Shirt,Cuban Collar,XS,blue,56,6,2021-10-01,Senior
Lindsey McCuthais,Bigender,61,Port Hunter,Tasmania,2021-10-06,2021-10-12,892,119,2,238,Jacket,Trench Coat,XL,orange,71,6,2021-10-01,Senior
Rutger Hugonnet,Bigender,20,New Jadehaven,New South Wales,2021-03-26,2021-04-09,4310,109,1,109,Jacket,Peacoat,XS,orange,78,14,2021-03-01,Young
Rutger Hugonnet,Bigender,20,New Jadehaven,New South Wales,2021-03-26,2021-04-09,4311,119,1,119,Shirt,Casual Slim Fit,XS,green,69,14,2021-03-01,Young
Rutger Hugonnet,Bigender,20,New Jadehaven,New South Wales,2021-03-26,2021-04-09,4312,98,2,196,Shirt,Camp Collared,XS,orange,52,14,2021-03-01,Young
Rutger Hugonnet,Bigender,20,New Jadehaven,New South Wales,2021-03-26,2021-04-09,4313,91,3,273,Shirt,Linen,M,orange,42,14,2021-03-01,Young
Kakalina Ragge,Genderqueer,42,South Alexandraview,Queensland,2021-07-25,2021-08-06,3999,94,1,94,Trousers,Cords,XL,indigo,70,12,2021-07-01,Middle Aged
Kakalina Ragge,Genderqueer,42,South Alexandraview,Queensland,2021-07-25,2021-08-06,4000,104,1,104,Shirt,Dress,S,green,60,12,2021-07-01,Middle Aged
Kakalina Ragge,Genderqueer,42,South Alexandraview,Queensland,2021-07-25,2021-08-06,4001,112,3,336,Jacket,Cardigan,XS,green,40,12,2021-07-01,Middle Aged
Kakalina Ragge,Genderqueer,42,South Alexandraview,Queensland,2021-07-25,2021-08-06,4002,102,2,204,Jacket,Windbreaker,L,violet,72,12,2021-07-01,Middle Aged
Kakalina Ragge,Genderqueer,42,South Alexandraview,Queensland,2021-07-25,2021-08-06,4003,106,1,106,Trousers,Wool,S,red,65,12,2021-07-01,Middle Aged
Kakalina Ragge,Genderqueer,42,South Alexandraview,Queensland,2021-07-25,2021-08-06,4004,105,3,315,Shirt,Cuban Collar,M,yellow,49,12,2021-07-01,Middle Aged
Kakalina Ragge,Genderqueer,42,South Alexandraview,Queensland,2021-07-25,2021-08-06,4005,104,2,208,Shirt,Dress,XL,indigo,75,12,2021-07-01,Middle Aged
Rey Grasner,Genderqueer,27,Cassinport,Western Australia,2021-05-16,2021-06-06,1945,113,2,226,Trousers,Chinos,XS,yellow,41,21,2021-05-01,Young
Rey Grasner,Genderqueer,27,Cassinport,Western Australia,2021-05-16,2021-06-06,1946,112,1,112,Jacket,Cardigan,M,yellow,64,21,2021-05-01,Young
Rey Grasner,Genderqueer,27,Cassinport,Western Australia,2021-05-16,2021-06-06,1947,113,2,226,Trousers,Chinos,M,violet,54,21,2021-05-01,Young
Rey Grasner,Genderqueer,27,Cassinport,Western Australia,2021-05-16,2021-06-06,1948,99,1,99,Trousers,High-Waisted,XS,red,74,21,2021-05-01,Young
Rey Grasner,Genderqueer,27,Cassinport,Western Australia,2021-05-16,2021-06-06,1949,115,3,345,Trousers,Cropped,XL,indigo,58,21,2021-05-01,Young
Rey Grasner,Genderqueer,27,Cassinport,Western Australia,2021-05-16,2021-06-06,1950,107,3,321,Jacket,Denim,S,yellow,43,21,2021-05-01,Young
Rey Grasner,Genderqueer,27,Cassinport,Western Australia,2021-05-16,2021-06-06,1951,119,2,238,Jacket,Trench Coat,XL,violet,52,21,2021-05-01,Young
Sauncho Boosey,Bigender,53,Stewartland,Australian Capital Territory,2021-05-22,2021-05-31,2172,94,2,188,Trousers,Cords,XL,orange,72,9,2021-05-01,Middle Aged
Sauncho Boosey,Bigender,53,Stewartland,Australian Capital Territory,2021-05-22,2021-05-31,2173,113,1,113,Trousers,Chinos,S,green,61,9,2021-05-01,Middle Aged
Sauncho Boosey,Bigender,53,Stewartland,Australian Capital Territory,2021-05-22,2021-05-31,2174,102,2,204,Jacket,Windbreaker,S,red,54,9,2021-05-01,Middle Aged
Sauncho Boosey,Bigender,53,Stewartland,Australian Capital Territory,2021-05-22,2021-05-31,2175,106,2,212,Shirt,Chambray,XL,red,42,9,2021-05-01,Middle Aged
Andi Kettleson,Female,39,East Piper,Northern Territory,2021-07-19,2021-08-15,381,92,1,92,Shirt,Denim,S,blue,47,27,2021-07-01,Middle Aged
Andi Kettleson,Female,39,East Piper,Northern Territory,2021-07-19,2021-08-15,382,113,3,339,Trousers,Chinos,M,blue,41,27,2021-07-01,Middle Aged
Andi Kettleson,Female,39,East Piper,Northern Territory,2021-07-19,2021-08-15,383,119,1,119,Shirt,Casual Slim Fit,M,blue,61,27,2021-07-01,Middle Aged
Andi Kettleson,Female,39,East Piper,Northern Territory,2021-07-19,2021-08-15,384,118,2,236,Shirt,Flannel,S,green,57,27,2021-07-01,Middle Aged
Andi Kettleson,Female,39,East Piper,Northern Territory,2021-07-19,2021-08-15,385,91,2,182,Jacket,Pullover,XS,red,54,27,2021-07-01,Middle Aged
Andi Kettleson,Female,39,East Piper,Northern Territory,2021-07-19,2021-08-15,386,96,2,192,Trousers,Drawstring,XS,orange,41,27,2021-07-01,Middle Aged
Andi Kettleson,Female,39,East Piper,Northern Territory,2021-07-19,2021-08-15,387,105,2,210,Trousers,Pleated,S,violet,50,27,2021-07-01,Middle Aged
Jena Kelling,Female,44,Kaihaven,New South Wales,2021-10-22,2021-11-03,590,100,1,100,Jacket,Bomber,S,indigo,41,12,2021-10-01,Middle Aged
Jena Kelling,Female,44,Kaihaven,New South Wales,2021-10-22,2021-11-03,591,105,1,105,Trousers,Pleated,L,violet,48,12,2021-10-01,Middle Aged
Giralda Trewin,Genderfluid,65,Bartolettifurt,Western Australia,2021-04-30,2021-05-01,961,93,1,93,Trousers,Joggers,XS,green,77,1,2021-04-01,Senior
Giralda Trewin,Genderfluid,65,Bartolettifurt,Western Australia,2021-04-30,2021-05-01,962,112,2,224,Trousers,Tracksuit Bottoms,XL,green,49,1,2021-04-01,Senior
Giralda Trewin,Genderfluid,65,Bartolettifurt,Western Australia,2021-04-30,2021-05-01,963,113,2,226,Jacket,Parka,M,violet,75,1,2021-04-01,Senior
Giralda Trewin,Genderfluid,65,Bartolettifurt,Western Australia,2021-04-30,2021-05-01,964,95,3,285,Shirt,Polo,XL,orange,43,1,2021-04-01,Senior
Giralda Trewin,Genderfluid,65,Bartolettifurt,Western Australia,2021-04-30,2021-05-01,965,113,1,113,Trousers,Chinos,XL,blue,48,1,2021-04-01,Senior
Claudio Archibould,Bigender,31,North Aidentown,Northern Territory,2021-08-31,2021-09-18,1116,102,1,102,Trousers,Cargo Pants,S,indigo,48,18,2021-08-01,Young
Claudio Archibould,Bigender,31,North Aidentown,Northern Territory,2021-08-31,2021-09-18,1117,104,1,104,Shirt,Dress,S,green,60,18,2021-08-01,Young
Claudio Archibould,Bigender,31,North Aidentown,Northern Territory,2021-08-31,2021-09-18,1118,93,1,93,Jacket,Coach,M,indigo,64,18,2021-08-01,Young
Hadlee Douthwaite,Female,42,West Hamish,South Australia,2021-01-12,2021-02-05,1419,107,3,321,Jacket,Denim,L,blue,42,24,2021-01-01,Middle Aged
Hadlee Douthwaite,Female,42,West Hamish,South Australia,2021-01-12,2021-02-05,1420,117,3,351,Jacket,Shearling,XS,orange,54,24,2021-01-01,Middle Aged
Hadlee Douthwaite,Female,42,West Hamish,South Australia,2021-01-12,2021-02-05,1421,91,3,273,Jacket,Pullover,XS,violet,61,24,2021-01-01,Middle Aged
Hadlee Douthwaite,Female,42,West Hamish,South Australia,2021-01-12,2021-02-05,1422,105,2,210,Shirt,Cuban Collar,M,orange,49,24,2021-01-01,Middle Aged
Hadlee Douthwaite,Female,42,West Hamish,South Australia,2021-01-12,2021-02-05,1423,106,1,106,Shirt,Chambray,M,yellow,62,24,2021-01-01,Middle Aged
Hadlee Douthwaite,Female,42,West Hamish,South Australia,2021-01-12,2021-02-05,1424,117,1,117,Jacket,Shearling,S,red,75,24,2021-01-01,Middle Aged
Waylin Gasson,Genderqueer,37,West Kai,South Australia,2021-01-10,2021-01-19,2643,105,2,210,Shirt,Cuban Collar,S,yellow,41,9,2021-01-01,Middle Aged
Waylin Gasson,Genderqueer,37,West Kai,South Australia,2021-01-10,2021-01-19,2644,96,3,288,Trousers,Drawstring,M,indigo,58,9,2021-01-01,Middle Aged
Waylin Gasson,Genderqueer,37,West Kai,South Australia,2021-01-10,2021-01-19,2645,105,2,210,Trousers,Pleated,XL,red,58,9,2021-01-01,Middle Aged
Sauncho Boosey,Bigender,53,Stewartland,Australian Capital Territory,2021-01-12,2021-01-27,4195,104,3,312,Shirt,Dress,M,green,65,15,2021-01-01,Middle Aged
Sauncho Boosey,Bigender,53,Stewartland,Australian Capital Territory,2021-01-12,2021-01-27,4196,118,1,118,Shirt,Flannel,M,green,66,15,2021-01-01,Middle Aged
Sauncho Boosey,Bigender,53,Stewartland,Australian Capital Territory,2021-01-12,2021-01-27,4197,99,1,99,Trousers,High-Waisted,M,blue,52,15,2021-01-01,Middle Aged
Sauncho Boosey,Bigender,53,Stewartland,Australian Capital Territory,2021-01-12,2021-01-27,4198,119,3,357,Jacket,Trench Coat,L,yellow,77,15,2021-01-01,Middle Aged
Sauncho Boosey,Bigender,53,Stewartland,Australian Capital Territory,2021-01-12,2021-01-27,4199,106,2,212,Shirt,Chambray,M,indigo,62,15,2021-01-01,Middle Aged
Lin Norville,Male,42,Russelstad,Victoria,2021-04-28,2021-05-14,3370,100,3,300,Jacket,Bomber,XL,green,79,16,2021-04-01,Middle Aged
Lin Norville,Male,42,Russelstad,Victoria,2021-04-28,2021-05-14,3371,109,1,109,Shirt,Mandarin Collar,L,yellow,78,16,2021-04-01,Middle Aged
Lin Norville,Male,42,Russelstad,Victoria,2021-04-28,2021-05-14,3372,98,2,196,Shirt,Camp Collared,XS,green,66,16,2021-04-01,Middle Aged
Margalo Cousen,Agender,31,Bauchton,Northern Territory,2021-03-26,2021-04-03,1208,104,3,312,Shirt,Dress,S,orange,69,8,2021-03-01,Young
Margalo Cousen,Agender,31,Bauchton,Northern Territory,2021-03-26,2021-04-03,1209,98,2,196,Jacket,Leather,XS,green,57,8,2021-03-01,Young
Margalo Cousen,Agender,31,Bauchton,Northern Territory,2021-03-26,2021-04-03,1210,94,1,94,Trousers,Cords,XS,orange,70,8,2021-03-01,Young
Margalo Cousen,Agender,31,Bauchton,Northern Territory,2021-03-26,2021-04-03,1211,106,3,318,Shirt,Chambray,XL,orange,57,8,2021-03-01,Young
Margalo Cousen,Agender,31,Bauchton,Northern Territory,2021-03-26,2021-04-03,1212,112,1,112,Jacket,Cardigan,XS,orange,46,8,2021-03-01,Young
Killie Wigzell,Male,61,South Emilyborough,Victoria,2021-03-12,2021-04-08,1616,112,2,224,Trousers,Tracksuit Bottoms,S,red,57,27,2021-03-01,Senior
Killie Wigzell,Male,61,South Emilyborough,Victoria,2021-03-12,2021-04-08,1617,117,3,351,Jacket,Shearling,XL,red,42,27,2021-03-01,Senior
Killie Wigzell,Male,61,South Emilyborough,Victoria,2021-03-12,2021-04-08,1618,118,2,236,Shirt,Flannel,M,green,66,27,2021-03-01,Senior
Killie Wigzell,Male,61,South Emilyborough,Victoria,2021-03-12,2021-04-08,1619,102,2,204,Trousers,Cargo Pants,M,yellow,72,27,2021-03-01,Senior
Killie Wigzell,Male,61,South Emilyborough,Victoria,2021-03-12,2021-04-08,1620,93,2,186,Trousers,Joggers,S,blue,50,27,2021-03-01,Senior
Killie Wigzell,Male,61,South Emilyborough,Victoria,2021-03-12,2021-04-08,1621,95,1,95,Shirt,Polo,L,green,68,27,2021-03-01,Senior
Killie Wigzell,Male,61,South Emilyborough,Victoria,2021-03-12,2021-04-08,1622,100,1,100,Jacket,Bomber,XL,orange,69,27,2021-03-01,Senior
Killie Wigzell,Male,61,South Emilyborough,Victoria,2021-03-12,2021-04-08,1623,105,3,315,Trousers,Pleated,L,violet,48,27,2021-03-01,Senior
Ashley Gant,Polygender,40,Dietrichville,South Australia,2021-10-23,2021-11-03,945,94,1,94,Shirt,Henley,S,blue,75,11,2021-10-01,Middle Aged
Ashley Gant,Polygender,40,Dietrichville,South Australia,2021-10-23,2021-11-03,946,105,3,315,Shirt,Cuban Collar,L,blue,65,11,2021-10-01,Middle Aged
Ashley Gant,Polygender,40,Dietrichville,South Australia,2021-10-23,2021-11-03,947,97,1,97,Trousers,Slim-Fit,XL,orange,78,11,2021-10-01,Middle Aged
Ashley Gant,Polygender,40,Dietrichville,South Australia,2021-10-23,2021-11-03,948,94,1,94,Trousers,Cords,L,green,62,11,2021-10-01,Middle Aged
Ashley Gant,Polygender,40,Dietrichville,South Australia,2021-10-23,2021-11-03,949,96,1,96,Shirt,Oxford Cloth,XS,indigo,61,11,2021-10-01,Middle Aged
Ashley Gant,Polygender,40,Dietrichville,South Australia,2021-10-23,2021-11-03,950,98,3,294,Shirt,Camp Collared,XL,red,79,11,2021-10-01,Middle Aged
Ashley Gant,Polygender,40,Dietrichville,South Australia,2021-10-23,2021-11-03,951,118,3,354,Shirt,Flannel,S,red,59,11,2021-10-01,Middle Aged
Gert Brackstone,Polygender,34,Charlotteville,Queensland,2021-08-24,2021-09-06,2176,115,3,345,Trousers,Cropped,M,red,50,13,2021-08-01,Young
Gert Brackstone,Polygender,34,Charlotteville,Queensland,2021-08-24,2021-09-06,2177,91,2,182,Shirt,Linen,XL,blue,47,13,2021-08-01,Young
Gert Brackstone,Polygender,34,Charlotteville,Queensland,2021-08-24,2021-09-06,2178,113,2,226,Jacket,Parka,XL,red,64,13,2021-08-01,Young
Gert Brackstone,Polygender,34,Charlotteville,Queensland,2021-08-24,2021-09-06,2179,90,3,270,Trousers,Relaxed Leg,S,blue,57,13,2021-08-01,Young
Gert Brackstone,Polygender,34,Charlotteville,Queensland,2021-08-24,2021-09-06,2180,119,1,119,Shirt,Casual Slim Fit,XS,green,69,13,2021-08-01,Young
Gert Brackstone,Polygender,34,Charlotteville,Queensland,2021-08-24,2021-09-06,2181,90,2,180,Trousers,Relaxed Leg,XS,yellow,44,13,2021-08-01,Young
Gert Brackstone,Polygender,34,Charlotteville,Queensland,2021-08-24,2021-09-06,2182,92,1,92,Shirt,Denim,M,violet,55,13,2021-08-01,Young
Gert Brackstone,Polygender,34,Charlotteville,Queensland,2021-08-24,2021-09-06,2183,96,2,192,Trousers,Drawstring,M,violet,73,13,2021-08-01,Young
Niels Loadsman,Genderfluid,30,Kaiview,New South Wales,2021-10-09,2021-10-30,2184,99,3,297,Trousers,High-Waisted,L,red,52,21,2021-10-01,Young
Niels Loadsman,Genderfluid,30,Kaiview,New South Wales,2021-10-09,2021-10-30,2185,92,2,184,Shirt,Denim,XS,red,52,21,2021-10-01,Young
Niels Loadsman,Genderfluid,30,Kaiview,New South Wales,2021-10-09,2021-10-30,2186,109,2,218,Jacket,Peacoat,M,indigo,52,21,2021-10-01,Young
Niels Loadsman,Genderfluid,30,Kaiview,New South Wales,2021-10-09,2021-10-30,2187,102,1,102,Trousers,Cargo Pants,XS,yellow,68,21,2021-10-01,Young
Niels Loadsman,Genderfluid,30,Kaiview,New South Wales,2021-10-09,2021-10-30,2188,94,1,94,Trousers,Cords,M,orange,53,21,2021-10-01,Young
Niels Loadsman,Genderfluid,30,Kaiview,New South Wales,2021-10-09,2021-10-30,2189,92,3,276,Shirt,Denim,XS,green,66,21,2021-10-01,Young
Niels Loadsman,Genderfluid,30,Kaiview,New South Wales,2021-01-12,2021-01-15,4523,96,1,96,Shirt,Oxford Cloth,S,blue,51,3,2021-01-01,Young
Niels Loadsman,Genderfluid,30,Kaiview,New South Wales,2021-01-12,2021-01-15,4524,113,2,226,Jacket,Parka,L,green,55,3,2021-01-01,Young
Niels Loadsman,Genderfluid,30,Kaiview,New South Wales,2021-01-12,2021-01-15,4525,92,1,92,Shirt,Denim,L,yellow,75,3,2021-01-01,Young
Niels Loadsman,Genderfluid,30,Kaiview,New South Wales,2021-01-12,2021-01-15,4526,94,2,188,Trousers,Cords,M,green,76,3,2021-01-01,Young
Niels Loadsman,Genderfluid,30,Kaiview,New South Wales,2021-01-12,2021-01-15,4527,94,1,94,Shirt,Henley,XS,green,61,3,2021-01-01,Young
Niels Loadsman,Genderfluid,30,Kaiview,New South Wales,2021-01-12,2021-01-15,4528,100,3,300,Jacket,Bomber,L,orange,71,3,2021-01-01,Young
Hetti Fibbens,Genderqueer,45,Beattychester,Queensland,2021-03-24,2021-03-30,2198,112,2,224,Trousers,Tracksuit Bottoms,M,green,47,6,2021-03-01,Middle Aged
Hetti Fibbens,Genderqueer,45,Beattychester,Queensland,2021-03-24,2021-03-30,2199,97,1,97,Trousers,Slim-Fit,XS,indigo,74,6,2021-03-01,Middle Aged
Hetti Fibbens,Genderqueer,45,Beattychester,Queensland,2021-03-24,2021-03-30,2200,113,1,113,Trousers,Chinos,L,violet,62,6,2021-03-01,Middle Aged
Hetti Fibbens,Genderqueer,45,Beattychester,Queensland,2021-06-13,2021-06-27,2991,98,2,196,Jacket,Leather,XL,green,58,14,2021-06-01,Middle Aged
Hetti Fibbens,Genderqueer,45,Beattychester,Queensland,2021-06-13,2021-06-27,2992,105,1,105,Shirt,Cuban Collar,XL,yellow,76,14,2021-06-01,Middle Aged
Hayyim Trewhella,Non-binary,31,Boyerland,New South Wales,2021-03-04,2021-03-22,571,112,1,112,Jacket,Cardigan,S,blue,53,18,2021-03-01,Young
Hayyim Trewhella,Non-binary,31,Boyerland,New South Wales,2021-03-04,2021-03-22,572,119,2,238,Jacket,Trench Coat,XL,blue,69,18,2021-03-01,Young
Hayyim Trewhella,Non-binary,31,Boyerland,New South Wales,2021-03-04,2021-03-22,573,119,3,357,Jacket,Trench Coat,XS,red,78,18,2021-03-01,Young
Hayyim Trewhella,Non-binary,31,Boyerland,New South Wales,2021-03-04,2021-03-22,574,98,2,196,Jacket,Leather,L,indigo,79,18,2021-03-01,Young
Hayyim Trewhella,Non-binary,31,Boyerland,New South Wales,2021-03-04,2021-03-22,575,97,2,194,Trousers,Slim-Fit,L,yellow,64,18,2021-03-01,Young
Hayyim Trewhella,Non-binary,31,Boyerland,New South Wales,2021-03-04,2021-03-22,576,93,2,186,Trousers,Joggers,XS,green,77,18,2021-03-01,Young
Hayyim Trewhella,Non-binary,31,Boyerland,New South Wales,2021-03-04,2021-03-22,577,92,2,184,Shirt,Denim,L,red,52,18,2021-03-01,Young
Hayyim Trewhella,Non-binary,31,Boyerland,New South Wales,2021-03-04,2021-03-22,578,118,1,118,Shirt,Flannel,XS,orange,42,18,2021-03-01,Young
Hayyim Trewhella,Non-binary,31,Boyerland,New South Wales,2021-03-04,2021-03-22,579,94,3,282,Shirt,Henley,S,yellow,70,18,2021-03-01,Young
Seana Hearons,Non-binary,31,South Callum,Tasmania,2021-01-07,2021-01-20,3293,117,1,117,Jacket,Shearling,S,orange,53,13,2021-01-01,Young
Seana Hearons,Non-binary,31,South Callum,Tasmania,2021-01-07,2021-01-20,3294,105,1,105,Shirt,Cuban Collar,M,violet,67,13,2021-01-01,Young
Hetti Fibbens,Genderqueer,45,Beattychester,Queensland,2021-09-20,2021-09-24,3744,109,1,109,Jacket,Peacoat,S,yellow,49,4,2021-09-01,Middle Aged
Hetti Fibbens,Genderqueer,45,Beattychester,Queensland,2021-09-20,2021-09-24,3745,105,1,105,Trousers,Pleated,M,orange,57,4,2021-09-01,Middle Aged
Hetti Fibbens,Genderqueer,45,Beattychester,Queensland,2021-09-20,2021-09-24,3746,112,1,112,Jacket,Cardigan,L,violet,66,4,2021-09-01,Middle Aged
Hetti Fibbens,Genderqueer,45,Beattychester,Queensland,2021-09-20,2021-09-24,3747,113,1,113,Trousers,Chinos,XS,indigo,61,4,2021-09-01,Middle Aged
Hetti Fibbens,Genderqueer,45,Beattychester,Queensland,2021-09-20,2021-09-24,3748,113,3,339,Jacket,Parka,XS,red,65,4,2021-09-01,Middle Aged
Hetti Fibbens,Genderqueer,45,Beattychester,Queensland,2021-09-20,2021-09-24,3749,96,3,288,Shirt,Oxford Cloth,M,yellow,56,4,2021-09-01,Middle Aged
Hetti Fibbens,Genderqueer,45,Beattychester,Queensland,2021-09-20,2021-09-24,3750,92,1,92,Shirt,Denim,XS,green,66,4,2021-09-01,Middle Aged
Bunni Poundsford,Female,63,South Heidi,Western Australia,2021-03-09,2021-03-27,2201,102,2,204,Jacket,Windbreaker,L,blue,41,18,2021-03-01,Senior
Bunni Poundsford,Female,63,South Heidi,Western Australia,2021-03-09,2021-03-27,2202,94,2,188,Shirt,Henley,XS,violet,50,18,2021-03-01,Senior
Bunni Poundsford,Female,63,South Heidi,Western Australia,2021-03-09,2021-03-27,2203,104,2,208,Shirt,Dress,S,yellow,56,18,2021-03-01,Senior
Nathanil Runchman,Non-binary,23,South Hannahstad,Victoria,2021-03-07,2021-03-26,2204,104,3,312,Shirt,Dress,XL,red,47,19,2021-03-01,Young
Nathanil Runchman,Non-binary,23,South Hannahstad,Victoria,2021-03-07,2021-03-26,2205,95,1,95,Shirt,Polo,L,green,68,19,2021-03-01,Young
Nathanil Runchman,Non-binary,23,South Hannahstad,Victoria,2021-03-07,2021-03-26,2206,98,1,98,Shirt,Camp Collared,L,red,52,19,2021-03-01,Young
Nathanil Runchman,Non-binary,23,South Hannahstad,Victoria,2021-02-26,2021-02-27,4384,96,1,96,Shirt,Oxford Cloth,S,orange,72,1,2021-02-01,Young
Nathanil Runchman,Non-binary,23,South Hannahstad,Victoria,2021-02-26,2021-02-27,4385,112,2,224,Jacket,Cardigan,M,yellow,64,1,2021-02-01,Young
Nathanil Runchman,Non-binary,23,South Hannahstad,Victoria,2021-02-26,2021-02-27,4386,118,3,354,Shirt,Flannel,XL,red,72,1,2021-02-01,Young
Glyn Tieman,Polygender,63,Georgiatown,Western Australia,2021-03-19,2021-03-29,3790,113,1,113,Trousers,Chinos,XL,green,50,10,2021-03-01,Senior
Glyn Tieman,Polygender,63,Georgiatown,Western Australia,2021-03-19,2021-03-29,3791,112,1,112,Trousers,Tracksuit Bottoms,M,violet,73,10,2021-03-01,Senior
Glyn Tieman,Polygender,63,Georgiatown,Western Australia,2021-03-19,2021-03-29,3792,118,1,118,Jacket,Puffer,XS,green,41,10,2021-03-01,Senior
Crawford Bolden,Polygender,41,North Kaylastad,Australian Capital Territory,2021-08-08,2021-09-01,707,91,1,91,Jacket,Pullover,M,red,55,24,2021-08-01,Middle Aged
Crawford Bolden,Polygender,41,North Kaylastad,Australian Capital Territory,2021-08-08,2021-09-01,708,113,2,226,Trousers,Chinos,M,red,54,24,2021-08-01,Middle Aged
Crawford Bolden,Polygender,41,North Kaylastad,Australian Capital Territory,2021-08-08,2021-09-01,709,105,3,315,Shirt,Cuban Collar,M,orange,49,24,2021-08-01,Middle Aged
Crawford Bolden,Polygender,41,North Kaylastad,Australian Capital Territory,2021-08-08,2021-09-01,710,106,1,106,Trousers,Wool,M,yellow,43,24,2021-08-01,Middle Aged
Carlynn McCabe,Male,59,New Angelina,South Australia,2021-09-17,2021-10-06,1683,117,1,117,Jacket,Shearling,XS,indigo,68,19,2021-09-01,Senior
Carlynn McCabe,Male,59,New Angelina,South Australia,2021-09-17,2021-10-06,1684,94,2,188,Shirt,Henley,L,indigo,44,19,2021-09-01,Senior
Carlynn McCabe,Male,59,New Angelina,South Australia,2021-09-17,2021-10-06,1685,109,3,327,Jacket,Peacoat,S,blue,50,19,2021-09-01,Senior
Angelle Huby,Genderfluid,57,Port Jettshire,Western Australia,2021-07-07,2021-07-27,2207,100,3,300,Jacket,Bomber,S,red,74,20,2021-07-01,Senior
Angelle Huby,Genderfluid,57,Port Jettshire,Western Australia,2021-07-07,2021-07-27,2208,115,2,230,Trousers,Cropped,S,yellow,65,20,2021-07-01,Senior
Kristel Klaaassen,Female,57,East Matthewville,New South Wales,2021-01-02,2021-01-15,3224,97,2,194,Trousers,Slim-Fit,XS,violet,70,13,2021-01-01,Senior
Kristel Klaaassen,Female,57,East Matthewville,New South Wales,2021-01-02,2021-01-15,3225,100,1,100,Jacket,Bomber,XL,green,79,13,2021-01-01,Senior
Kristel Klaaassen,Female,57,East Matthewville,New South Wales,2021-01-02,2021-01-15,3226,91,1,91,Shirt,Linen,S,green,58,13,2021-01-01,Senior
Kristel Klaaassen,Female,57,East Matthewville,New South Wales,2021-01-02,2021-01-15,3227,97,1,97,Trousers,Slim-Fit,L,orange,66,13,2021-01-01,Senior
Kristel Klaaassen,Female,57,East Matthewville,New South Wales,2021-01-02,2021-01-15,3228,97,1,97,Trousers,Slim-Fit,S,orange,55,13,2021-01-01,Senior
Kristel Klaaassen,Female,57,East Matthewville,New South Wales,2021-01-02,2021-01-15,3229,119,2,238,Shirt,Casual Slim Fit,M,blue,61,13,2021-01-01,Senior
Kristel Klaaassen,Female,57,East Matthewville,New South Wales,2021-01-02,2021-01-15,3230,105,3,315,Trousers,Pleated,XS,green,58,13,2021-01-01,Senior
Randell Shorte,Polygender,25,North Lachlanfurt,South Australia,2021-01-11,2021-01-26,3182,105,3,315,Trousers,Pleated,M,violet,45,15,2021-01-01,Young
Randell Shorte,Polygender,25,North Lachlanfurt,South Australia,2021-01-11,2021-01-26,3183,118,2,236,Shirt,Flannel,S,indigo,74,15,2021-01-01,Young
Randell Shorte,Polygender,25,North Lachlanfurt,South Australia,2021-01-11,2021-01-26,3184,96,3,288,Trousers,Drawstring,M,violet,73,15,2021-01-01,Young
Randell Shorte,Polygender,25,North Lachlanfurt,South Australia,2021-01-11,2021-01-26,3185,105,2,210,Trousers,Pleated,S,yellow,71,15,2021-01-01,Young
Randell Shorte,Polygender,25,North Lachlanfurt,South Australia,2021-01-11,2021-01-26,3186,96,2,192,Trousers,Drawstring,XS,indigo,61,15,2021-01-01,Young
Randell Shorte,Polygender,25,North Lachlanfurt,South Australia,2021-01-11,2021-01-26,3187,107,1,107,Jacket,Denim,L,blue,42,15,2021-01-01,Young
Randell Shorte,Polygender,25,North Lachlanfurt,South Australia,2021-01-11,2021-01-26,3188,109,2,218,Jacket,Peacoat,XS,blue,48,15,2021-01-01,Young
Randell Shorte,Polygender,25,North Lachlanfurt,South Australia,2021-01-11,2021-01-26,3189,102,1,102,Jacket,Windbreaker,S,orange,55,15,2021-01-01,Young
Randell Shorte,Polygender,25,North Lachlanfurt,South Australia,2021-01-11,2021-01-26,3190,113,1,113,Jacket,Parka,S,orange,72,15,2021-01-01,Young
Thomasine Baudet,Female,60,Ameliaview,South Australia,2021-06-26,2021-07-18,799,90,2,180,Trousers,Relaxed Leg,XS,blue,54,22,2021-06-01,Senior
Thomasine Baudet,Female,60,Ameliaview,South Australia,2021-06-26,2021-07-18,800,96,1,96,Trousers,Drawstring,XS,blue,45,22,2021-06-01,Senior
Thomasine Baudet,Female,60,Ameliaview,South Australia,2021-06-26,2021-07-18,801,106,1,106,Shirt,Chambray,M,orange,43,22,2021-06-01,Senior
Thomasine Baudet,Female,60,Ameliaview,South Australia,2021-06-26,2021-07-18,802,92,2,184,Shirt,Denim,XL,indigo,58,22,2021-06-01,Senior
Waylen Swallwell,Non-binary,73,Sarahstad,Western Australia,2021-07-22,2021-08-17,1166,119,2,238,Shirt,Casual Slim Fit,XS,green,69,26,2021-07-01,Senior
Waylen Swallwell,Non-binary,73,Sarahstad,Western Australia,2021-07-22,2021-08-17,1167,93,2,186,Trousers,Joggers,S,red,71,26,2021-07-01,Senior
Waylen Swallwell,Non-binary,73,Sarahstad,Western Australia,2021-07-22,2021-08-17,1168,109,2,218,Shirt,Mandarin Collar,L,green,67,26,2021-07-01,Senior
Jaymee Dalrymple,Male,23,New George,New South Wales,2021-03-26,2021-03-30,2209,98,3,294,Shirt,Camp Collared,S,indigo,50,4,2021-03-01,Young
Jaymee Dalrymple,Male,23,New George,New South Wales,2021-03-26,2021-03-30,2210,96,3,288,Trousers,Drawstring,M,blue,41,4,2021-03-01,Young
Jaymee Dalrymple,Male,23,New George,New South Wales,2021-03-26,2021-03-30,2211,96,2,192,Shirt,Oxford Cloth,L,violet,73,4,2021-03-01,Young
Jaymee Dalrymple,Male,23,New George,New South Wales,2021-03-26,2021-03-30,2212,98,3,294,Jacket,Leather,S,green,77,4,2021-03-01,Young
Jaymee Dalrymple,Male,23,New George,New South Wales,2021-03-26,2021-03-30,2213,119,1,119,Jacket,Trench Coat,XS,indigo,56,4,2021-03-01,Young
Morie Woodfield,Bigender,58,Lilystad,Western Australia,2021-09-02,2021-09-09,1177,107,3,321,Jacket,Denim,XL,orange,79,7,2021-09-01,Senior
Morie Woodfield,Bigender,58,Lilystad,Western Australia,2021-09-02,2021-09-09,1178,94,3,282,Trousers,Cords,S,blue,59,7,2021-09-01,Senior
Morie Woodfield,Bigender,58,Lilystad,Western Australia,2021-09-02,2021-09-09,1179,91,1,91,Jacket,Pullover,M,orange,60,7,2021-09-01,Senior
Morie Woodfield,Bigender,58,Lilystad,Western Australia,2021-09-02,2021-09-09,1180,98,2,196,Shirt,Camp Collared,XS,violet,72,7,2021-09-01,Senior
Morie Woodfield,Bigender,58,Lilystad,Western Australia,2021-09-02,2021-09-09,1181,93,3,279,Jacket,Coach,S,blue,47,7,2021-09-01,Senior
Bartel Clemendet,Genderqueer,43,Kiehnfurt,South Australia,2021-08-11,2021-09-01,4264,118,2,236,Shirt,Flannel,L,red,77,21,2021-08-01,Middle Aged
Bartel Clemendet,Genderqueer,43,Kiehnfurt,South Australia,2021-08-11,2021-09-01,4265,93,3,279,Trousers,Joggers,XL,blue,52,21,2021-08-01,Middle Aged
Bartel Clemendet,Genderqueer,43,Kiehnfurt,South Australia,2021-08-11,2021-09-01,4266,106,3,318,Trousers,Wool,L,yellow,46,21,2021-08-01,Middle Aged
Bartel Clemendet,Genderqueer,43,Kiehnfurt,South Australia,2021-08-11,2021-09-01,4267,115,1,115,Trousers,Cropped,M,violet,47,21,2021-08-01,Middle Aged
Bone Perche,Genderqueer,36,Aliceland,Western Australia,2021-01-13,2021-01-20,92,112,2,224,Jacket,Cardigan,S,red,47,7,2021-01-01,Middle Aged
Bone Perche,Genderqueer,36,Aliceland,Western Australia,2021-01-13,2021-01-20,93,118,3,354,Shirt,Flannel,XS,green,55,7,2021-01-01,Middle Aged
Bone Perche,Genderqueer,36,Aliceland,Western Australia,2021-01-13,2021-01-20,94,100,1,100,Jacket,Bomber,S,yellow,64,7,2021-01-01,Middle Aged
Bone Perche,Genderqueer,36,Aliceland,Western Australia,2021-01-13,2021-01-20,95,115,3,345,Trousers,Cropped,XL,indigo,58,7,2021-01-01,Middle Aged
Bone Perche,Genderqueer,36,Aliceland,Western Australia,2021-01-13,2021-01-20,96,102,3,306,Jacket,Windbreaker,XL,blue,59,7,2021-01-01,Middle Aged
Bone Perche,Genderqueer,36,Aliceland,Western Australia,2021-01-13,2021-01-20,97,113,1,113,Jacket,Parka,S,green,62,7,2021-01-01,Middle Aged
Bone Perche,Genderqueer,36,Aliceland,Western Australia,2021-01-13,2021-01-20,98,115,1,115,Trousers,Cropped,XL,indigo,58,7,2021-01-01,Middle Aged
Hew Cardinal,Agender,57,North Ruby,South Australia,2021-07-11,2021-07-14,793,109,1,109,Jacket,Peacoat,L,orange,45,3,2021-07-01,Senior
Hew Cardinal,Agender,57,North Ruby,South Australia,2021-07-11,2021-07-14,794,117,3,351,Jacket,Shearling,M,blue,73,3,2021-07-01,Senior
Hew Cardinal,Agender,57,North Ruby,South Australia,2021-07-11,2021-07-14,795,109,1,109,Jacket,Peacoat,XS,orange,78,3,2021-07-01,Senior
Hew Cardinal,Agender,57,North Ruby,South Australia,2021-07-11,2021-07-14,796,93,2,186,Jacket,Coach,S,violet,74,3,2021-07-01,Senior
Hew Cardinal,Agender,57,North Ruby,South Australia,2021-07-11,2021-07-14,797,106,2,212,Shirt,Chambray,M,orange,43,3,2021-07-01,Senior
Hew Cardinal,Agender,57,North Ruby,South Australia,2021-07-11,2021-07-14,798,107,3,321,Jacket,Denim,XS,yellow,52,3,2021-07-01,Senior
Wilhelm Blaber,Genderfluid,69,Lake Callumville,Queensland,2021-01-10,2021-01-23,2214,115,1,115,Trousers,Cropped,XS,yellow,41,13,2021-01-01,Senior
Wilhelm Blaber,Genderfluid,69,Lake Callumville,Queensland,2021-01-10,2021-01-23,2215,102,2,204,Trousers,Cargo Pants,XL,red,45,13,2021-01-01,Senior
Wilhelm Blaber,Genderfluid,69,Lake Callumville,Queensland,2021-01-10,2021-01-23,2216,96,2,192,Shirt,Oxford Cloth,XL,yellow,50,13,2021-01-01,Senior
Wilhelm Blaber,Genderfluid,69,Lake Callumville,Queensland,2021-01-10,2021-01-23,2217,119,3,357,Jacket,Trench Coat,S,red,54,13,2021-01-01,Senior
Wilhelm Blaber,Genderfluid,69,Lake Callumville,Queensland,2021-01-10,2021-01-23,2218,107,3,321,Jacket,Denim,M,orange,48,13,2021-01-01,Senior
Wilhelm Blaber,Genderfluid,69,Lake Callumville,Queensland,2021-01-10,2021-01-23,2219,119,1,119,Jacket,Trench Coat,XL,green,53,13,2021-01-01,Senior
Gates Torrance,Male,48,Miafort,Australian Capital Territory,2021-03-03,2021-03-20,4178,91,2,182,Jacket,Pullover,L,blue,66,17,2021-03-01,Middle Aged
Gates Torrance,Male,48,Miafort,Australian Capital Territory,2021-03-03,2021-03-20,4179,92,2,184,Shirt,Denim,XS,green,66,17,2021-03-01,Middle Aged
Gates Torrance,Male,48,Miafort,Australian Capital Territory,2021-03-03,2021-03-20,4180,117,2,234,Jacket,Shearling,XL,green,51,17,2021-03-01,Middle Aged
Gates Torrance,Male,48,Miafort,Australian Capital Territory,2021-03-03,2021-03-20,4181,112,1,112,Trousers,Tracksuit Bottoms,L,indigo,50,17,2021-03-01,Middle Aged
Gates Torrance,Male,48,Miafort,Australian Capital Territory,2021-03-03,2021-03-20,4182,106,3,318,Shirt,Chambray,S,violet,52,17,2021-03-01,Middle Aged
Leroi Weal,Polygender,63,Lake Rose,Western Australia,2021-10-13,2021-11-02,1158,99,3,297,Trousers,High-Waisted,M,blue,52,20,2021-10-01,Senior
Leroi Weal,Polygender,63,Lake Rose,Western Australia,2021-10-13,2021-11-02,1159,107,3,321,Jacket,Denim,XS,indigo,75,20,2021-10-01,Senior
Wilhelm Blaber,Genderfluid,69,Lake Callumville,Queensland,2021-01-27,2021-01-29,3897,94,1,94,Trousers,Cords,M,indigo,52,2,2021-01-01,Senior
Wilhelm Blaber,Genderfluid,69,Lake Callumville,Queensland,2021-01-27,2021-01-29,3898,105,2,210,Shirt,Cuban Collar,XS,green,63,2,2021-01-01,Senior
Wilhelm Blaber,Genderfluid,69,Lake Callumville,Queensland,2021-01-27,2021-01-29,3899,96,1,96,Shirt,Oxford Cloth,S,blue,51,2,2021-01-01,Senior
Wilhelm Blaber,Genderfluid,69,Lake Callumville,Queensland,2021-01-27,2021-01-29,3900,112,3,336,Trousers,Tracksuit Bottoms,XL,blue,68,2,2021-01-01,Senior
Wilhelm Blaber,Genderfluid,69,Lake Callumville,Queensland,2021-01-27,2021-01-29,3901,91,1,91,Shirt,Linen,XS,indigo,70,2,2021-01-01,Senior
Wilhelm Blaber,Genderfluid,69,Lake Callumville,Queensland,2021-01-27,2021-01-29,3902,105,1,105,Trousers,Pleated,M,indigo,48,2,2021-01-01,Senior
Wilhelm Blaber,Genderfluid,69,Lake Callumville,Queensland,2021-01-27,2021-01-29,3903,119,1,119,Shirt,Casual Slim Fit,M,green,67,2,2021-01-01,Senior
Wilhelm Blaber,Genderfluid,69,Lake Callumville,Queensland,2021-04-25,2021-05-07,4370,119,1,119,Shirt,Casual Slim Fit,L,violet,65,12,2021-04-01,Senior
Wilhelm Blaber,Genderfluid,69,Lake Callumville,Queensland,2021-04-25,2021-05-07,4371,107,1,107,Jacket,Denim,XS,blue,49,12,2021-04-01,Senior
Wilhelm Blaber,Genderfluid,69,Lake Callumville,Queensland,2021-04-25,2021-05-07,4372,107,1,107,Jacket,Denim,XL,orange,79,12,2021-04-01,Senior
Wilhelm Blaber,Genderfluid,69,Lake Callumville,Queensland,2021-04-25,2021-05-07,4373,119,2,238,Jacket,Trench Coat,S,violet,69,12,2021-04-01,Senior
Wilhelm Blaber,Genderfluid,69,Lake Callumville,Queensland,2021-04-25,2021-05-07,4374,102,1,102,Trousers,Cargo Pants,S,orange,60,12,2021-04-01,Senior
Candis Roswarne,Non-binary,46,West Michaelport,Tasmania,2021-07-31,2021-08-27,1213,91,1,91,Jacket,Pullover,XS,blue,61,27,2021-07-01,Middle Aged
Candis Roswarne,Non-binary,46,West Michaelport,Tasmania,2021-07-31,2021-08-27,1214,98,3,294,Jacket,Leather,S,indigo,40,27,2021-07-01,Middle Aged
Candis Roswarne,Non-binary,46,West Michaelport,Tasmania,2021-07-31,2021-08-27,1215,90,2,180,Trousers,Relaxed Leg,XS,red,52,27,2021-07-01,Middle Aged
Candis Roswarne,Non-binary,46,West Michaelport,Tasmania,2021-07-31,2021-08-27,1216,96,3,288,Shirt,Oxford Cloth,S,indigo,59,27,2021-07-01,Middle Aged
Darrelle Padson,Polygender,67,Violetborough,Victoria,2021-08-20,2021-08-31,2220,90,2,180,Trousers,Relaxed Leg,XS,green,80,11,2021-08-01,Senior
Darrelle Padson,Polygender,67,Violetborough,Victoria,2021-08-20,2021-08-31,2221,92,2,184,Shirt,Denim,S,violet,54,11,2021-08-01,Senior
Darrelle Padson,Polygender,67,Violetborough,Victoria,2021-08-20,2021-08-31,2222,118,2,236,Shirt,Flannel,XS,indigo,46,11,2021-08-01,Senior
Wadsworth Olivier,Non-binary,59,North Elijahshire,Western Australia,2021-10-16,2021-10-31,4734,93,3,279,Trousers,Joggers,L,blue,75,15,2021-10-01,Senior
Wadsworth Olivier,Non-binary,59,North Elijahshire,Western Australia,2021-10-16,2021-10-31,4735,102,3,306,Trousers,Cargo Pants,M,green,78,15,2021-10-01,Senior
Wadsworth Olivier,Non-binary,59,North Elijahshire,Western Australia,2021-10-16,2021-10-31,4736,91,3,273,Shirt,Linen,XS,violet,56,15,2021-10-01,Senior
Ellyn Collacombe,Male,73,Adamsside,Tasmania,2021-08-29,2021-08-30,3633,106,1,106,Shirt,Chambray,XL,blue,43,1,2021-08-01,Senior
Ellyn Collacombe,Male,73,Adamsside,Tasmania,2021-08-29,2021-08-30,3634,96,3,288,Shirt,Oxford Cloth,XL,orange,43,1,2021-08-01,Senior
Ellyn Collacombe,Male,73,Adamsside,Tasmania,2021-08-29,2021-08-30,3635,115,1,115,Trousers,Cropped,XL,blue,51,1,2021-08-01,Senior
Ellyn Collacombe,Male,73,Adamsside,Tasmania,2021-08-29,2021-08-30,3636,104,3,312,Shirt,Dress,L,red,79,1,2021-08-01,Senior
Ellyn Collacombe,Male,73,Adamsside,Tasmania,2021-08-29,2021-08-30,3637,112,1,112,Jacket,Cardigan,L,red,41,1,2021-08-01,Senior
Ellyn Collacombe,Male,73,Adamsside,Tasmania,2021-08-29,2021-08-30,3638,102,1,102,Trousers,Cargo Pants,XS,violet,40,1,2021-08-01,Senior
Brodie Hedin,Genderqueer,43,South Hannah,Tasmania,2021-09-13,2021-09-25,443,112,2,224,Trousers,Tracksuit Bottoms,L,yellow,41,12,2021-09-01,Middle Aged
Brodie Hedin,Genderqueer,43,South Hannah,Tasmania,2021-09-13,2021-09-25,444,91,3,273,Shirt,Linen,XL,green,51,12,2021-09-01,Middle Aged
Brodie Hedin,Genderqueer,43,South Hannah,Tasmania,2021-09-13,2021-09-25,445,96,1,96,Shirt,Oxford Cloth,S,indigo,59,12,2021-09-01,Middle Aged
Brodie Hedin,Genderqueer,43,South Hannah,Tasmania,2021-09-13,2021-09-25,446,118,2,236,Jacket,Puffer,XS,violet,74,12,2021-09-01,Middle Aged
Brodie Hedin,Genderqueer,43,South Hannah,Tasmania,2021-09-13,2021-09-25,447,94,2,188,Shirt,Henley,L,red,62,12,2021-09-01,Middle Aged
Jaquelyn Dow,Genderfluid,38,New Emmastad,South Australia,2021-04-30,2021-05-05,2227,95,3,285,Shirt,Polo,M,violet,77,5,2021-04-01,Middle Aged
Jaquelyn Dow,Genderfluid,38,New Emmastad,South Australia,2021-04-30,2021-05-05,2228,97,1,97,Trousers,Slim-Fit,XS,yellow,59,5,2021-04-01,Middle Aged
Jaquelyn Dow,Genderfluid,38,New Emmastad,South Australia,2021-04-30,2021-05-05,2229,105,3,315,Shirt,Cuban Collar,S,indigo,41,5,2021-04-01,Middle Aged
Jaquelyn Dow,Genderfluid,38,New Emmastad,South Australia,2021-04-30,2021-05-05,2230,117,1,117,Jacket,Shearling,M,violet,74,5,2021-04-01,Middle Aged
Jaquelyn Dow,Genderfluid,38,New Emmastad,South Australia,2021-04-30,2021-05-05,2231,102,1,102,Jacket,Windbreaker,M,indigo,56,5,2021-04-01,Middle Aged
Jaquelyn Dow,Genderfluid,38,New Emmastad,South Australia,2021-04-30,2021-05-05,2232,106,3,318,Shirt,Chambray,S,orange,69,5,2021-04-01,Middle Aged
Annabella Devote,Genderfluid,75,Sanfordborough,South Australia,2021-08-30,2021-09-24,0,106,2,212,Shirt,Chambray,L,orange,44,25,2021-08-01,Senior
Annabella Devote,Genderfluid,75,Sanfordborough,South Australia,2021-08-30,2021-09-24,1,118,1,118,Jacket,Puffer,S,indigo,62,25,2021-08-01,Senior
Annabella Devote,Genderfluid,75,Sanfordborough,South Australia,2021-08-30,2021-09-24,2,96,3,288,Shirt,Oxford Cloth,M,red,54,25,2021-08-01,Senior
Annabella Devote,Genderfluid,75,Sanfordborough,South Australia,2021-08-30,2021-09-24,3,106,2,212,Trousers,Wool,M,blue,52,25,2021-08-01,Senior
Annabella Devote,Genderfluid,75,Sanfordborough,South Australia,2021-08-30,2021-09-24,4,113,3,339,Jacket,Parka,S,indigo,53,25,2021-08-01,Senior
Annabella Devote,Genderfluid,75,Sanfordborough,South Australia,2021-08-30,2021-09-24,5,106,3,318,Trousers,Wool,S,red,65,25,2021-08-01,Senior
Jaquelyn Dow,Genderfluid,38,New Emmastad,South Australia,2021-09-11,2021-09-27,2506,117,2,234,Jacket,Shearling,M,green,59,16,2021-09-01,Middle Aged
Jaquelyn Dow,Genderfluid,38,New Emmastad,South Australia,2021-09-11,2021-09-27,2507,117,2,234,Jacket,Shearling,XL,violet,70,16,2021-09-01,Middle Aged
Jaquelyn Dow,Genderfluid,38,New Emmastad,South Australia,2021-09-11,2021-09-27,2508,90,2,180,Trousers,Relaxed Leg,XL,yellow,54,16,2021-09-01,Middle Aged
Jaquelyn Dow,Genderfluid,38,New Emmastad,South Australia,2021-09-11,2021-09-27,2509,109,2,218,Jacket,Peacoat,M,blue,71,16,2021-09-01,Middle Aged
Jaquelyn Dow,Genderfluid,38,New Emmastad,South Australia,2021-09-11,2021-09-27,2510,93,3,279,Trousers,Joggers,L,indigo,42,16,2021-09-01,Middle Aged
Jaquelyn Dow,Genderfluid,38,New Emmastad,South Australia,2021-10-19,2021-11-12,3025,93,3,279,Trousers,Joggers,L,red,63,24,2021-10-01,Middle Aged
Jaquelyn Dow,Genderfluid,38,New Emmastad,South Australia,2021-10-19,2021-11-12,3026,118,2,236,Jacket,Puffer,L,green,43,24,2021-10-01,Middle Aged
Jaquelyn Dow,Genderfluid,38,New Emmastad,South Australia,2021-10-19,2021-11-12,3027,99,3,297,Trousers,High-Waisted,XS,red,74,24,2021-10-01,Middle Aged
Jaquelyn Dow,Genderfluid,38,New Emmastad,South Australia,2021-10-19,2021-11-12,3028,94,2,188,Trousers,Cords,S,yellow,68,24,2021-10-01,Middle Aged
Jaquelyn Dow,Genderfluid,38,New Emmastad,South Australia,2021-10-19,2021-11-12,3029,106,1,106,Trousers,Wool,XL,yellow,72,24,2021-10-01,Middle Aged
Yardley Dreamer,Female,22,Jordanborough,Tasmania,2021-10-09,2021-10-22,2237,91,1,91,Jacket,Pullover,M,indigo,72,13,2021-10-01,Young
Yardley Dreamer,Female,22,Jordanborough,Tasmania,2021-10-09,2021-10-22,2238,98,1,98,Jacket,Leather,S,red,80,13,2021-10-01,Young
Kayley Brosoli,Non-binary,52,South Evaport,Northern Territory,2021-08-22,2021-09-04,167,113,1,113,Jacket,Parka,XS,yellow,63,13,2021-08-01,Middle Aged
Kayley Brosoli,Non-binary,52,South Evaport,Northern Territory,2021-08-22,2021-09-04,168,93,3,279,Jacket,Coach,S,orange,55,13,2021-08-01,Middle Aged
Kayley Brosoli,Non-binary,52,South Evaport,Northern Territory,2021-08-22,2021-09-04,169,104,2,208,Shirt,Dress,M,red,57,13,2021-08-01,Middle Aged
Kayley Brosoli,Non-binary,52,South Evaport,Northern Territory,2021-08-22,2021-09-04,170,117,2,234,Jacket,Shearling,S,indigo,45,13,2021-08-01,Middle Aged
Kayley Brosoli,Non-binary,52,South Evaport,Northern Territory,2021-08-22,2021-09-04,171,109,2,218,Jacket,Peacoat,M,red,59,13,2021-08-01,Middle Aged
Kayley Brosoli,Non-binary,52,South Evaport,Northern Territory,2021-08-22,2021-09-04,172,98,1,98,Shirt,Camp Collared,L,indigo,72,13,2021-08-01,Middle Aged
Lindy Saltrese,Non-binary,31,North Matthewfort,Northern Territory,2021-10-20,2021-11-10,2081,106,3,318,Trousers,Wool,XL,orange,56,21,2021-10-01,Young
Lindy Saltrese,Non-binary,31,North Matthewfort,Northern Territory,2021-10-20,2021-11-10,2082,102,2,204,Trousers,Cargo Pants,XS,green,63,21,2021-10-01,Young
Lindy Saltrese,Non-binary,31,North Matthewfort,Northern Territory,2021-10-20,2021-11-10,2083,113,2,226,Jacket,Parka,XL,red,64,21,2021-10-01,Young
Lindy Saltrese,Non-binary,31,North Matthewfort,Northern Territory,2021-10-20,2021-11-10,2084,113,3,339,Jacket,Parka,S,indigo,53,21,2021-10-01,Young
Lindy Saltrese,Non-binary,31,North Matthewfort,Northern Territory,2021-10-20,2021-11-10,2085,100,2,200,Jacket,Bomber,S,blue,50,21,2021-10-01,Young
Lindy Saltrese,Non-binary,31,North Matthewfort,Northern Territory,2021-10-20,2021-11-10,2086,96,2,192,Shirt,Oxford Cloth,XL,violet,54,21,2021-10-01,Young
Thomasine Baudet,Female,60,Ameliaview,South Australia,2021-04-28,2021-05-20,4651,97,3,291,Trousers,Slim-Fit,L,yellow,64,22,2021-04-01,Senior
Thomasine Baudet,Female,60,Ameliaview,South Australia,2021-04-28,2021-05-20,4652,90,2,180,Trousers,Relaxed Leg,XS,yellow,44,22,2021-04-01,Senior
Thomasine Baudet,Female,60,Ameliaview,South Australia,2021-04-28,2021-05-20,4653,119,2,238,Shirt,Casual Slim Fit,XS,violet,55,22,2021-04-01,Senior
Thomasine Baudet,Female,60,Ameliaview,South Australia,2021-04-28,2021-05-20,4654,117,3,351,Jacket,Shearling,L,violet,61,22,2021-04-01,Senior
Thomasine Baudet,Female,60,Ameliaview,South Australia,2021-04-28,2021-05-20,4655,113,1,113,Jacket,Parka,M,blue,54,22,2021-04-01,Senior
Yardley Dreamer,Female,22,Jordanborough,Tasmania,2021-04-11,2021-05-06,3784,102,3,306,Trousers,Cargo Pants,XS,green,63,25,2021-04-01,Young
Yardley Dreamer,Female,22,Jordanborough,Tasmania,2021-04-11,2021-05-06,3785,105,3,315,Shirt,Cuban Collar,S,violet,43,25,2021-04-01,Young
Yardley Dreamer,Female,22,Jordanborough,Tasmania,2021-04-11,2021-05-06,3786,117,3,351,Jacket,Shearling,M,green,59,25,2021-04-01,Young
Yardley Dreamer,Female,22,Jordanborough,Tasmania,2021-04-11,2021-05-06,3787,91,2,182,Jacket,Pullover,M,red,55,25,2021-04-01,Young
Yardley Dreamer,Female,22,Jordanborough,Tasmania,2021-04-11,2021-05-06,3788,96,2,192,Shirt,Oxford Cloth,M,blue,57,25,2021-04-01,Young
Yardley Dreamer,Female,22,Jordanborough,Tasmania,2021-04-11,2021-05-06,3789,104,1,104,Shirt,Dress,XL,violet,77,25,2021-04-01,Young
Jarrett Brumby,Polygender,54,Lake Nicholasfurt,Western Australia,2021-08-04,2021-08-09,2034,93,1,93,Jacket,Coach,XS,violet,58,5,2021-08-01,Middle Aged
Jarrett Brumby,Polygender,54,Lake Nicholasfurt,Western Australia,2021-08-04,2021-08-09,2035,90,1,90,Trousers,Relaxed Leg,XL,violet,42,5,2021-08-01,Middle Aged
Gerri McCarle,Female,54,Cameronport,South Australia,2021-03-26,2021-04-18,1821,119,2,238,Jacket,Trench Coat,XL,indigo,64,23,2021-03-01,Middle Aged
Gerri McCarle,Female,54,Cameronport,South Australia,2021-03-26,2021-04-18,1822,94,1,94,Shirt,Henley,XS,violet,50,23,2021-03-01,Middle Aged
Gerri McCarle,Female,54,Cameronport,South Australia,2021-03-26,2021-04-18,1823,90,3,270,Trousers,Relaxed Leg,L,green,62,23,2021-03-01,Middle Aged
Gerri McCarle,Female,54,Cameronport,South Australia,2021-03-26,2021-04-18,1824,109,2,218,Jacket,Peacoat,XL,yellow,53,23,2021-03-01,Middle Aged
Yardley Dreamer,Female,22,Jordanborough,Tasmania,2021-02-08,2021-02-18,4622,107,2,214,Jacket,Denim,S,orange,51,10,2021-02-01,Young
Yardley Dreamer,Female,22,Jordanborough,Tasmania,2021-02-08,2021-02-18,4623,118,2,236,Jacket,Puffer,XL,yellow,65,10,2021-02-01,Young
Yardley Dreamer,Female,22,Jordanborough,Tasmania,2021-02-08,2021-02-18,4624,117,1,117,Jacket,Shearling,XL,violet,70,10,2021-02-01,Young
Yardley Dreamer,Female,22,Jordanborough,Tasmania,2021-02-08,2021-02-18,4625,117,2,234,Jacket,Shearling,XS,orange,54,10,2021-02-01,Young
Yardley Dreamer,Female,22,Jordanborough,Tasmania,2021-02-08,2021-02-18,4626,113,1,113,Trousers,Chinos,XS,indigo,61,10,2021-02-01,Young
Yardley Dreamer,Female,22,Jordanborough,Tasmania,2021-02-08,2021-02-18,4627,93,1,93,Jacket,Coach,S,violet,74,10,2021-02-01,Young
Yardley Dreamer,Female,22,Jordanborough,Tasmania,2021-02-08,2021-02-18,4628,102,3,306,Trousers,Cargo Pants,L,indigo,46,10,2021-02-01,Young
Andrew Renn,Bigender,63,Port Natalie,Victoria,2021-10-06,2021-10-29,238,102,3,306,Jacket,Windbreaker,S,red,54,23,2021-10-01,Senior
Andrew Renn,Bigender,63,Port Natalie,Victoria,2021-10-06,2021-10-29,239,115,3,345,Trousers,Cropped,S,green,71,23,2021-10-01,Senior
Andrew Renn,Bigender,63,Port Natalie,Victoria,2021-10-06,2021-10-29,240,102,1,102,Trousers,Cargo Pants,S,blue,63,23,2021-10-01,Senior
Andrew Renn,Bigender,63,Port Natalie,Victoria,2021-10-06,2021-10-29,241,96,2,192,Shirt,Oxford Cloth,XL,yellow,50,23,2021-10-01,Senior
Tomaso Mullin,Genderqueer,25,New Ava,Queensland,2021-06-07,2021-06-30,3995,96,3,288,Shirt,Oxford Cloth,S,yellow,78,23,2021-06-01,Young
Tomaso Mullin,Genderqueer,25,New Ava,Queensland,2021-06-07,2021-06-30,3996,117,2,234,Jacket,Shearling,XS,indigo,68,23,2021-06-01,Young
Mady Greenleaf,Genderfluid,61,South Chelseaton,Australian Capital Territory,2021-09-08,2021-10-05,1079,94,3,282,Trousers,Cords,L,violet,74,27,2021-09-01,Senior
Mady Greenleaf,Genderfluid,61,South Chelseaton,Australian Capital Territory,2021-09-08,2021-10-05,1080,91,2,182,Jacket,Pullover,S,indigo,44,27,2021-09-01,Senior
Mady Greenleaf,Genderfluid,61,South Chelseaton,Australian Capital Territory,2021-09-08,2021-10-05,1081,102,3,306,Jacket,Windbreaker,XS,red,79,27,2021-09-01,Senior
Bone Perche,Genderqueer,36,Aliceland,Western Australia,2021-01-05,2021-01-21,4529,102,2,204,Jacket,Windbreaker,S,indigo,62,16,2021-01-01,Middle Aged
Bone Perche,Genderqueer,36,Aliceland,Western Australia,2021-01-05,2021-01-21,4530,92,1,92,Shirt,Denim,S,green,49,16,2021-01-01,Middle Aged
Bone Perche,Genderqueer,36,Aliceland,Western Australia,2021-01-05,2021-01-21,4531,93,2,186,Jacket,Coach,S,blue,47,16,2021-01-01,Middle Aged
Bone Perche,Genderqueer,36,Aliceland,Western Australia,2021-01-05,2021-01-21,4532,106,2,212,Trousers,Wool,M,yellow,43,16,2021-01-01,Middle Aged
Bone Perche,Genderqueer,36,Aliceland,Western Australia,2021-01-05,2021-01-21,4533,107,3,321,Jacket,Denim,XS,red,60,16,2021-01-01,Middle Aged
Bone Perche,Genderqueer,36,Aliceland,Western Australia,2021-01-05,2021-01-21,4534,102,1,102,Trousers,Cargo Pants,M,yellow,72,16,2021-01-01,Middle Aged
Leroi Weal,Polygender,63,Lake Rose,Western Australia,2021-03-16,2021-04-10,1298,115,1,115,Trousers,Cropped,M,violet,47,25,2021-03-01,Senior
Leroi Weal,Polygender,63,Lake Rose,Western Australia,2021-03-16,2021-04-10,1299,105,1,105,Trousers,Pleated,XL,violet,65,25,2021-03-01,Senior
Yardley Dreamer,Female,22,Jordanborough,Tasmania,2021-03-30,2021-04-07,4907,113,1,113,Trousers,Chinos,M,blue,41,8,2021-03-01,Young
Yardley Dreamer,Female,22,Jordanborough,Tasmania,2021-03-30,2021-04-07,4908,113,1,113,Jacket,Parka,XL,indigo,78,8,2021-03-01,Young
Yardley Dreamer,Female,22,Jordanborough,Tasmania,2021-03-30,2021-04-07,4909,109,2,218,Shirt,Mandarin Collar,M,red,60,8,2021-03-01,Young
Yardley Dreamer,Female,22,Jordanborough,Tasmania,2021-03-30,2021-04-07,4910,94,3,282,Trousers,Cords,XL,violet,73,8,2021-03-01,Young
Yardley Dreamer,Female,22,Jordanborough,Tasmania,2021-03-30,2021-04-07,4911,112,1,112,Trousers,Tracksuit Bottoms,L,red,43,8,2021-03-01,Young
Yardley Dreamer,Female,22,Jordanborough,Tasmania,2021-03-30,2021-04-07,4912,93,2,186,Jacket,Coach,XL,indigo,67,8,2021-03-01,Young
Selestina Dauber,Polygender,44,Port Aliview,Western Australia,2021-10-21,2021-11-13,1246,113,1,113,Trousers,Chinos,S,blue,51,23,2021-10-01,Middle Aged
Selestina Dauber,Polygender,44,Port Aliview,Western Australia,2021-10-21,2021-11-13,1247,113,1,113,Jacket,Parka,XL,red,64,23,2021-10-01,Middle Aged
Selestina Dauber,Polygender,44,Port Aliview,Western Australia,2021-10-21,2021-11-13,1248,104,2,208,Shirt,Dress,XS,violet,63,23,2021-10-01,Middle Aged
Selestina Dauber,Polygender,44,Port Aliview,Western Australia,2021-10-21,2021-11-13,1249,104,1,104,Shirt,Dress,XS,red,63,23,2021-10-01,Middle Aged
Selestina Dauber,Polygender,44,Port Aliview,Western Australia,2021-10-21,2021-11-13,1250,113,2,226,Trousers,Chinos,L,red,44,23,2021-10-01,Middle Aged
Selestina Dauber,Polygender,44,Port Aliview,Western Australia,2021-10-21,2021-11-13,1251,109,3,327,Shirt,Mandarin Collar,L,violet,54,23,2021-10-01,Middle Aged
Etan Peirazzi,Genderqueer,63,West Jessica,Queensland,2021-08-13,2021-08-22,2239,119,1,119,Jacket,Trench Coat,L,indigo,71,9,2021-08-01,Senior
Etan Peirazzi,Genderqueer,63,West Jessica,Queensland,2021-08-13,2021-08-22,2240,105,1,105,Shirt,Cuban Collar,XS,indigo,50,9,2021-08-01,Senior
Gayleen Brookes,Male,46,Port Lily,Australian Capital Territory,2021-09-30,2021-10-24,1639,98,2,196,Jacket,Leather,S,indigo,40,24,2021-09-01,Middle Aged
Gayleen Brookes,Male,46,Port Lily,Australian Capital Territory,2021-09-30,2021-10-24,1640,96,1,96,Shirt,Oxford Cloth,S,orange,72,24,2021-09-01,Middle Aged
Gayleen Brookes,Male,46,Port Lily,Australian Capital Territory,2021-09-30,2021-10-24,1641,91,2,182,Shirt,Linen,XS,red,61,24,2021-09-01,Middle Aged
Camellia Heatherington,Bigender,78,Taylorfurt,New South Wales,2021-08-10,2021-08-27,4289,104,3,312,Shirt,Dress,XS,red,63,17,2021-08-01,Senior
Ellyn Collacombe,Male,73,Adamsside,Tasmania,2021-08-16,2021-09-06,1686,96,2,192,Trousers,Drawstring,L,red,73,21,2021-08-01,Senior
Ellyn Collacombe,Male,73,Adamsside,Tasmania,2021-08-16,2021-09-06,1687,118,3,354,Jacket,Puffer,S,yellow,48,21,2021-08-01,Senior
Nelli Engall,Genderfluid,21,Chasemouth,Western Australia,2021-02-12,2021-02-18,299,104,1,104,Shirt,Dress,XL,indigo,75,6,2021-02-01,Young
Nelli Engall,Genderfluid,21,Chasemouth,Western Australia,2021-02-12,2021-02-18,300,107,2,214,Jacket,Denim,S,green,49,6,2021-02-01,Young
Nelli Engall,Genderfluid,21,Chasemouth,Western Australia,2021-02-12,2021-02-18,301,90,1,90,Trousers,Relaxed Leg,XL,yellow,54,6,2021-02-01,Young
Nelli Engall,Genderfluid,21,Chasemouth,Western Australia,2021-02-12,2021-02-18,302,118,1,118,Shirt,Flannel,L,orange,59,6,2021-02-01,Young
Wren Helgass,Female,59,Port Hannahburgh,Australian Capital Territory,2021-02-10,2021-02-14,2701,102,3,306,Jacket,Windbreaker,M,green,63,4,2021-02-01,Senior
Wren Helgass,Female,59,Port Hannahburgh,Australian Capital Territory,2021-02-10,2021-02-14,2702,97,1,97,Trousers,Slim-Fit,XL,blue,47,4,2021-02-01,Senior
Wren Helgass,Female,59,Port Hannahburgh,Australian Capital Territory,2021-02-10,2021-02-14,2703,90,3,270,Trousers,Relaxed Leg,XS,violet,49,4,2021-02-01,Senior
Wren Helgass,Female,59,Port Hannahburgh,Australian Capital Territory,2021-02-10,2021-02-14,2704,102,2,204,Trousers,Cargo Pants,M,orange,51,4,2021-02-01,Senior
Wren Helgass,Female,59,Port Hannahburgh,Australian Capital Territory,2021-02-10,2021-02-14,2705,96,2,192,Trousers,Drawstring,S,blue,48,4,2021-02-01,Senior
Wren Helgass,Female,59,Port Hannahburgh,Australian Capital Territory,2021-02-10,2021-02-14,2706,117,3,351,Jacket,Shearling,S,green,66,4,2021-02-01,Senior
Benji Vineall,Genderqueer,75,Port Madelineberg,Tasmania,2021-07-05,2021-07-16,1589,92,2,184,Shirt,Denim,M,green,66,11,2021-07-01,Senior
Benji Vineall,Genderqueer,75,Port Madelineberg,Tasmania,2021-07-05,2021-07-16,1590,92,3,276,Shirt,Denim,XS,violet,73,11,2021-07-01,Senior
Benji Vineall,Genderqueer,75,Port Madelineberg,Tasmania,2021-07-05,2021-07-16,1591,93,3,279,Jacket,Coach,M,green,63,11,2021-07-01,Senior
Benji Vineall,Genderqueer,75,Port Madelineberg,Tasmania,2021-07-05,2021-07-16,1592,95,2,190,Shirt,Polo,XL,blue,70,11,2021-07-01,Senior
Benji Vineall,Genderqueer,75,Port Madelineberg,Tasmania,2021-07-05,2021-07-16,1593,109,3,327,Jacket,Peacoat,S,orange,73,11,2021-07-01,Senior
Felice Dumbleton,Genderfluid,24,Harveyville,Australian Capital Territory,2021-07-06,2021-07-15,580,94,2,188,Shirt,Henley,M,red,52,9,2021-07-01,Young
Felice Dumbleton,Genderfluid,24,Harveyville,Australian Capital Territory,2021-07-06,2021-07-15,581,100,1,100,Jacket,Bomber,L,red,50,9,2021-07-01,Young
Felice Dumbleton,Genderfluid,24,Harveyville,Australian Capital Territory,2021-07-06,2021-07-15,582,93,1,93,Jacket,Coach,M,green,63,9,2021-07-01,Young
Felice Dumbleton,Genderfluid,24,Harveyville,Australian Capital Territory,2021-07-06,2021-07-15,583,100,2,200,Jacket,Bomber,M,yellow,71,9,2021-07-01,Young
Felice Dumbleton,Genderfluid,24,Harveyville,Australian Capital Territory,2021-07-06,2021-07-15,584,96,3,288,Shirt,Oxford Cloth,M,violet,65,9,2021-07-01,Young
Felice Dumbleton,Genderfluid,24,Harveyville,Australian Capital Territory,2021-07-06,2021-07-15,585,98,3,294,Shirt,Camp Collared,XS,indigo,64,9,2021-07-01,Young
Felice Dumbleton,Genderfluid,24,Harveyville,Australian Capital Territory,2021-07-06,2021-07-15,586,105,2,210,Trousers,Pleated,XL,orange,69,9,2021-07-01,Young
Felice Dumbleton,Genderfluid,24,Harveyville,Australian Capital Territory,2021-07-06,2021-07-15,587,92,3,276,Shirt,Denim,M,violet,55,9,2021-07-01,Young
Felice Dumbleton,Genderfluid,24,Harveyville,Australian Capital Territory,2021-07-06,2021-07-15,588,93,3,279,Trousers,Joggers,L,orange,49,9,2021-07-01,Young
Felice Dumbleton,Genderfluid,24,Harveyville,Australian Capital Territory,2021-07-06,2021-07-15,589,93,1,93,Jacket,Coach,XS,yellow,52,9,2021-07-01,Young
Etan Peirazzi,Genderqueer,63,West Jessica,Queensland,2021-08-30,2021-09-07,3069,97,2,194,Trousers,Slim-Fit,XS,indigo,74,8,2021-08-01,Senior
Etan Peirazzi,Genderqueer,63,West Jessica,Queensland,2021-08-30,2021-09-07,3070,113,1,113,Jacket,Parka,S,yellow,80,8,2021-08-01,Senior
Etan Peirazzi,Genderqueer,63,West Jessica,Queensland,2021-08-30,2021-09-07,3071,94,1,94,Trousers,Cords,S,red,67,8,2021-08-01,Senior
Etan Peirazzi,Genderqueer,63,West Jessica,Queensland,2021-08-30,2021-09-07,3072,119,3,357,Jacket,Trench Coat,M,violet,61,8,2021-08-01,Senior
Etan Peirazzi,Genderqueer,63,West Jessica,Queensland,2021-08-30,2021-09-07,3073,96,2,192,Shirt,Oxford Cloth,XS,violet,74,8,2021-08-01,Senior
Etan Peirazzi,Genderqueer,63,West Jessica,Queensland,2021-08-30,2021-09-07,3074,113,1,113,Trousers,Chinos,M,orange,73,8,2021-08-01,Senior
Leanna Busson,Female,30,Johnstonhaven,Northern Territory,2021-04-04,2021-04-06,2245,106,3,318,Shirt,Chambray,S,red,72,2,2021-04-01,Young
Leanna Busson,Female,30,Johnstonhaven,Northern Territory,2021-04-04,2021-04-06,2246,91,2,182,Jacket,Pullover,L,yellow,43,2,2021-04-01,Young
Gertrude Harriott,Bigender,68,Amyton,Australian Capital Territory,2021-09-02,2021-09-15,399,102,1,102,Trousers,Cargo Pants,L,orange,78,13,2021-09-01,Senior
Gertrude Harriott,Bigender,68,Amyton,Australian Capital Territory,2021-09-02,2021-09-15,400,94,1,94,Shirt,Henley,S,blue,75,13,2021-09-01,Senior
Gertrude Harriott,Bigender,68,Amyton,Australian Capital Territory,2021-09-02,2021-09-15,401,106,3,318,Shirt,Chambray,XL,yellow,53,13,2021-09-01,Senior
Gertrude Harriott,Bigender,68,Amyton,Australian Capital Territory,2021-09-02,2021-09-15,402,102,3,306,Jacket,Windbreaker,L,orange,68,13,2021-09-01,Senior
Gertrude Harriott,Bigender,68,Amyton,Australian Capital Territory,2021-09-02,2021-09-15,403,90,3,270,Trousers,Relaxed Leg,XS,violet,49,13,2021-09-01,Senior
Herschel Verdey,Female,26,Jacobport,New South Wales,2021-03-11,2021-04-05,145,118,2,236,Jacket,Puffer,XL,indigo,60,25,2021-03-01,Young
Herschel Verdey,Female,26,Jacobport,New South Wales,2021-03-11,2021-04-05,146,93,1,93,Trousers,Joggers,S,blue,50,25,2021-03-01,Young
Herschel Verdey,Female,26,Jacobport,New South Wales,2021-03-11,2021-04-05,147,112,1,112,Trousers,Tracksuit Bottoms,XS,blue,42,25,2021-03-01,Young
Brian Finnes,Genderqueer,25,New Codyville,Victoria,2021-07-16,2021-08-12,3972,105,2,210,Shirt,Cuban Collar,L,red,45,27,2021-07-01,Young
Brian Finnes,Genderqueer,25,New Codyville,Victoria,2021-07-16,2021-08-12,3973,119,1,119,Jacket,Trench Coat,XS,indigo,56,27,2021-07-01,Young
Brian Finnes,Genderqueer,25,New Codyville,Victoria,2021-07-16,2021-08-12,3974,97,2,194,Trousers,Slim-Fit,S,indigo,41,27,2021-07-01,Young
Brian Finnes,Genderqueer,25,New Codyville,Victoria,2021-07-16,2021-08-12,3975,112,3,336,Jacket,Cardigan,S,indigo,61,27,2021-07-01,Young
Brian Finnes,Genderqueer,25,New Codyville,Victoria,2021-07-16,2021-08-12,3976,98,2,196,Shirt,Camp Collared,XS,violet,72,27,2021-07-01,Young
Brian Finnes,Genderqueer,25,New Codyville,Victoria,2021-07-16,2021-08-12,3977,91,1,91,Shirt,Linen,L,green,72,27,2021-07-01,Young
Brian Finnes,Genderqueer,25,New Codyville,Victoria,2021-07-16,2021-08-12,3978,106,2,212,Trousers,Wool,L,indigo,41,27,2021-07-01,Young
Brian Finnes,Genderqueer,25,New Codyville,Victoria,2021-07-16,2021-08-12,3979,118,3,354,Jacket,Puffer,M,blue,60,27,2021-07-01,Young
Brian Finnes,Genderqueer,25,New Codyville,Victoria,2021-07-16,2021-08-12,3980,92,2,184,Shirt,Denim,S,indigo,69,27,2021-07-01,Young
Chancey Iacovozzo,Agender,60,West John,Tasmania,2021-09-30,2021-10-25,1474,102,2,204,Jacket,Windbreaker,L,violet,72,25,2021-09-01,Senior
Nicole Cheel,Genderfluid,48,West Danieltown,Victoria,2021-07-01,2021-07-07,151,118,2,236,Jacket,Puffer,S,violet,46,6,2021-07-01,Middle Aged
Nicole Cheel,Genderfluid,48,West Danieltown,Victoria,2021-07-01,2021-07-07,152,99,3,297,Trousers,High-Waisted,L,green,75,6,2021-07-01,Middle Aged
Nicole Cheel,Genderfluid,48,West Danieltown,Victoria,2021-07-01,2021-07-07,153,109,3,327,Shirt,Mandarin Collar,M,orange,78,6,2021-07-01,Middle Aged
Nicole Cheel,Genderfluid,48,West Danieltown,Victoria,2021-07-01,2021-07-07,154,97,3,291,Trousers,Slim-Fit,XS,yellow,59,6,2021-07-01,Middle Aged
Nicole Cheel,Genderfluid,48,West Danieltown,Victoria,2021-07-01,2021-07-07,155,102,2,204,Jacket,Windbreaker,S,blue,41,6,2021-07-01,Middle Aged
Ondrea Apark,Agender,44,North Riley,Victoria,2021-03-15,2021-04-10,4117,112,1,112,Trousers,Tracksuit Bottoms,XS,green,69,26,2021-03-01,Middle Aged
Ondrea Apark,Agender,44,North Riley,Victoria,2021-03-15,2021-04-10,4118,96,3,288,Trousers,Drawstring,S,blue,48,26,2021-03-01,Middle Aged
Leanna Busson,Female,30,Johnstonhaven,Northern Territory,2021-03-06,2021-04-01,3324,98,2,196,Jacket,Leather,XS,red,67,26,2021-03-01,Young
Leanna Busson,Female,30,Johnstonhaven,Northern Territory,2021-03-06,2021-04-01,3325,91,2,182,Jacket,Pullover,M,blue,44,26,2021-03-01,Young
Leanna Busson,Female,30,Johnstonhaven,Northern Territory,2021-03-06,2021-04-01,3326,98,1,98,Shirt,Camp Collared,XL,red,79,26,2021-03-01,Young
Leanna Busson,Female,30,Johnstonhaven,Northern Territory,2021-03-06,2021-04-01,3327,91,3,273,Jacket,Pullover,XL,green,65,26,2021-03-01,Young
Marthena Matterson,Bigender,36,Goodwinmouth,South Australia,2021-10-17,2021-11-07,725,109,1,109,Shirt,Mandarin Collar,M,violet,76,21,2021-10-01,Middle Aged
Marthena Matterson,Bigender,36,Goodwinmouth,South Australia,2021-10-17,2021-11-07,726,90,1,90,Trousers,Relaxed Leg,L,indigo,48,21,2021-10-01,Middle Aged
Marthena Matterson,Bigender,36,Goodwinmouth,South Australia,2021-10-17,2021-11-07,727,91,1,91,Shirt,Linen,XL,violet,73,21,2021-10-01,Middle Aged
Marthena Matterson,Bigender,36,Goodwinmouth,South Australia,2021-10-17,2021-11-07,728,93,2,186,Jacket,Coach,XS,red,71,21,2021-10-01,Middle Aged
Marthena Matterson,Bigender,36,Goodwinmouth,South Australia,2021-10-17,2021-11-07,729,112,2,224,Jacket,Cardigan,XS,violet,40,21,2021-10-01,Middle Aged
Gareth Bindon,Female,42,West Sebastianfort,Victoria,2021-06-01,2021-06-16,1002,95,1,95,Shirt,Polo,XL,red,76,15,2021-06-01,Middle Aged
Gareth Bindon,Female,42,West Sebastianfort,Victoria,2021-06-01,2021-06-16,1003,104,3,312,Shirt,Dress,S,violet,69,15,2021-06-01,Middle Aged
Gareth Bindon,Female,42,West Sebastianfort,Victoria,2021-06-01,2021-06-16,1004,109,2,218,Shirt,Mandarin Collar,XS,indigo,80,15,2021-06-01,Middle Aged
Gareth Bindon,Female,42,West Sebastianfort,Victoria,2021-06-01,2021-06-16,1005,98,2,196,Jacket,Leather,S,green,77,15,2021-06-01,Middle Aged
Gareth Bindon,Female,42,West Sebastianfort,Victoria,2021-06-01,2021-06-16,1006,96,1,96,Trousers,Drawstring,M,red,70,15,2021-06-01,Middle Aged
Gareth Bindon,Female,42,West Sebastianfort,Victoria,2021-06-01,2021-06-16,1007,98,3,294,Jacket,Leather,L,indigo,79,15,2021-06-01,Middle Aged
Leanna Busson,Female,30,Johnstonhaven,Northern Territory,2021-02-18,2021-03-01,3639,98,3,294,Shirt,Camp Collared,M,blue,65,11,2021-02-01,Young
Leanna Busson,Female,30,Johnstonhaven,Northern Territory,2021-02-18,2021-03-01,3640,98,1,98,Jacket,Leather,L,violet,78,11,2021-02-01,Young
Dare Andrich,Agender,79,East Alex,New South Wales,2021-09-14,2021-09-27,1037,95,3,285,Shirt,Polo,M,green,62,13,2021-09-01,Senior
Dare Andrich,Agender,79,East Alex,New South Wales,2021-09-14,2021-09-27,1038,94,1,94,Trousers,Cords,M,violet,77,13,2021-09-01,Senior
Dare Andrich,Agender,79,East Alex,New South Wales,2021-09-14,2021-09-27,1039,109,3,327,Jacket,Peacoat,XL,blue,77,13,2021-09-01,Senior
Dare Andrich,Agender,79,East Alex,New South Wales,2021-09-14,2021-09-27,1040,106,2,212,Trousers,Wool,M,indigo,56,13,2021-09-01,Senior
Dare Andrich,Agender,79,East Alex,New South Wales,2021-09-14,2021-09-27,1041,109,1,109,Jacket,Peacoat,M,red,59,13,2021-09-01,Senior
Dare Andrich,Agender,79,East Alex,New South Wales,2021-09-14,2021-09-27,1042,104,1,104,Shirt,Dress,XS,blue,41,13,2021-09-01,Senior
Dare Andrich,Agender,79,East Alex,New South Wales,2021-09-14,2021-09-27,1043,102,3,306,Jacket,Windbreaker,M,violet,64,13,2021-09-01,Senior
Denice Ledrane,Bigender,32,New Beaumouth,Australian Capital Territory,2021-10-14,2021-11-08,1029,115,3,345,Trousers,Cropped,M,red,50,25,2021-10-01,Young
Denice Ledrane,Bigender,32,New Beaumouth,Australian Capital Territory,2021-10-14,2021-11-08,1030,109,3,327,Shirt,Mandarin Collar,M,red,60,25,2021-10-01,Young
Denice Ledrane,Bigender,32,New Beaumouth,Australian Capital Territory,2021-10-14,2021-11-08,1031,112,1,112,Jacket,Cardigan,M,violet,75,25,2021-10-01,Young
Denice Ledrane,Bigender,32,New Beaumouth,Australian Capital Territory,2021-10-14,2021-11-08,1032,102,2,204,Jacket,Windbreaker,M,indigo,56,25,2021-10-01,Young
Denice Ledrane,Bigender,32,New Beaumouth,Australian Capital Territory,2021-10-14,2021-11-08,1033,99,1,99,Trousers,High-Waisted,XL,green,78,25,2021-10-01,Young
Denice Ledrane,Bigender,32,New Beaumouth,Australian Capital Territory,2021-10-14,2021-11-08,1034,94,3,282,Shirt,Henley,M,yellow,71,25,2021-10-01,Young
Denice Ledrane,Bigender,32,New Beaumouth,Australian Capital Territory,2021-10-14,2021-11-08,1035,91,2,182,Shirt,Linen,M,violet,44,25,2021-10-01,Young
Denice Ledrane,Bigender,32,New Beaumouth,Australian Capital Territory,2021-10-14,2021-11-08,1036,106,1,106,Trousers,Wool,S,indigo,45,25,2021-10-01,Young
Emmalee Camin,Bigender,39,South Alexview,South Australia,2021-02-12,2021-03-02,1241,97,2,194,Trousers,Slim-Fit,S,violet,46,18,2021-02-01,Middle Aged
Emmalee Camin,Bigender,39,South Alexview,South Australia,2021-02-12,2021-03-02,1242,102,2,204,Trousers,Cargo Pants,XL,red,45,18,2021-02-01,Middle Aged
Emmalee Camin,Bigender,39,South Alexview,South Australia,2021-02-12,2021-03-02,1243,104,1,104,Shirt,Dress,S,indigo,40,18,2021-02-01,Middle Aged
Emmalee Camin,Bigender,39,South Alexview,South Australia,2021-02-12,2021-03-02,1244,97,2,194,Trousers,Slim-Fit,M,orange,44,18,2021-02-01,Middle Aged
Emmalee Camin,Bigender,39,South Alexview,South Australia,2021-02-12,2021-03-02,1245,91,3,273,Jacket,Pullover,S,indigo,44,18,2021-02-01,Middle Aged
Devonne Martinetto,Genderfluid,59,West Lucy,New South Wales,2021-06-28,2021-07-20,2247,96,3,288,Shirt,Oxford Cloth,XS,green,68,22,2021-06-01,Senior
Devonne Martinetto,Genderfluid,59,West Lucy,New South Wales,2021-06-28,2021-07-20,2248,96,2,192,Shirt,Oxford Cloth,XS,green,68,22,2021-06-01,Senior
Kristofor Roos,Agender,22,Jordanside,Australian Capital Territory,2021-07-04,2021-07-17,1865,106,1,106,Shirt,Chambray,M,orange,43,13,2021-07-01,Young
Kristofor Roos,Agender,22,Jordanside,Australian Capital Territory,2021-07-04,2021-07-17,1866,90,3,270,Trousers,Relaxed Leg,XL,blue,40,13,2021-07-01,Young
Kristofor Roos,Agender,22,Jordanside,Australian Capital Territory,2021-07-04,2021-07-17,1867,95,3,285,Shirt,Polo,L,blue,77,13,2021-07-01,Young
Kristofor Roos,Agender,22,Jordanside,Australian Capital Territory,2021-07-04,2021-07-17,1868,97,1,97,Trousers,Slim-Fit,S,blue,49,13,2021-07-01,Young
Kristofor Roos,Agender,22,Jordanside,Australian Capital Territory,2021-07-04,2021-07-17,1869,98,1,98,Shirt,Camp Collared,S,violet,80,13,2021-07-01,Young
Kristofor Roos,Agender,22,Jordanside,Australian Capital Territory,2021-07-04,2021-07-17,1870,97,1,97,Trousers,Slim-Fit,L,indigo,48,13,2021-07-01,Young
Kristofor Roos,Agender,22,Jordanside,Australian Capital Territory,2021-07-04,2021-07-17,1871,100,2,200,Jacket,Bomber,M,indigo,52,13,2021-07-01,Young
Kristofor Roos,Agender,22,Jordanside,Australian Capital Territory,2021-07-04,2021-07-17,1872,92,2,184,Shirt,Denim,XS,orange,45,13,2021-07-01,Young
Atlante Dissman,Male,37,Abbeyshire,South Australia,2021-06-07,2021-06-27,3856,90,3,270,Trousers,Relaxed Leg,L,red,63,20,2021-06-01,Middle Aged
Atlante Dissman,Male,37,Abbeyshire,South Australia,2021-06-07,2021-06-27,3857,105,3,315,Shirt,Cuban Collar,L,indigo,65,20,2021-06-01,Middle Aged
Atlante Dissman,Male,37,Abbeyshire,South Australia,2021-06-07,2021-06-27,3858,112,2,224,Jacket,Cardigan,S,yellow,79,20,2021-06-01,Middle Aged
Rowena Soall,Agender,61,Zacville,Western Australia,2021-04-13,2021-04-29,1711,92,1,92,Shirt,Denim,XS,violet,73,16,2021-04-01,Senior
Rowena Soall,Agender,61,Zacville,Western Australia,2021-04-13,2021-04-29,1712,92,2,184,Shirt,Denim,M,orange,50,16,2021-04-01,Senior
Rowena Soall,Agender,61,Zacville,Western Australia,2021-04-13,2021-04-29,1713,118,1,118,Shirt,Flannel,S,red,59,16,2021-04-01,Senior
Rowena Soall,Agender,61,Zacville,Western Australia,2021-04-13,2021-04-29,1714,91,1,91,Jacket,Pullover,XL,red,65,16,2021-04-01,Senior
Rowena Soall,Agender,61,Zacville,Western Australia,2021-04-13,2021-04-29,1715,100,2,200,Jacket,Bomber,M,yellow,71,16,2021-04-01,Senior
Rowena Soall,Agender,61,Zacville,Western Australia,2021-04-13,2021-04-29,1716,118,3,354,Jacket,Puffer,S,green,54,16,2021-04-01,Senior
Bank Sargeaunt,Male,57,Mollyland,New South Wales,2021-03-04,2021-03-12,2249,91,3,273,Jacket,Pullover,S,red,46,8,2021-03-01,Senior
Bank Sargeaunt,Male,57,Mollyland,New South Wales,2021-03-04,2021-03-12,2250,115,3,345,Trousers,Cropped,XL,violet,64,8,2021-03-01,Senior
Bank Sargeaunt,Male,57,Mollyland,New South Wales,2021-03-04,2021-03-12,2251,98,3,294,Jacket,Leather,L,green,71,8,2021-03-01,Senior
Bank Sargeaunt,Male,57,Mollyland,New South Wales,2021-03-04,2021-03-12,2252,109,1,109,Jacket,Peacoat,S,orange,73,8,2021-03-01,Senior
Bank Sargeaunt,Male,57,Mollyland,New South Wales,2021-03-04,2021-03-12,2253,113,3,339,Trousers,Chinos,L,yellow,65,8,2021-03-01,Senior
Dag Schiefersten,Bigender,46,Noahmouth,Northern Territory,2021-01-12,2021-01-30,404,107,3,321,Jacket,Denim,XL,yellow,56,18,2021-01-01,Middle Aged
Dag Schiefersten,Bigender,46,Noahmouth,Northern Territory,2021-01-12,2021-01-30,405,106,3,318,Trousers,Wool,XL,yellow,72,18,2021-01-01,Middle Aged
Dag Schiefersten,Bigender,46,Noahmouth,Northern Territory,2021-01-12,2021-01-30,406,106,2,212,Shirt,Chambray,XL,blue,43,18,2021-01-01,Middle Aged
Dag Schiefersten,Bigender,46,Noahmouth,Northern Territory,2021-01-12,2021-01-30,407,106,3,318,Trousers,Wool,S,yellow,69,18,2021-01-01,Middle Aged
Averyl Atthow,Polygender,53,Calebville,New South Wales,2021-07-12,2021-07-20,1064,94,1,94,Shirt,Henley,XS,yellow,42,8,2021-07-01,Middle Aged
Averyl Atthow,Polygender,53,Calebville,New South Wales,2021-07-12,2021-07-20,1065,118,2,236,Jacket,Puffer,L,blue,48,8,2021-07-01,Middle Aged
Averyl Atthow,Polygender,53,Calebville,New South Wales,2021-07-12,2021-07-20,1066,105,3,315,Trousers,Pleated,XL,indigo,45,8,2021-07-01,Middle Aged
Sonny Tremollet,Male,78,Port Blake,Queensland,2021-09-06,2021-09-08,642,117,2,234,Jacket,Shearling,S,yellow,48,2,2021-09-01,Senior
Sonny Tremollet,Male,78,Port Blake,Queensland,2021-09-06,2021-09-08,643,91,3,273,Shirt,Linen,XL,violet,73,2,2021-09-01,Senior
Sonny Tremollet,Male,78,Port Blake,Queensland,2021-09-06,2021-09-08,644,100,3,300,Jacket,Bomber,M,blue,44,2,2021-09-01,Senior
Anders Couvert,Non-binary,80,East Sienna,New South Wales,2021-03-16,2021-03-25,349,118,2,236,Jacket,Puffer,S,indigo,62,9,2021-03-01,Senior
Anders Couvert,Non-binary,80,East Sienna,New South Wales,2021-03-16,2021-03-25,350,102,1,102,Jacket,Windbreaker,XL,orange,67,9,2021-03-01,Senior
Anders Couvert,Non-binary,80,East Sienna,New South Wales,2021-03-16,2021-03-25,351,112,3,336,Trousers,Tracksuit Bottoms,XL,green,49,9,2021-03-01,Senior
Anders Couvert,Non-binary,80,East Sienna,New South Wales,2021-03-16,2021-03-25,352,97,1,97,Trousers,Slim-Fit,M,red,67,9,2021-03-01,Senior
Bank Sargeaunt,Male,57,Mollyland,New South Wales,2021-08-20,2021-08-22,2697,118,3,354,Jacket,Puffer,M,violet,43,2,2021-08-01,Senior
Bank Sargeaunt,Male,57,Mollyland,New South Wales,2021-08-20,2021-08-22,2698,119,1,119,Shirt,Casual Slim Fit,XS,red,49,2,2021-08-01,Senior
Bank Sargeaunt,Male,57,Mollyland,New South Wales,2021-08-20,2021-08-22,2699,102,2,204,Trousers,Cargo Pants,S,orange,60,2,2021-08-01,Senior
Bank Sargeaunt,Male,57,Mollyland,New South Wales,2021-08-20,2021-08-22,2700,113,1,113,Trousers,Chinos,M,green,49,2,2021-08-01,Senior
Bank Sargeaunt,Male,57,Mollyland,New South Wales,2021-07-27,2021-07-30,4331,90,3,270,Trousers,Relaxed Leg,XS,red,52,3,2021-07-01,Senior
Wren Helgass,Female,59,Port Hannahburgh,Australian Capital Territory,2021-07-08,2021-07-10,2316,91,3,273,Jacket,Pullover,XS,orange,79,2,2021-07-01,Senior
Wren Helgass,Female,59,Port Hannahburgh,Australian Capital Territory,2021-07-08,2021-07-10,2317,113,2,226,Jacket,Parka,XL,blue,47,2,2021-07-01,Senior
Wren Helgass,Female,59,Port Hannahburgh,Australian Capital Territory,2021-07-08,2021-07-10,2318,100,3,300,Jacket,Bomber,XL,indigo,50,2,2021-07-01,Senior
Wren Helgass,Female,59,Port Hannahburgh,Australian Capital Territory,2021-07-08,2021-07-10,2319,94,3,282,Shirt,Henley,S,indigo,45,2,2021-07-01,Senior
Silvie Bortol,Genderfluid,73,Abigailshire,New South Wales,2021-09-28,2021-10-09,2092,109,2,218,Jacket,Peacoat,M,violet,77,11,2021-09-01,Senior
Silvie Bortol,Genderfluid,73,Abigailshire,New South Wales,2021-09-28,2021-10-09,2093,109,3,327,Jacket,Peacoat,XS,blue,48,11,2021-09-01,Senior
Silvie Bortol,Genderfluid,73,Abigailshire,New South Wales,2021-09-28,2021-10-09,2094,91,3,273,Shirt,Linen,S,orange,42,11,2021-09-01,Senior
Silvie Bortol,Genderfluid,73,Abigailshire,New South Wales,2021-09-28,2021-10-09,2095,100,3,300,Jacket,Bomber,M,yellow,71,11,2021-09-01,Senior
Silvie Bortol,Genderfluid,73,Abigailshire,New South Wales,2021-09-28,2021-10-09,2096,93,2,186,Jacket,Coach,XL,red,46,11,2021-09-01,Senior
Silvie Bortol,Genderfluid,73,Abigailshire,New South Wales,2021-09-28,2021-10-09,2097,119,1,119,Jacket,Trench Coat,L,blue,50,11,2021-09-01,Senior
Cristina Jowling,Genderfluid,30,North Andrew,Tasmania,2021-03-14,2021-03-19,1842,112,1,112,Jacket,Cardigan,S,violet,49,5,2021-03-01,Young
Cristina Jowling,Genderfluid,30,North Andrew,Tasmania,2021-03-14,2021-03-19,1843,97,2,194,Trousers,Slim-Fit,M,red,67,5,2021-03-01,Young
Cristina Jowling,Genderfluid,30,North Andrew,Tasmania,2021-03-14,2021-03-19,1844,118,1,118,Shirt,Flannel,XL,orange,50,5,2021-03-01,Young
Cristina Jowling,Genderfluid,30,North Andrew,Tasmania,2021-03-14,2021-03-19,1845,117,1,117,Jacket,Shearling,L,orange,58,5,2021-03-01,Young
Cristina Jowling,Genderfluid,30,North Andrew,Tasmania,2021-03-14,2021-03-19,1846,102,3,306,Trousers,Cargo Pants,S,orange,60,5,2021-03-01,Young
Cristina Jowling,Genderfluid,30,North Andrew,Tasmania,2021-03-14,2021-03-19,1847,95,1,95,Shirt,Polo,XS,violet,67,5,2021-03-01,Young
Taffy Quimby,Non-binary,31,East Xavier,New South Wales,2021-10-21,2021-11-10,2254,96,3,288,Trousers,Drawstring,M,green,52,20,2021-10-01,Young
Taffy Quimby,Non-binary,31,East Xavier,New South Wales,2021-10-21,2021-11-10,2255,92,3,276,Shirt,Denim,XL,yellow,74,20,2021-10-01,Young
Taffy Quimby,Non-binary,31,East Xavier,New South Wales,2021-10-21,2021-11-10,2256,118,3,354,Jacket,Puffer,XL,red,41,20,2021-10-01,Young
Taffy Quimby,Non-binary,31,East Xavier,New South Wales,2021-10-21,2021-11-10,2257,94,2,188,Shirt,Henley,XL,green,64,20,2021-10-01,Young
Taffy Quimby,Non-binary,31,East Xavier,New South Wales,2021-10-21,2021-11-10,2258,94,1,94,Trousers,Cords,S,indigo,60,20,2021-10-01,Young
Taffy Quimby,Non-binary,31,East Xavier,New South Wales,2021-10-21,2021-11-10,2259,109,3,327,Shirt,Mandarin Collar,XL,red,64,20,2021-10-01,Young
Katusha Ceney,Bigender,49,Daughertyport,Queensland,2021-09-09,2021-10-05,28,104,2,208,Shirt,Dress,L,red,79,26,2021-09-01,Middle Aged
Katusha Ceney,Bigender,49,Daughertyport,Queensland,2021-09-09,2021-10-05,29,118,2,236,Jacket,Puffer,L,green,43,26,2021-09-01,Middle Aged
Katusha Ceney,Bigender,49,Daughertyport,Queensland,2021-09-09,2021-10-05,30,106,1,106,Shirt,Chambray,M,violet,72,26,2021-09-01,Middle Aged
Katusha Ceney,Bigender,49,Daughertyport,Queensland,2021-09-09,2021-10-05,31,91,2,182,Jacket,Pullover,XL,violet,69,26,2021-09-01,Middle Aged
Taffy Quimby,Non-binary,31,East Xavier,New South Wales,2021-10-07,2021-11-02,2344,94,2,188,Shirt,Henley,L,green,41,26,2021-10-01,Young
Taffy Quimby,Non-binary,31,East Xavier,New South Wales,2021-10-07,2021-11-02,2345,95,1,95,Shirt,Polo,L,orange,63,26,2021-10-01,Young
Taffy Quimby,Non-binary,31,East Xavier,New South Wales,2021-10-07,2021-11-02,2346,93,3,279,Jacket,Coach,S,blue,47,26,2021-10-01,Young
Taffy Quimby,Non-binary,31,East Xavier,New South Wales,2021-10-07,2021-11-02,2347,113,2,226,Jacket,Parka,S,violet,67,26,2021-10-01,Young
Taffy Quimby,Non-binary,31,East Xavier,New South Wales,2021-10-07,2021-11-02,2348,119,2,238,Shirt,Casual Slim Fit,XS,green,69,26,2021-10-01,Young
Taffy Quimby,Non-binary,31,East Xavier,New South Wales,2021-10-07,2021-11-02,2349,106,3,318,Trousers,Wool,M,red,58,26,2021-10-01,Young
Taffy Quimby,Non-binary,31,East Xavier,New South Wales,2021-03-16,2021-04-06,2840,98,3,294,Shirt,Camp Collared,XL,green,61,21,2021-03-01,Young
Taffy Quimby,Non-binary,31,East Xavier,New South Wales,2021-03-16,2021-04-06,2841,113,3,339,Jacket,Parka,L,blue,61,21,2021-03-01,Young
Taffy Quimby,Non-binary,31,East Xavier,New South Wales,2021-03-16,2021-04-06,2842,98,1,98,Jacket,Leather,L,blue,62,21,2021-03-01,Young
Taffy Quimby,Non-binary,31,East Xavier,New South Wales,2021-03-16,2021-04-06,2843,112,2,224,Trousers,Tracksuit Bottoms,XS,green,69,21,2021-03-01,Young
Hadley Baddam,Non-binary,79,West Noah,Queensland,2021-10-10,2021-10-15,1012,102,2,204,Jacket,Windbreaker,S,yellow,66,5,2021-10-01,Senior
Hadley Baddam,Non-binary,79,West Noah,Queensland,2021-10-10,2021-10-15,1013,106,2,212,Shirt,Chambray,S,blue,61,5,2021-10-01,Senior
Hadley Baddam,Non-binary,79,West Noah,Queensland,2021-10-10,2021-10-15,1014,94,1,94,Trousers,Cords,XS,blue,60,5,2021-10-01,Senior
Hadley Baddam,Non-binary,79,West Noah,Queensland,2021-10-10,2021-10-15,1015,109,1,109,Jacket,Peacoat,XL,orange,69,5,2021-10-01,Senior
Hadley Baddam,Non-binary,79,West Noah,Queensland,2021-10-10,2021-10-15,1016,106,1,106,Trousers,Wool,S,indigo,45,5,2021-10-01,Senior
Hadley Baddam,Non-binary,79,West Noah,Queensland,2021-10-10,2021-10-15,1017,118,3,354,Jacket,Puffer,S,violet,46,5,2021-10-01,Senior
Ira Dafforne,Non-binary,57,Sophiemouth,Tasmania,2021-10-15,2021-10-16,43,109,3,327,Shirt,Mandarin Collar,XS,yellow,45,1,2021-10-01,Senior
Ira Dafforne,Non-binary,57,Sophiemouth,Tasmania,2021-10-15,2021-10-16,44,113,2,226,Trousers,Chinos,XS,blue,69,1,2021-10-01,Senior
Ira Dafforne,Non-binary,57,Sophiemouth,Tasmania,2021-10-15,2021-10-16,45,107,3,321,Jacket,Denim,S,orange,51,1,2021-10-01,Senior
Dulcia Gawthorpe,Bigender,46,North Lillian,Australian Capital Territory,2021-06-15,2021-06-27,1451,112,3,336,Trousers,Tracksuit Bottoms,XS,yellow,76,12,2021-06-01,Middle Aged
Dulcia Gawthorpe,Bigender,46,North Lillian,Australian Capital Territory,2021-06-15,2021-06-27,1452,95,1,95,Shirt,Polo,M,red,70,12,2021-06-01,Middle Aged
Dulcia Gawthorpe,Bigender,46,North Lillian,Australian Capital Territory,2021-06-15,2021-06-27,1453,119,2,238,Shirt,Casual Slim Fit,S,violet,50,12,2021-06-01,Middle Aged
Dulcia Gawthorpe,Bigender,46,North Lillian,Australian Capital Territory,2021-06-15,2021-06-27,1454,113,1,113,Trousers,Chinos,XS,orange,53,12,2021-06-01,Middle Aged
Dulcia Gawthorpe,Bigender,46,North Lillian,Australian Capital Territory,2021-06-15,2021-06-27,1455,109,1,109,Jacket,Peacoat,M,green,49,12,2021-06-01,Middle Aged
Dulcia Gawthorpe,Bigender,46,North Lillian,Australian Capital Territory,2021-06-15,2021-06-27,1456,94,3,282,Trousers,Cords,M,green,76,12,2021-06-01,Middle Aged
Dulcia Gawthorpe,Bigender,46,North Lillian,Australian Capital Territory,2021-06-15,2021-06-27,1457,113,2,226,Jacket,Parka,M,orange,51,12,2021-06-01,Middle Aged
Dulcia Gawthorpe,Bigender,46,North Lillian,Australian Capital Territory,2021-06-15,2021-06-27,1458,113,2,226,Trousers,Chinos,XL,yellow,59,12,2021-06-01,Middle Aged
Dulcia Gawthorpe,Bigender,46,North Lillian,Australian Capital Territory,2021-06-15,2021-06-27,1459,109,1,109,Jacket,Peacoat,M,blue,71,12,2021-06-01,Middle Aged
Dulcia Gawthorpe,Bigender,46,North Lillian,Australian Capital Territory,2021-06-15,2021-06-27,1460,97,2,194,Trousers,Slim-Fit,S,indigo,41,12,2021-06-01,Middle Aged
Brenden Roast,Genderfluid,54,Siennabury,New South Wales,2021-06-18,2021-07-06,2260,112,2,224,Jacket,Cardigan,XS,red,51,18,2021-06-01,Middle Aged
Brenden Roast,Genderfluid,54,Siennabury,New South Wales,2021-06-18,2021-07-06,2261,109,2,218,Jacket,Peacoat,M,green,49,18,2021-06-01,Middle Aged
Brenden Roast,Genderfluid,54,Siennabury,New South Wales,2021-06-18,2021-07-06,2262,104,1,104,Shirt,Dress,XS,red,63,18,2021-06-01,Middle Aged
Brenden Roast,Genderfluid,54,Siennabury,New South Wales,2021-06-18,2021-07-06,2263,112,2,224,Jacket,Cardigan,L,green,63,18,2021-06-01,Middle Aged
Brenden Roast,Genderfluid,54,Siennabury,New South Wales,2021-06-18,2021-07-06,2264,98,1,98,Jacket,Leather,XS,yellow,73,18,2021-06-01,Middle Aged
Phillipe Gatecliffe,Male,35,Jettstad,Australian Capital Territory,2021-01-26,2021-02-02,4290,106,1,106,Trousers,Wool,L,red,74,7,2021-01-01,Young
Phillipe Gatecliffe,Male,35,Jettstad,Australian Capital Territory,2021-01-26,2021-02-02,4291,115,3,345,Trousers,Cropped,M,indigo,73,7,2021-01-01,Young
Phillipe Gatecliffe,Male,35,Jettstad,Australian Capital Territory,2021-01-26,2021-02-02,4292,119,2,238,Jacket,Trench Coat,M,blue,46,7,2021-01-01,Young
Phillipe Gatecliffe,Male,35,Jettstad,Australian Capital Territory,2021-01-26,2021-02-02,4293,112,3,336,Jacket,Cardigan,XS,indigo,70,7,2021-01-01,Young
Paul McGavigan,Genderfluid,74,Kuhntown,Victoria,2021-03-17,2021-04-08,2036,100,3,300,Jacket,Bomber,XL,red,62,22,2021-03-01,Senior
Paul McGavigan,Genderfluid,74,Kuhntown,Victoria,2021-03-17,2021-04-08,2037,117,1,117,Jacket,Shearling,S,blue,72,22,2021-03-01,Senior
Paul McGavigan,Genderfluid,74,Kuhntown,Victoria,2021-03-17,2021-04-08,2038,102,1,102,Jacket,Windbreaker,L,green,62,22,2021-03-01,Senior
Paul McGavigan,Genderfluid,74,Kuhntown,Victoria,2021-03-17,2021-04-08,2039,113,2,226,Trousers,Chinos,XS,blue,69,22,2021-03-01,Senior
Paul McGavigan,Genderfluid,74,Kuhntown,Victoria,2021-03-17,2021-04-08,2040,119,1,119,Shirt,Casual Slim Fit,XS,indigo,57,22,2021-03-01,Senior
Paul McGavigan,Genderfluid,74,Kuhntown,Victoria,2021-03-17,2021-04-08,2041,107,2,214,Jacket,Denim,S,violet,73,22,2021-03-01,Senior
Kakalina Ragge,Genderqueer,42,South Alexandraview,Queensland,2021-08-11,2021-09-01,4082,95,2,190,Shirt,Polo,M,indigo,62,21,2021-08-01,Middle Aged
Kakalina Ragge,Genderqueer,42,South Alexandraview,Queensland,2021-08-11,2021-09-01,4083,118,2,236,Jacket,Puffer,XL,green,42,21,2021-08-01,Middle Aged
Kakalina Ragge,Genderqueer,42,South Alexandraview,Queensland,2021-08-11,2021-09-01,4084,100,3,300,Jacket,Bomber,M,orange,69,21,2021-08-01,Middle Aged
Kakalina Ragge,Genderqueer,42,South Alexandraview,Queensland,2021-08-11,2021-09-01,4085,100,1,100,Jacket,Bomber,L,blue,64,21,2021-08-01,Middle Aged
Kakalina Ragge,Genderqueer,42,South Alexandraview,Queensland,2021-08-11,2021-09-01,4086,95,3,285,Shirt,Polo,XL,yellow,46,21,2021-08-01,Middle Aged
Kakalina Ragge,Genderqueer,42,South Alexandraview,Queensland,2021-08-11,2021-09-01,4087,95,3,285,Shirt,Polo,S,orange,78,21,2021-08-01,Middle Aged
Kakalina Ragge,Genderqueer,42,South Alexandraview,Queensland,2021-08-11,2021-09-01,4088,107,3,321,Jacket,Denim,S,yellow,43,21,2021-08-01,Middle Aged
Kakalina Ragge,Genderqueer,42,South Alexandraview,Queensland,2021-08-11,2021-09-01,4089,112,2,224,Trousers,Tracksuit Bottoms,L,blue,72,21,2021-08-01,Middle Aged
Kakalina Ragge,Genderqueer,42,South Alexandraview,Queensland,2021-08-11,2021-09-01,4090,91,1,91,Shirt,Linen,XL,blue,47,21,2021-08-01,Middle Aged
Faunie Cooney,Male,38,Port Chelseaport,Victoria,2021-02-14,2021-02-19,2268,96,1,96,Shirt,Oxford Cloth,L,yellow,75,5,2021-02-01,Middle Aged
Faunie Cooney,Male,38,Port Chelseaport,Victoria,2021-02-14,2021-02-19,2269,93,1,93,Trousers,Joggers,M,blue,78,5,2021-02-01,Middle Aged
Faunie Cooney,Male,38,Port Chelseaport,Victoria,2021-02-14,2021-02-19,2270,117,3,351,Jacket,Shearling,XS,violet,75,5,2021-02-01,Middle Aged
Faunie Cooney,Male,38,Port Chelseaport,Victoria,2021-02-14,2021-02-19,2271,113,2,226,Jacket,Parka,L,blue,61,5,2021-02-01,Middle Aged
Faunie Cooney,Male,38,Port Chelseaport,Victoria,2021-02-14,2021-02-19,2272,115,2,230,Trousers,Cropped,S,yellow,65,5,2021-02-01,Middle Aged
Faunie Cooney,Male,38,Port Chelseaport,Victoria,2021-02-14,2021-02-19,2273,96,2,192,Trousers,Drawstring,XL,violet,80,5,2021-02-01,Middle Aged
Faunie Cooney,Male,38,Port Chelseaport,Victoria,2021-08-23,2021-09-12,2578,106,3,318,Shirt,Chambray,XS,blue,76,20,2021-08-01,Middle Aged
Faunie Cooney,Male,38,Port Chelseaport,Victoria,2021-08-23,2021-09-12,2579,90,2,180,Trousers,Relaxed Leg,XL,yellow,54,20,2021-08-01,Middle Aged
Faunie Cooney,Male,38,Port Chelseaport,Victoria,2021-08-23,2021-09-12,2580,91,2,182,Shirt,Linen,S,green,58,20,2021-08-01,Middle Aged
Faunie Cooney,Male,38,Port Chelseaport,Victoria,2021-08-23,2021-09-12,2581,117,1,117,Jacket,Shearling,L,green,66,20,2021-08-01,Middle Aged
Faunie Cooney,Male,38,Port Chelseaport,Victoria,2021-08-23,2021-09-12,2582,98,1,98,Jacket,Leather,XS,indigo,78,20,2021-08-01,Middle Aged
Faunie Cooney,Male,38,Port Chelseaport,Victoria,2021-08-23,2021-09-12,2583,119,2,238,Shirt,Casual Slim Fit,S,orange,54,20,2021-08-01,Middle Aged
Faunie Cooney,Male,38,Port Chelseaport,Victoria,2021-08-23,2021-09-12,2584,91,2,182,Shirt,Linen,S,blue,77,20,2021-08-01,Middle Aged
Faunie Cooney,Male,38,Port Chelseaport,Victoria,2021-08-23,2021-09-12,2585,96,1,96,Trousers,Drawstring,XL,yellow,48,20,2021-08-01,Middle Aged
Faunie Cooney,Male,38,Port Chelseaport,Victoria,2021-08-23,2021-09-12,2586,93,2,186,Jacket,Coach,M,blue,54,20,2021-08-01,Middle Aged
Faunie Cooney,Male,38,Port Chelseaport,Victoria,2021-02-02,2021-02-17,4728,112,3,336,Jacket,Cardigan,S,indigo,61,15,2021-02-01,Middle Aged
Faunie Cooney,Male,38,Port Chelseaport,Victoria,2021-02-02,2021-02-17,4729,113,1,113,Trousers,Chinos,XS,yellow,41,15,2021-02-01,Middle Aged
Faunie Cooney,Male,38,Port Chelseaport,Victoria,2021-02-02,2021-02-17,4730,117,1,117,Jacket,Shearling,M,blue,73,15,2021-02-01,Middle Aged
Faunie Cooney,Male,38,Port Chelseaport,Victoria,2021-02-02,2021-02-17,4731,113,1,113,Trousers,Chinos,XS,violet,72,15,2021-02-01,Middle Aged
Faunie Cooney,Male,38,Port Chelseaport,Victoria,2021-02-02,2021-02-17,4732,109,3,327,Shirt,Mandarin Collar,S,red,48,15,2021-02-01,Middle Aged
Faunie Cooney,Male,38,Port Chelseaport,Victoria,2021-02-02,2021-02-17,4733,96,2,192,Trousers,Drawstring,XL,red,77,15,2021-02-01,Middle Aged
Lisetta Griffin,Non-binary,56,New Benjaminborough,Tasmania,2021-04-06,2021-04-29,495,95,3,285,Shirt,Polo,L,red,72,23,2021-04-01,Senior
Lisetta Griffin,Non-binary,56,New Benjaminborough,Tasmania,2021-04-06,2021-04-29,496,115,2,230,Trousers,Cropped,L,blue,45,23,2021-04-01,Senior
Lisetta Griffin,Non-binary,56,New Benjaminborough,Tasmania,2021-04-06,2021-04-29,497,93,1,93,Trousers,Joggers,M,blue,78,23,2021-04-01,Senior
Lisetta Griffin,Non-binary,56,New Benjaminborough,Tasmania,2021-04-06,2021-04-29,498,100,1,100,Jacket,Bomber,S,indigo,41,23,2021-04-01,Senior
Thorny Nornable,Genderqueer,76,Rubyfort,Tasmania,2021-06-29,2021-07-12,4220,113,1,113,Trousers,Chinos,S,indigo,67,13,2021-06-01,Senior
Thorny Nornable,Genderqueer,76,Rubyfort,Tasmania,2021-06-29,2021-07-12,4221,98,1,98,Shirt,Camp Collared,L,indigo,72,13,2021-06-01,Senior
Thorny Nornable,Genderqueer,76,Rubyfort,Tasmania,2021-06-29,2021-07-12,4222,118,1,118,Jacket,Puffer,L,green,43,13,2021-06-01,Senior
Thorny Nornable,Genderqueer,76,Rubyfort,Tasmania,2021-06-29,2021-07-12,4223,91,2,182,Shirt,Linen,M,blue,58,13,2021-06-01,Senior
Thorny Nornable,Genderqueer,76,Rubyfort,Tasmania,2021-06-29,2021-07-12,4224,99,1,99,Trousers,High-Waisted,XS,blue,51,13,2021-06-01,Senior
Thorny Nornable,Genderqueer,76,Rubyfort,Tasmania,2021-06-29,2021-07-12,4225,102,3,306,Jacket,Windbreaker,S,yellow,66,13,2021-06-01,Senior
Thorny Nornable,Genderqueer,76,Rubyfort,Tasmania,2021-06-29,2021-07-12,4226,119,2,238,Shirt,Casual Slim Fit,XL,blue,68,13,2021-06-01,Senior
North Diamond,Male,27,Charlotteborough,Victoria,2021-04-25,2021-05-22,4246,93,3,279,Trousers,Joggers,L,blue,75,27,2021-04-01,Young
North Diamond,Male,27,Charlotteborough,Victoria,2021-04-25,2021-05-22,4247,112,2,224,Trousers,Tracksuit Bottoms,S,blue,48,27,2021-04-01,Young
North Diamond,Male,27,Charlotteborough,Victoria,2021-04-25,2021-05-22,4248,109,3,327,Shirt,Mandarin Collar,XS,blue,59,27,2021-04-01,Young
North Diamond,Male,27,Charlotteborough,Victoria,2021-04-25,2021-05-22,4249,90,3,270,Trousers,Relaxed Leg,L,blue,61,27,2021-04-01,Young
North Diamond,Male,27,Charlotteborough,Victoria,2021-04-25,2021-05-22,4250,99,1,99,Trousers,High-Waisted,M,blue,52,27,2021-04-01,Young
Sigmund Bothen,Male,21,West Grace,Australian Capital Territory,2021-01-31,2021-02-20,2274,91,2,182,Jacket,Pullover,L,orange,56,20,2021-01-01,Young
Sigmund Bothen,Male,21,West Grace,Australian Capital Territory,2021-01-31,2021-02-20,2275,102,3,306,Jacket,Windbreaker,L,red,40,20,2021-01-01,Young
Sigmund Bothen,Male,21,West Grace,Australian Capital Territory,2021-01-31,2021-02-20,2276,93,3,279,Trousers,Joggers,L,violet,60,20,2021-01-01,Young
Sigmund Bothen,Male,21,West Grace,Australian Capital Territory,2021-01-31,2021-02-20,2277,95,3,285,Shirt,Polo,M,green,62,20,2021-01-01,Young
Sigmund Bothen,Male,21,West Grace,Australian Capital Territory,2021-01-31,2021-02-20,2278,105,1,105,Trousers,Pleated,L,yellow,62,20,2021-01-01,Young
Sigmund Bothen,Male,21,West Grace,Australian Capital Territory,2021-01-31,2021-02-20,2279,98,1,98,Shirt,Camp Collared,XS,violet,72,20,2021-01-01,Young
Sigmund Bothen,Male,21,West Grace,Australian Capital Territory,2021-07-28,2021-08-09,2707,96,1,96,Shirt,Oxford Cloth,M,green,60,12,2021-07-01,Young
Sigmund Bothen,Male,21,West Grace,Australian Capital Territory,2021-07-28,2021-08-09,2708,115,1,115,Trousers,Cropped,M,orange,56,12,2021-07-01,Young
Sigmund Bothen,Male,21,West Grace,Australian Capital Territory,2021-07-28,2021-08-09,2709,115,2,230,Trousers,Cropped,S,blue,62,12,2021-07-01,Young
Sigmund Bothen,Male,21,West Grace,Australian Capital Territory,2021-07-28,2021-08-09,2710,90,2,180,Trousers,Relaxed Leg,S,violet,75,12,2021-07-01,Young
Sigmund Bothen,Male,21,West Grace,Australian Capital Territory,2021-07-28,2021-08-09,2711,105,1,105,Trousers,Pleated,XS,green,58,12,2021-07-01,Young
Sigmund Bothen,Male,21,West Grace,Australian Capital Territory,2021-07-28,2021-08-09,2712,105,2,210,Trousers,Pleated,XL,yellow,52,12,2021-07-01,Young
Sigmund Bothen,Male,21,West Grace,Australian Capital Territory,2021-07-28,2021-08-09,2713,115,2,230,Trousers,Cropped,L,blue,45,12,2021-07-01,Young
Monica Teodorski,Bigender,77,South Nathan,South Australia,2021-06-29,2021-07-25,2285,112,1,112,Trousers,Tracksuit Bottoms,XS,yellow,76,26,2021-06-01,Senior
Monica Teodorski,Bigender,77,South Nathan,South Australia,2021-06-29,2021-07-25,2286,102,2,204,Jacket,Windbreaker,L,orange,68,26,2021-06-01,Senior
Monica Teodorski,Bigender,77,South Nathan,South Australia,2021-06-29,2021-07-25,2287,102,3,306,Jacket,Windbreaker,XS,orange,70,26,2021-06-01,Senior
Monica Teodorski,Bigender,77,South Nathan,South Australia,2021-06-29,2021-07-25,2288,96,3,288,Shirt,Oxford Cloth,L,green,52,26,2021-06-01,Senior
Monica Teodorski,Bigender,77,South Nathan,South Australia,2021-06-29,2021-07-25,2289,95,2,190,Shirt,Polo,L,green,68,26,2021-06-01,Senior
Monica Teodorski,Bigender,77,South Nathan,South Australia,2021-06-29,2021-07-25,2290,98,3,294,Shirt,Camp Collared,XS,violet,72,26,2021-06-01,Senior
Monica Teodorski,Bigender,77,South Nathan,South Australia,2021-06-29,2021-07-25,2291,113,3,339,Jacket,Parka,S,indigo,53,26,2021-06-01,Senior
Jillene Goodbanne,Agender,77,Mitchellhaven,South Australia,2021-01-20,2021-01-26,1862,91,1,91,Jacket,Pullover,L,orange,56,6,2021-01-01,Senior
Jillene Goodbanne,Agender,77,Mitchellhaven,South Australia,2021-01-20,2021-01-26,1863,102,2,204,Trousers,Cargo Pants,M,red,52,6,2021-01-01,Senior
Jillene Goodbanne,Agender,77,Mitchellhaven,South Australia,2021-01-20,2021-01-26,1864,93,3,279,Jacket,Coach,XL,blue,46,6,2021-01-01,Senior
Winslow Ewbanck,Bigender,76,Masonfurt,Queensland,2021-05-21,2021-05-23,2292,115,3,345,Trousers,Cropped,L,violet,40,2,2021-05-01,Senior
Winslow Ewbanck,Bigender,76,Masonfurt,Queensland,2021-05-21,2021-05-23,2293,112,2,224,Trousers,Tracksuit Bottoms,XL,violet,60,2,2021-05-01,Senior
Winslow Ewbanck,Bigender,76,Masonfurt,Queensland,2021-05-21,2021-05-23,2294,117,1,117,Jacket,Shearling,S,orange,53,2,2021-05-01,Senior
Winslow Ewbanck,Bigender,76,Masonfurt,Queensland,2021-05-21,2021-05-23,2295,119,1,119,Shirt,Casual Slim Fit,L,blue,75,2,2021-05-01,Senior
Winslow Ewbanck,Bigender,76,Masonfurt,Queensland,2021-05-21,2021-05-23,2296,106,2,212,Trousers,Wool,XS,violet,80,2,2021-05-01,Senior
Hurleigh Sieb,Genderfluid,32,Port Sarah,Queensland,2021-02-24,2021-03-10,2301,94,1,94,Shirt,Henley,S,orange,46,14,2021-02-01,Young
Hurleigh Sieb,Genderfluid,32,Port Sarah,Queensland,2021-02-24,2021-03-10,2302,102,1,102,Trousers,Cargo Pants,M,violet,58,14,2021-02-01,Young
Hurleigh Sieb,Genderfluid,32,Port Sarah,Queensland,2021-02-24,2021-03-10,2303,105,3,315,Trousers,Pleated,XS,blue,62,14,2021-02-01,Young
Hurleigh Sieb,Genderfluid,32,Port Sarah,Queensland,2021-02-24,2021-03-10,2304,113,1,113,Jacket,Parka,XL,indigo,78,14,2021-02-01,Young
Hurleigh Sieb,Genderfluid,32,Port Sarah,Queensland,2021-02-24,2021-03-10,2305,97,1,97,Trousers,Slim-Fit,XL,violet,48,14,2021-02-01,Young
Hurleigh Sieb,Genderfluid,32,Port Sarah,Queensland,2021-02-24,2021-03-10,2306,112,3,336,Jacket,Cardigan,XS,violet,40,14,2021-02-01,Young
Nara Legerwood,Male,24,Abbottburgh,Northern Territory,2021-02-17,2021-03-03,4052,94,1,94,Trousers,Cords,M,blue,47,14,2021-02-01,Young
Nara Legerwood,Male,24,Abbottburgh,Northern Territory,2021-02-17,2021-03-03,4053,90,1,90,Trousers,Relaxed Leg,M,red,56,14,2021-02-01,Young
Nara Legerwood,Male,24,Abbottburgh,Northern Territory,2021-02-17,2021-03-03,4054,96,2,192,Shirt,Oxford Cloth,S,indigo,59,14,2021-02-01,Young
Nara Legerwood,Male,24,Abbottburgh,Northern Territory,2021-02-17,2021-03-03,4055,98,2,196,Shirt,Camp Collared,XL,blue,51,14,2021-02-01,Young
Hurleigh Sieb,Genderfluid,32,Port Sarah,Queensland,2021-07-16,2021-08-07,3083,119,1,119,Shirt,Casual Slim Fit,S,violet,50,22,2021-07-01,Young
Hurleigh Sieb,Genderfluid,32,Port Sarah,Queensland,2021-07-16,2021-08-07,3084,118,1,118,Jacket,Puffer,S,violet,46,22,2021-07-01,Young
Hurleigh Sieb,Genderfluid,32,Port Sarah,Queensland,2021-07-16,2021-08-07,3085,95,3,285,Shirt,Polo,XS,indigo,47,22,2021-07-01,Young
Hurleigh Sieb,Genderfluid,32,Port Sarah,Queensland,2021-07-16,2021-08-07,3086,118,1,118,Jacket,Puffer,M,green,72,22,2021-07-01,Young
Clayson Mealing,Genderqueer,65,Lake Declanland,South Australia,2021-06-22,2021-07-01,1596,119,2,238,Shirt,Casual Slim Fit,XS,orange,43,9,2021-06-01,Senior
Clayson Mealing,Genderqueer,65,Lake Declanland,South Australia,2021-06-22,2021-07-01,1597,98,1,98,Jacket,Leather,XS,indigo,78,9,2021-06-01,Senior
Clayson Mealing,Genderqueer,65,Lake Declanland,South Australia,2021-06-22,2021-07-01,1598,113,3,339,Jacket,Parka,XS,violet,59,9,2021-06-01,Senior
Hurleigh Sieb,Genderfluid,32,Port Sarah,Queensland,2021-04-11,2021-05-08,4277,100,2,200,Jacket,Bomber,XL,green,79,27,2021-04-01,Young
Hurleigh Sieb,Genderfluid,32,Port Sarah,Queensland,2021-04-11,2021-05-08,4278,106,3,318,Shirt,Chambray,XL,green,58,27,2021-04-01,Young
Hurleigh Sieb,Genderfluid,32,Port Sarah,Queensland,2021-04-11,2021-05-08,4279,112,2,224,Jacket,Cardigan,L,indigo,40,27,2021-04-01,Young
Hurleigh Sieb,Genderfluid,32,Port Sarah,Queensland,2021-04-11,2021-05-08,4280,92,3,276,Shirt,Denim,XS,green,66,27,2021-04-01,Young
Hurleigh Sieb,Genderfluid,32,Port Sarah,Queensland,2021-04-11,2021-05-08,4281,90,1,90,Trousers,Relaxed Leg,M,violet,46,27,2021-04-01,Young
Ranna Paolillo,Polygender,53,Zacharybury,Northern Territory,2021-03-08,2021-03-29,3409,94,1,94,Shirt,Henley,L,yellow,62,21,2021-03-01,Middle Aged
Ranna Paolillo,Polygender,53,Zacharybury,Northern Territory,2021-03-08,2021-03-29,3410,113,3,339,Jacket,Parka,M,green,71,21,2021-03-01,Middle Aged
Ranna Paolillo,Polygender,53,Zacharybury,Northern Territory,2021-03-08,2021-03-29,3411,102,3,306,Trousers,Cargo Pants,M,green,78,21,2021-03-01,Middle Aged
Ranna Paolillo,Polygender,53,Zacharybury,Northern Territory,2021-03-08,2021-03-29,3412,112,2,224,Trousers,Tracksuit Bottoms,S,yellow,49,21,2021-03-01,Middle Aged
Hilda Peter,Non-binary,30,New Sophie,Tasmania,2021-04-15,2021-04-17,2307,105,1,105,Shirt,Cuban Collar,M,orange,49,2,2021-04-01,Young
Hilda Peter,Non-binary,30,New Sophie,Tasmania,2021-04-15,2021-04-17,2308,94,1,94,Shirt,Henley,XS,green,61,2,2021-04-01,Young
Hilda Peter,Non-binary,30,New Sophie,Tasmania,2021-04-15,2021-04-17,2309,106,2,212,Shirt,Chambray,M,violet,72,2,2021-04-01,Young
Hilda Peter,Non-binary,30,New Sophie,Tasmania,2021-04-15,2021-04-17,2310,109,3,327,Shirt,Mandarin Collar,S,green,74,2,2021-04-01,Young
Hilda Peter,Non-binary,30,New Sophie,Tasmania,2021-04-15,2021-04-17,2311,91,1,91,Shirt,Linen,S,violet,44,2,2021-04-01,Young
Hilda Peter,Non-binary,30,New Sophie,Tasmania,2021-04-15,2021-04-17,2312,96,1,96,Trousers,Drawstring,XS,violet,62,2,2021-04-01,Young
Teddy Gell,Non-binary,79,West Ellaport,Australian Capital Territory,2021-01-30,2021-02-15,2021,97,3,291,Trousers,Slim-Fit,XL,red,67,16,2021-01-01,Senior
Teddy Gell,Non-binary,79,West Ellaport,Australian Capital Territory,2021-01-30,2021-02-15,2022,105,1,105,Trousers,Pleated,S,yellow,71,16,2021-01-01,Senior
Teddy Gell,Non-binary,79,West Ellaport,Australian Capital Territory,2021-01-30,2021-02-15,2023,94,3,282,Shirt,Henley,L,indigo,44,16,2021-01-01,Senior
Teddy Gell,Non-binary,79,West Ellaport,Australian Capital Territory,2021-01-30,2021-02-15,2024,106,1,106,Trousers,Wool,XL,yellow,72,16,2021-01-01,Senior
Teddy Gell,Non-binary,79,West Ellaport,Australian Capital Territory,2021-01-30,2021-02-15,2025,112,3,336,Jacket,Cardigan,S,green,62,16,2021-01-01,Senior
Teddy Gell,Non-binary,79,West Ellaport,Australian Capital Territory,2021-01-30,2021-02-15,2026,119,2,238,Shirt,Casual Slim Fit,XL,yellow,78,16,2021-01-01,Senior
Teddy Gell,Non-binary,79,West Ellaport,Australian Capital Territory,2021-01-30,2021-02-15,2027,109,1,109,Jacket,Peacoat,M,blue,71,16,2021-01-01,Senior
Teddy Gell,Non-binary,79,West Ellaport,Australian Capital Territory,2021-01-30,2021-02-15,2028,112,3,336,Trousers,Tracksuit Bottoms,XS,blue,42,16,2021-01-01,Senior
Charles Duffitt,Non-binary,21,South Maxland,Australian Capital Territory,2021-09-11,2021-10-04,2314,96,3,288,Trousers,Drawstring,L,orange,54,23,2021-09-01,Young
Charles Duffitt,Non-binary,21,South Maxland,Australian Capital Territory,2021-09-11,2021-10-04,2315,115,2,230,Trousers,Cropped,XS,yellow,41,23,2021-09-01,Young
Randell Shorte,Polygender,25,North Lachlanfurt,South Australia,2021-01-09,2021-01-20,2018,105,2,210,Shirt,Cuban Collar,M,indigo,58,11,2021-01-01,Young
Randell Shorte,Polygender,25,North Lachlanfurt,South Australia,2021-01-09,2021-01-20,2019,112,1,112,Jacket,Cardigan,M,orange,54,11,2021-01-01,Young
Randell Shorte,Polygender,25,North Lachlanfurt,South Australia,2021-01-09,2021-01-20,2020,91,3,273,Jacket,Pullover,XS,indigo,78,11,2021-01-01,Young
Cornie Virr,Genderqueer,27,East Chelsea,Northern Territory,2021-07-15,2021-07-29,2320,96,3,288,Shirt,Oxford Cloth,XL,violet,54,14,2021-07-01,Young
Cornie Virr,Genderqueer,27,East Chelsea,Northern Territory,2021-07-15,2021-07-29,2321,119,3,357,Jacket,Trench Coat,S,green,53,14,2021-07-01,Young
Cornie Virr,Genderqueer,27,East Chelsea,Northern Territory,2021-07-15,2021-07-29,2322,105,3,315,Trousers,Pleated,M,green,41,14,2021-07-01,Young
Cornie Virr,Genderqueer,27,East Chelsea,Northern Territory,2021-07-15,2021-07-29,2323,94,2,188,Trousers,Cords,S,yellow,68,14,2021-07-01,Young
Cornie Virr,Genderqueer,27,East Chelsea,Northern Territory,2021-07-15,2021-07-29,2324,102,2,204,Jacket,Windbreaker,S,blue,41,14,2021-07-01,Young
Cornie Virr,Genderqueer,27,East Chelsea,Northern Territory,2021-07-15,2021-07-29,2325,104,3,312,Shirt,Dress,S,yellow,56,14,2021-07-01,Young
Lin Avraam,Genderqueer,65,Samuelland,South Australia,2021-05-19,2021-06-12,2326,118,2,236,Shirt,Flannel,XL,violet,43,24,2021-05-01,Senior
Miner Craddock,Non-binary,38,Callummouth,Australian Capital Territory,2021-05-27,2021-06-01,2336,105,2,210,Trousers,Pleated,XL,yellow,52,5,2021-05-01,Middle Aged
Miner Craddock,Non-binary,38,Callummouth,Australian Capital Territory,2021-05-27,2021-06-01,2337,102,1,102,Trousers,Cargo Pants,XL,indigo,64,5,2021-05-01,Middle Aged
Miner Craddock,Non-binary,38,Callummouth,Australian Capital Territory,2021-05-27,2021-06-01,2338,112,1,112,Trousers,Tracksuit Bottoms,XS,indigo,63,5,2021-05-01,Middle Aged
Miner Craddock,Non-binary,38,Callummouth,Australian Capital Territory,2021-05-27,2021-06-01,2339,93,2,186,Jacket,Coach,XS,red,71,5,2021-05-01,Middle Aged
Miner Craddock,Non-binary,38,Callummouth,Australian Capital Territory,2021-05-27,2021-06-01,2340,119,1,119,Jacket,Trench Coat,M,blue,46,5,2021-05-01,Middle Aged
Miner Craddock,Non-binary,38,Callummouth,Australian Capital Territory,2021-05-27,2021-06-01,2341,90,2,180,Trousers,Relaxed Leg,XS,blue,54,5,2021-05-01,Middle Aged
Miner Craddock,Non-binary,38,Callummouth,Australian Capital Territory,2021-05-27,2021-06-01,2342,92,2,184,Shirt,Denim,L,orange,45,5,2021-05-01,Middle Aged
Miner Craddock,Non-binary,38,Callummouth,Australian Capital Territory,2021-05-27,2021-06-01,2343,118,2,236,Shirt,Flannel,M,indigo,69,5,2021-05-01,Middle Aged
Miner Craddock,Non-binary,38,Callummouth,Australian Capital Territory,2021-03-11,2021-04-05,3572,102,1,102,Trousers,Cargo Pants,L,indigo,46,25,2021-03-01,Middle Aged
Miner Craddock,Non-binary,38,Callummouth,Australian Capital Territory,2021-03-11,2021-04-05,3573,106,1,106,Shirt,Chambray,XL,orange,57,25,2021-03-01,Middle Aged
Miner Craddock,Non-binary,38,Callummouth,Australian Capital Territory,2021-03-11,2021-04-05,3574,91,2,182,Shirt,Linen,XL,violet,73,25,2021-03-01,Middle Aged
Miner Craddock,Non-binary,38,Callummouth,Australian Capital Territory,2021-03-11,2021-04-05,3575,106,1,106,Shirt,Chambray,M,indigo,62,25,2021-03-01,Middle Aged
Miner Craddock,Non-binary,38,Callummouth,Australian Capital Territory,2021-03-11,2021-04-05,3576,102,3,306,Jacket,Windbreaker,L,indigo,67,25,2021-03-01,Middle Aged
Miner Craddock,Non-binary,38,Callummouth,Australian Capital Territory,2021-03-11,2021-04-05,3577,98,3,294,Shirt,Camp Collared,XL,red,79,25,2021-03-01,Middle Aged
Nicholle Coom,Male,49,New Madisonborough,Victoria,2021-01-26,2021-02-13,1653,99,2,198,Trousers,High-Waisted,L,indigo,55,18,2021-01-01,Middle Aged
Nicholle Coom,Male,49,New Madisonborough,Victoria,2021-01-26,2021-02-13,1654,93,1,93,Jacket,Coach,XS,yellow,52,18,2021-01-01,Middle Aged
Nicholle Coom,Male,49,New Madisonborough,Victoria,2021-01-26,2021-02-13,1655,117,2,234,Jacket,Shearling,XS,red,74,18,2021-01-01,Middle Aged
Nicholle Coom,Male,49,New Madisonborough,Victoria,2021-01-26,2021-02-13,1656,94,2,188,Shirt,Henley,L,violet,51,18,2021-01-01,Middle Aged
Nicholle Coom,Male,49,New Madisonborough,Victoria,2021-01-26,2021-02-13,1657,92,2,184,Shirt,Denim,XS,blue,76,18,2021-01-01,Middle Aged
Calypso Ellaway,Bigender,48,Port Joshualand,Western Australia,2021-02-02,2021-02-10,687,102,1,102,Trousers,Cargo Pants,L,green,42,8,2021-02-01,Middle Aged
Calypso Ellaway,Bigender,48,Port Joshualand,Western Australia,2021-02-02,2021-02-10,688,112,3,336,Jacket,Cardigan,L,indigo,40,8,2021-02-01,Middle Aged
Calypso Ellaway,Bigender,48,Port Joshualand,Western Australia,2021-02-02,2021-02-10,689,93,2,186,Jacket,Coach,XS,indigo,42,8,2021-02-01,Middle Aged
Calypso Ellaway,Bigender,48,Port Joshualand,Western Australia,2021-02-02,2021-02-10,690,118,3,354,Jacket,Puffer,M,green,72,8,2021-02-01,Middle Aged
Dean McLarty,Female,39,North Ellabury,Northern Territory,2021-06-20,2021-06-26,2350,90,2,180,Trousers,Relaxed Leg,L,orange,78,6,2021-06-01,Middle Aged
Dean McLarty,Female,39,North Ellabury,Northern Territory,2021-06-20,2021-06-26,2351,117,1,117,Jacket,Shearling,S,blue,72,6,2021-06-01,Middle Aged
Dean McLarty,Female,39,North Ellabury,Northern Territory,2021-06-20,2021-06-26,2352,98,2,196,Shirt,Camp Collared,L,violet,42,6,2021-06-01,Middle Aged
Dean McLarty,Female,39,North Ellabury,Northern Territory,2021-06-20,2021-06-26,2353,113,1,113,Jacket,Parka,XS,green,75,6,2021-06-01,Middle Aged
Dean McLarty,Female,39,North Ellabury,Northern Territory,2021-06-20,2021-06-26,2354,118,2,236,Shirt,Flannel,XS,indigo,46,6,2021-06-01,Middle Aged
Whitney Scarman,Female,27,Trompview,Tasmania,2021-07-21,2021-07-27,3494,113,3,339,Jacket,Parka,L,orange,77,6,2021-07-01,Young
Whitney Scarman,Female,27,Trompview,Tasmania,2021-07-21,2021-07-27,3495,104,2,208,Shirt,Dress,XL,orange,78,6,2021-07-01,Young
Whitney Scarman,Female,27,Trompview,Tasmania,2021-07-21,2021-07-27,3496,93,2,186,Trousers,Joggers,XS,violet,50,6,2021-07-01,Young
Whitney Scarman,Female,27,Trompview,Tasmania,2021-07-21,2021-07-27,3497,104,2,208,Shirt,Dress,L,indigo,71,6,2021-07-01,Young
Dean McLarty,Female,39,North Ellabury,Northern Territory,2021-06-29,2021-07-21,4595,96,1,96,Trousers,Drawstring,M,blue,41,22,2021-06-01,Middle Aged
Andrew Renn,Bigender,63,Port Natalie,Victoria,2021-01-09,2021-01-16,4954,97,1,97,Trousers,Slim-Fit,S,indigo,41,7,2021-01-01,Senior
Andrew Renn,Bigender,63,Port Natalie,Victoria,2021-01-09,2021-01-16,4955,106,3,318,Shirt,Chambray,M,red,48,7,2021-01-01,Senior
Andrew Renn,Bigender,63,Port Natalie,Victoria,2021-01-09,2021-01-16,4956,113,1,113,Trousers,Chinos,S,violet,64,7,2021-01-01,Senior
Andrew Renn,Bigender,63,Port Natalie,Victoria,2021-01-09,2021-01-16,4957,96,1,96,Shirt,Oxford Cloth,L,green,52,7,2021-01-01,Senior
Andrew Renn,Bigender,63,Port Natalie,Victoria,2021-01-09,2021-01-16,4958,97,2,194,Trousers,Slim-Fit,XS,indigo,74,7,2021-01-01,Senior
Andrew Renn,Bigender,63,Port Natalie,Victoria,2021-01-09,2021-01-16,4959,106,1,106,Shirt,Chambray,XS,orange,76,7,2021-01-01,Senior
Andrew Renn,Bigender,63,Port Natalie,Victoria,2021-01-09,2021-01-16,4960,105,3,315,Trousers,Pleated,XS,green,58,7,2021-01-01,Senior
Beverly Burbridge,Non-binary,45,Krisland,Western Australia,2021-06-25,2021-07-01,367,100,1,100,Jacket,Bomber,L,indigo,51,6,2021-06-01,Middle Aged
Beverly Burbridge,Non-binary,45,Krisland,Western Australia,2021-06-25,2021-07-01,368,118,1,118,Shirt,Flannel,L,green,72,6,2021-06-01,Middle Aged
Beverly Burbridge,Non-binary,45,Krisland,Western Australia,2021-06-25,2021-07-01,369,95,2,190,Shirt,Polo,XS,green,45,6,2021-06-01,Middle Aged
Toddie Snow,Genderqueer,27,Scottview,New South Wales,2021-10-15,2021-10-23,2355,118,2,236,Shirt,Flannel,XL,red,72,8,2021-10-01,Young
Toddie Snow,Genderqueer,27,Scottview,New South Wales,2021-10-15,2021-10-23,2356,93,1,93,Jacket,Coach,S,yellow,67,8,2021-10-01,Young
Toddie Snow,Genderqueer,27,Scottview,New South Wales,2021-10-15,2021-10-23,2357,105,2,210,Trousers,Pleated,L,red,70,8,2021-10-01,Young
Toddie Snow,Genderqueer,27,Scottview,New South Wales,2021-10-15,2021-10-23,2358,93,3,279,Trousers,Joggers,S,orange,43,8,2021-10-01,Young
Toddie Snow,Genderqueer,27,Scottview,New South Wales,2021-10-15,2021-10-23,2359,93,2,186,Trousers,Joggers,S,indigo,56,8,2021-10-01,Young
Toddie Snow,Genderqueer,27,Scottview,New South Wales,2021-10-15,2021-10-23,2360,106,2,212,Shirt,Chambray,XL,red,42,8,2021-10-01,Young
Toddie Snow,Genderqueer,27,Scottview,New South Wales,2021-10-15,2021-10-23,2361,117,2,234,Jacket,Shearling,S,yellow,48,8,2021-10-01,Young
Crin Johnikin,Polygender,66,South Clairetown,Queensland,2021-01-20,2021-01-24,1942,115,3,345,Trousers,Cropped,S,green,71,4,2021-01-01,Senior
Crin Johnikin,Polygender,66,South Clairetown,Queensland,2021-01-20,2021-01-24,1943,119,3,357,Shirt,Casual Slim Fit,XS,blue,55,4,2021-01-01,Senior
Crin Johnikin,Polygender,66,South Clairetown,Queensland,2021-01-20,2021-01-24,1944,113,2,226,Jacket,Parka,XS,blue,67,4,2021-01-01,Senior
Isaak Ferrarone,Non-binary,26,South Holly,Tasmania,2021-08-20,2021-09-12,2371,106,2,212,Trousers,Wool,XS,blue,58,23,2021-08-01,Young
Isaak Ferrarone,Non-binary,26,South Holly,Tasmania,2021-08-20,2021-09-12,2372,109,1,109,Shirt,Mandarin Collar,XL,yellow,43,23,2021-08-01,Young
Isaak Ferrarone,Non-binary,26,South Holly,Tasmania,2021-08-20,2021-09-12,2373,105,3,315,Trousers,Pleated,M,orange,57,23,2021-08-01,Young
Isaak Ferrarone,Non-binary,26,South Holly,Tasmania,2021-08-20,2021-09-12,2374,119,2,238,Shirt,Casual Slim Fit,XS,yellow,63,23,2021-08-01,Young
Isaak Ferrarone,Non-binary,26,South Holly,Tasmania,2021-08-20,2021-09-12,2375,90,3,270,Trousers,Relaxed Leg,L,blue,61,23,2021-08-01,Young
Isaak Ferrarone,Non-binary,26,South Holly,Tasmania,2021-08-20,2021-09-12,2376,109,3,327,Shirt,Mandarin Collar,XL,blue,71,23,2021-08-01,Young
Isaak Ferrarone,Non-binary,26,South Holly,Tasmania,2021-08-20,2021-09-12,2377,98,3,294,Shirt,Camp Collared,S,indigo,50,23,2021-08-01,Young
Eada Viccary,Female,52,North Edwardshire,Northern Territory,2021-08-03,2021-08-09,2378,93,3,279,Jacket,Coach,XS,red,71,6,2021-08-01,Middle Aged
Eada Viccary,Female,52,North Edwardshire,Northern Territory,2021-08-03,2021-08-09,2379,94,1,94,Trousers,Cords,M,red,68,6,2021-08-01,Middle Aged
Eada Viccary,Female,52,North Edwardshire,Northern Territory,2021-08-03,2021-08-09,2380,119,2,238,Jacket,Trench Coat,XL,blue,69,6,2021-08-01,Middle Aged
Eada Viccary,Female,52,North Edwardshire,Northern Territory,2021-08-03,2021-08-09,2381,102,3,306,Trousers,Cargo Pants,L,yellow,71,6,2021-08-01,Middle Aged
Vittorio Rosenstengel,Genderqueer,68,East Jasper,Northern Territory,2021-05-05,2021-05-31,2389,106,3,318,Trousers,Wool,S,red,65,26,2021-05-01,Senior
Herschel Verdey,Female,26,Jacobport,New South Wales,2021-07-10,2021-07-29,731,112,1,112,Trousers,Tracksuit Bottoms,L,indigo,50,19,2021-07-01,Young
Herschel Verdey,Female,26,Jacobport,New South Wales,2021-07-10,2021-07-29,732,99,2,198,Trousers,High-Waisted,XS,red,74,19,2021-07-01,Young
Herschel Verdey,Female,26,Jacobport,New South Wales,2021-07-10,2021-07-29,733,107,2,214,Jacket,Denim,L,green,52,19,2021-07-01,Young
Herschel Verdey,Female,26,Jacobport,New South Wales,2021-07-10,2021-07-29,734,119,1,119,Jacket,Trench Coat,XL,green,53,19,2021-07-01,Young
Herschel Verdey,Female,26,Jacobport,New South Wales,2021-07-10,2021-07-29,735,118,3,354,Jacket,Puffer,XS,green,41,19,2021-07-01,Young
Vittorio Rosenstengel,Genderqueer,68,East Jasper,Northern Territory,2021-01-09,2021-02-05,2395,109,2,218,Jacket,Peacoat,L,blue,64,27,2021-01-01,Senior
Vittorio Rosenstengel,Genderqueer,68,East Jasper,Northern Territory,2021-01-09,2021-02-05,2396,113,2,226,Trousers,Chinos,S,yellow,40,27,2021-01-01,Senior
Vittorio Rosenstengel,Genderqueer,68,East Jasper,Northern Territory,2021-01-09,2021-02-05,2397,94,2,188,Trousers,Cords,S,violet,65,27,2021-01-01,Senior
Vittorio Rosenstengel,Genderqueer,68,East Jasper,Northern Territory,2021-01-09,2021-02-05,2398,115,1,115,Trousers,Cropped,L,green,55,27,2021-01-01,Senior
Vittorio Rosenstengel,Genderqueer,68,East Jasper,Northern Territory,2021-01-09,2021-02-05,2399,113,1,113,Jacket,Parka,S,yellow,80,27,2021-01-01,Senior
Vittorio Rosenstengel,Genderqueer,68,East Jasper,Northern Territory,2021-01-09,2021-02-05,2400,109,1,109,Shirt,Mandarin Collar,XL,yellow,43,27,2021-01-01,Senior
Vittorio Rosenstengel,Genderqueer,68,East Jasper,Northern Territory,2021-01-09,2021-02-05,2401,117,2,234,Jacket,Shearling,XL,orange,60,27,2021-01-01,Senior
Cherlyn Asmus,Female,34,Jasmineville,Victoria,2021-06-11,2021-06-14,1926,94,3,282,Shirt,Henley,S,indigo,45,3,2021-06-01,Young
Cherlyn Asmus,Female,34,Jasmineville,Victoria,2021-06-11,2021-06-14,1927,97,3,291,Trousers,Slim-Fit,XL,blue,47,3,2021-06-01,Young
Cherlyn Asmus,Female,34,Jasmineville,Victoria,2021-06-11,2021-06-14,1928,119,1,119,Shirt,Casual Slim Fit,XS,violet,55,3,2021-06-01,Young
Cherlyn Asmus,Female,34,Jasmineville,Victoria,2021-06-11,2021-06-14,1929,95,1,95,Shirt,Polo,S,yellow,77,3,2021-06-01,Young
Cherlyn Asmus,Female,34,Jasmineville,Victoria,2021-06-11,2021-06-14,1930,118,1,118,Shirt,Flannel,M,yellow,59,3,2021-06-01,Young
Cherlyn Asmus,Female,34,Jasmineville,Victoria,2021-06-11,2021-06-14,1931,105,2,210,Shirt,Cuban Collar,L,red,45,3,2021-06-01,Young
Vittorio Rosenstengel,Genderqueer,68,East Jasper,Northern Territory,2021-05-09,2021-05-12,2884,118,2,236,Jacket,Puffer,L,blue,48,3,2021-05-01,Senior
Vittorio Rosenstengel,Genderqueer,68,East Jasper,Northern Territory,2021-05-09,2021-05-12,2885,107,2,214,Jacket,Denim,M,blue,61,3,2021-05-01,Senior
Vittorio Rosenstengel,Genderqueer,68,East Jasper,Northern Territory,2021-05-09,2021-05-12,2886,106,1,106,Trousers,Wool,M,orange,75,3,2021-05-01,Senior
Vittorio Rosenstengel,Genderqueer,68,East Jasper,Northern Territory,2021-05-09,2021-05-12,2887,92,2,184,Shirt,Denim,XS,yellow,54,3,2021-05-01,Senior
Vittorio Rosenstengel,Genderqueer,68,East Jasper,Northern Territory,2021-05-09,2021-05-12,2888,94,1,94,Trousers,Cords,XL,indigo,70,3,2021-05-01,Senior
Vittorio Rosenstengel,Genderqueer,68,East Jasper,Northern Territory,2021-05-09,2021-05-12,2889,93,2,186,Trousers,Joggers,M,blue,78,3,2021-05-01,Senior
Vittorio Rosenstengel,Genderqueer,68,East Jasper,Northern Territory,2021-05-09,2021-05-12,2890,91,3,273,Jacket,Pullover,XL,yellow,67,3,2021-05-01,Senior
Vittorio Rosenstengel,Genderqueer,68,East Jasper,Northern Territory,2021-05-09,2021-05-12,2891,91,1,91,Jacket,Pullover,M,indigo,72,3,2021-05-01,Senior
Vittorio Rosenstengel,Genderqueer,68,East Jasper,Northern Territory,2021-05-09,2021-05-12,2892,102,1,102,Trousers,Cargo Pants,M,orange,51,3,2021-05-01,Senior
Vittorio Rosenstengel,Genderqueer,68,East Jasper,Northern Territory,2021-05-09,2021-05-12,2893,94,3,282,Trousers,Cords,M,green,76,3,2021-05-01,Senior
Else Bicheno,Male,28,Lucyport,Western Australia,2021-05-22,2021-05-24,1265,93,3,279,Trousers,Joggers,M,yellow,72,2,2021-05-01,Young
Else Bicheno,Male,28,Lucyport,Western Australia,2021-05-22,2021-05-24,1266,117,1,117,Jacket,Shearling,XL,orange,60,2,2021-05-01,Young
Else Bicheno,Male,28,Lucyport,Western Australia,2021-05-22,2021-05-24,1267,102,2,204,Jacket,Windbreaker,M,green,63,2,2021-05-01,Young
Else Bicheno,Male,28,Lucyport,Western Australia,2021-05-22,2021-05-24,1268,98,2,196,Jacket,Leather,L,indigo,79,2,2021-05-01,Young
Ginnie Glasheen,Polygender,77,West Stella,South Australia,2021-01-08,2021-01-28,2390,93,2,186,Trousers,Joggers,XS,green,77,20,2021-01-01,Senior
Olympia Stobbs,Female,23,Reillyborough,Victoria,2021-10-01,2021-10-26,2402,98,3,294,Jacket,Leather,XL,red,52,25,2021-10-01,Young
Olympia Stobbs,Female,23,Reillyborough,Victoria,2021-10-01,2021-10-26,2403,104,1,104,Shirt,Dress,M,orange,53,25,2021-10-01,Young
Olympia Stobbs,Female,23,Reillyborough,Victoria,2021-10-01,2021-10-26,2404,93,3,279,Trousers,Joggers,M,indigo,66,25,2021-10-01,Young
Olympia Stobbs,Female,23,Reillyborough,Victoria,2021-10-01,2021-10-26,2405,113,2,226,Trousers,Chinos,L,yellow,65,25,2021-10-01,Young
Olympia Stobbs,Female,23,Reillyborough,Victoria,2021-10-01,2021-10-26,2406,99,2,198,Trousers,High-Waisted,M,red,59,25,2021-10-01,Young
Angela Kester,Male,62,Chloeville,South Australia,2021-08-30,2021-09-21,2407,118,3,354,Shirt,Flannel,XL,red,72,22,2021-08-01,Senior
Angela Kester,Male,62,Chloeville,South Australia,2021-08-30,2021-09-21,2408,97,1,97,Trousers,Slim-Fit,XL,orange,78,22,2021-08-01,Senior
Angela Kester,Male,62,Chloeville,South Australia,2021-08-30,2021-09-21,2409,91,3,273,Jacket,Pullover,L,indigo,50,22,2021-08-01,Senior
Angela Kester,Male,62,Chloeville,South Australia,2021-08-30,2021-09-21,2410,91,2,182,Jacket,Pullover,XS,red,54,22,2021-08-01,Senior
Angela Kester,Male,62,Chloeville,South Australia,2021-08-30,2021-09-21,2411,93,2,186,Trousers,Joggers,M,yellow,72,22,2021-08-01,Senior
Angela Kester,Male,62,Chloeville,South Australia,2021-08-30,2021-09-21,2412,109,1,109,Shirt,Mandarin Collar,XL,blue,71,22,2021-08-01,Senior
Konstantin Kuhlmey,Polygender,28,Swiftfort,New South Wales,2021-08-01,2021-08-16,1414,91,1,91,Jacket,Pullover,XS,yellow,65,15,2021-08-01,Young
Konstantin Kuhlmey,Polygender,28,Swiftfort,New South Wales,2021-08-01,2021-08-16,1415,91,3,273,Jacket,Pullover,XS,red,54,15,2021-08-01,Young
Konstantin Kuhlmey,Polygender,28,Swiftfort,New South Wales,2021-08-01,2021-08-16,1416,96,2,192,Trousers,Drawstring,S,orange,58,15,2021-08-01,Young
Konstantin Kuhlmey,Polygender,28,Swiftfort,New South Wales,2021-08-01,2021-08-16,1417,113,3,339,Trousers,Chinos,L,red,44,15,2021-08-01,Young
Konstantin Kuhlmey,Polygender,28,Swiftfort,New South Wales,2021-08-01,2021-08-16,1418,91,1,91,Shirt,Linen,L,red,80,15,2021-08-01,Young
Edithe Yitshak,Genderfluid,23,Kaifort,Victoria,2021-09-15,2021-09-29,2413,95,3,285,Shirt,Polo,S,red,60,14,2021-09-01,Young
Edithe Yitshak,Genderfluid,23,Kaifort,Victoria,2021-09-15,2021-09-29,2414,90,2,180,Trousers,Relaxed Leg,S,red,70,14,2021-09-01,Young
Edithe Yitshak,Genderfluid,23,Kaifort,Victoria,2021-09-15,2021-09-29,2415,105,2,210,Trousers,Pleated,S,green,55,14,2021-09-01,Young
Avivah Roddick,Male,60,Kulasville,New South Wales,2021-02-03,2021-02-17,3702,96,1,96,Trousers,Drawstring,M,orange,76,14,2021-02-01,Senior
Avivah Roddick,Male,60,Kulasville,New South Wales,2021-02-03,2021-02-17,3703,91,3,273,Jacket,Pullover,XL,blue,74,14,2021-02-01,Senior
Constance Piddington,Genderfluid,27,East Chasehaven,Queensland,2021-08-18,2021-08-24,4192,107,2,214,Jacket,Denim,S,orange,51,6,2021-08-01,Young
Constance Piddington,Genderfluid,27,East Chasehaven,Queensland,2021-08-18,2021-08-24,4193,96,2,192,Shirt,Oxford Cloth,L,blue,59,6,2021-08-01,Young
Constance Piddington,Genderfluid,27,East Chasehaven,Queensland,2021-08-18,2021-08-24,4194,100,1,100,Jacket,Bomber,L,violet,68,6,2021-08-01,Young
Ira Dafforne,Non-binary,57,Sophiemouth,Tasmania,2021-04-05,2021-04-06,1333,113,2,226,Jacket,Parka,XS,indigo,57,1,2021-04-01,Senior
Ira Dafforne,Non-binary,57,Sophiemouth,Tasmania,2021-04-05,2021-04-06,1334,96,2,192,Trousers,Drawstring,XL,violet,80,1,2021-04-01,Senior
Ira Dafforne,Non-binary,57,Sophiemouth,Tasmania,2021-04-05,2021-04-06,1335,99,2,198,Trousers,High-Waisted,XS,indigo,47,1,2021-04-01,Senior
Ira Dafforne,Non-binary,57,Sophiemouth,Tasmania,2021-04-05,2021-04-06,1336,98,2,196,Shirt,Camp Collared,S,orange,62,1,2021-04-01,Senior
Ira Dafforne,Non-binary,57,Sophiemouth,Tasmania,2021-04-05,2021-04-06,1337,109,3,327,Jacket,Peacoat,XS,orange,78,1,2021-04-01,Senior
Ira Dafforne,Non-binary,57,Sophiemouth,Tasmania,2021-04-05,2021-04-06,1338,90,3,270,Trousers,Relaxed Leg,M,blue,72,1,2021-04-01,Senior
Ira Dafforne,Non-binary,57,Sophiemouth,Tasmania,2021-04-05,2021-04-06,1339,92,2,184,Shirt,Denim,S,blue,47,1,2021-04-01,Senior
Corinna Maystone,Non-binary,76,Gleasonport,Tasmania,2021-01-07,2021-01-19,191,109,2,218,Shirt,Mandarin Collar,L,green,67,12,2021-01-01,Senior
Corinna Maystone,Non-binary,76,Gleasonport,Tasmania,2021-01-07,2021-01-19,192,93,1,93,Jacket,Coach,XS,blue,51,12,2021-01-01,Senior
Corinna Maystone,Non-binary,76,Gleasonport,Tasmania,2021-01-07,2021-01-19,193,118,3,354,Jacket,Puffer,XL,blue,80,12,2021-01-01,Senior
Corinna Maystone,Non-binary,76,Gleasonport,Tasmania,2021-01-07,2021-01-19,194,113,3,339,Jacket,Parka,L,blue,61,12,2021-01-01,Senior
Gusty Smallacombe,Female,49,North Avabury,South Australia,2021-02-24,2021-03-18,2416,96,1,96,Trousers,Drawstring,L,yellow,68,22,2021-02-01,Middle Aged
Gusty Smallacombe,Female,49,North Avabury,South Australia,2021-02-24,2021-03-18,2417,93,2,186,Jacket,Coach,L,violet,80,22,2021-02-01,Middle Aged
Gusty Smallacombe,Female,49,North Avabury,South Australia,2021-02-24,2021-03-18,2418,113,1,113,Trousers,Chinos,L,red,44,22,2021-02-01,Middle Aged
Gusty Smallacombe,Female,49,North Avabury,South Australia,2021-02-24,2021-03-18,2419,117,3,351,Jacket,Shearling,S,yellow,48,22,2021-02-01,Middle Aged
Gusty Smallacombe,Female,49,North Avabury,South Australia,2021-02-24,2021-03-18,2420,112,2,224,Trousers,Tracksuit Bottoms,S,violet,48,22,2021-02-01,Middle Aged
Bartel Clemendet,Genderqueer,43,Kiehnfurt,South Australia,2021-01-25,2021-02-21,1791,106,3,318,Trousers,Wool,L,blue,79,27,2021-01-01,Middle Aged
Bartel Clemendet,Genderqueer,43,Kiehnfurt,South Australia,2021-01-25,2021-02-21,1792,119,2,238,Shirt,Casual Slim Fit,S,orange,54,27,2021-01-01,Middle Aged
Gusty Smallacombe,Female,49,North Avabury,South Australia,2021-01-09,2021-01-22,2836,117,2,234,Jacket,Shearling,XL,green,51,13,2021-01-01,Middle Aged
Gusty Smallacombe,Female,49,North Avabury,South Australia,2021-01-09,2021-01-22,2837,106,2,212,Trousers,Wool,XL,orange,56,13,2021-01-01,Middle Aged
Gusty Smallacombe,Female,49,North Avabury,South Australia,2021-01-09,2021-01-22,2838,94,1,94,Shirt,Henley,S,green,68,13,2021-01-01,Middle Aged
Gusty Smallacombe,Female,49,North Avabury,South Australia,2021-01-09,2021-01-22,2839,112,3,336,Jacket,Cardigan,S,red,47,13,2021-01-01,Middle Aged
Ashlie Godwyn,Polygender,46,Baileyberg,Western Australia,2021-09-25,2021-09-28,1008,119,1,119,Shirt,Casual Slim Fit,L,green,54,3,2021-09-01,Middle Aged
Ashlie Godwyn,Polygender,46,Baileyberg,Western Australia,2021-09-25,2021-09-28,1009,109,3,327,Shirt,Mandarin Collar,M,yellow,58,3,2021-09-01,Middle Aged
Ashlie Godwyn,Polygender,46,Baileyberg,Western Australia,2021-09-25,2021-09-28,1010,90,1,90,Trousers,Relaxed Leg,M,red,56,3,2021-09-01,Middle Aged
Ashlie Godwyn,Polygender,46,Baileyberg,Western Australia,2021-09-25,2021-09-28,1011,117,2,234,Jacket,Shearling,XL,violet,70,3,2021-09-01,Middle Aged
Gusty Smallacombe,Female,49,North Avabury,South Australia,2021-09-03,2021-09-18,2908,106,3,318,Shirt,Chambray,S,orange,69,15,2021-09-01,Middle Aged
Gusty Smallacombe,Female,49,North Avabury,South Australia,2021-09-03,2021-09-18,2909,96,2,192,Shirt,Oxford Cloth,S,blue,51,15,2021-09-01,Middle Aged
Gusty Smallacombe,Female,49,North Avabury,South Australia,2021-09-03,2021-09-18,2910,109,2,218,Shirt,Mandarin Collar,S,orange,52,15,2021-09-01,Middle Aged
Gusty Smallacombe,Female,49,North Avabury,South Australia,2021-09-03,2021-09-18,2911,109,1,109,Shirt,Mandarin Collar,M,orange,78,15,2021-09-01,Middle Aged
Gusty Smallacombe,Female,49,North Avabury,South Australia,2021-09-03,2021-09-18,2912,112,1,112,Jacket,Cardigan,L,blue,68,15,2021-09-01,Middle Aged
Gusty Smallacombe,Female,49,North Avabury,South Australia,2021-09-03,2021-09-18,2913,113,2,226,Jacket,Parka,M,blue,54,15,2021-09-01,Middle Aged
Krystle Boyce,Non-binary,71,Lake Lillyville,Northern Territory,2021-05-02,2021-05-04,1723,92,2,184,Shirt,Denim,XS,blue,76,2,2021-05-01,Senior
Krystle Boyce,Non-binary,71,Lake Lillyville,Northern Territory,2021-05-02,2021-05-04,1724,94,1,94,Trousers,Cords,M,yellow,58,2,2021-05-01,Senior
Krystle Boyce,Non-binary,71,Lake Lillyville,Northern Territory,2021-05-02,2021-05-04,1725,105,2,210,Trousers,Pleated,S,green,55,2,2021-05-01,Senior
Krystle Boyce,Non-binary,71,Lake Lillyville,Northern Territory,2021-05-02,2021-05-04,1726,94,2,188,Trousers,Cords,M,indigo,52,2,2021-05-01,Senior
Krystle Boyce,Non-binary,71,Lake Lillyville,Northern Territory,2021-05-02,2021-05-04,1727,109,3,327,Shirt,Mandarin Collar,XL,indigo,77,2,2021-05-01,Senior
Krystle Boyce,Non-binary,71,Lake Lillyville,Northern Territory,2021-05-02,2021-05-04,1728,94,3,282,Trousers,Cords,S,orange,59,2,2021-05-01,Senior
Krystle Boyce,Non-binary,71,Lake Lillyville,Northern Territory,2021-05-02,2021-05-04,1729,93,2,186,Trousers,Joggers,XS,orange,65,2,2021-05-01,Senior
Krystle Boyce,Non-binary,71,Lake Lillyville,Northern Territory,2021-05-02,2021-05-04,1730,90,3,270,Trousers,Relaxed Leg,L,violet,47,2,2021-05-01,Senior
Krystle Boyce,Non-binary,71,Lake Lillyville,Northern Territory,2021-05-02,2021-05-04,1731,93,1,93,Trousers,Joggers,S,blue,50,2,2021-05-01,Senior
Robena Gilbert,Genderfluid,37,Lake Bellahaven,Queensland,2021-04-24,2021-05-03,2428,100,3,300,Jacket,Bomber,L,green,78,9,2021-04-01,Middle Aged
Robena Gilbert,Genderfluid,37,Lake Bellahaven,Queensland,2021-04-24,2021-05-03,2429,118,3,354,Jacket,Puffer,S,yellow,48,9,2021-04-01,Middle Aged
Robena Gilbert,Genderfluid,37,Lake Bellahaven,Queensland,2021-04-24,2021-05-03,2430,102,3,306,Trousers,Cargo Pants,XL,orange,61,9,2021-04-01,Middle Aged
Robena Gilbert,Genderfluid,37,Lake Bellahaven,Queensland,2021-04-24,2021-05-03,2431,95,1,95,Shirt,Polo,XL,indigo,56,9,2021-04-01,Middle Aged
Robena Gilbert,Genderfluid,37,Lake Bellahaven,Queensland,2021-04-24,2021-05-03,2432,91,3,273,Shirt,Linen,L,orange,73,9,2021-04-01,Middle Aged
Robena Gilbert,Genderfluid,37,Lake Bellahaven,Queensland,2021-04-24,2021-05-03,2433,109,1,109,Jacket,Peacoat,S,blue,50,9,2021-04-01,Middle Aged
Barclay Beswick,Male,50,Gleasonburgh,Northern Territory,2021-08-30,2021-09-04,3009,99,2,198,Trousers,High-Waisted,XS,green,42,5,2021-08-01,Middle Aged
Meryl Neeson,Non-binary,73,Port Molly,Tasmania,2021-07-31,2021-08-15,2434,119,3,357,Shirt,Casual Slim Fit,XL,blue,68,15,2021-07-01,Senior
Meryl Neeson,Non-binary,73,Port Molly,Tasmania,2021-07-31,2021-08-15,2435,118,3,354,Jacket,Puffer,XS,blue,57,15,2021-07-01,Senior
Meryl Neeson,Non-binary,73,Port Molly,Tasmania,2021-07-31,2021-08-15,2436,118,3,354,Jacket,Puffer,XL,yellow,65,15,2021-07-01,Senior
Meryl Neeson,Non-binary,73,Port Molly,Tasmania,2021-07-31,2021-08-15,2437,112,2,224,Jacket,Cardigan,L,yellow,50,15,2021-07-01,Senior
Meryl Neeson,Non-binary,73,Port Molly,Tasmania,2021-07-31,2021-08-15,2438,102,1,102,Jacket,Windbreaker,S,red,54,15,2021-07-01,Senior
Meryl Neeson,Non-binary,73,Port Molly,Tasmania,2021-07-31,2021-08-15,2439,102,3,306,Jacket,Windbreaker,M,yellow,52,15,2021-07-01,Senior
Meryl Neeson,Non-binary,73,Port Molly,Tasmania,2021-07-31,2021-08-15,2440,107,2,214,Jacket,Denim,XS,violet,65,15,2021-07-01,Senior
Meryl Neeson,Non-binary,73,Port Molly,Tasmania,2021-07-31,2021-08-15,2441,119,3,357,Shirt,Casual Slim Fit,XL,red,47,15,2021-07-01,Senior
Jolee Stailey,Bigender,62,Josephmouth,Queensland,2021-04-11,2021-04-22,533,95,3,285,Shirt,Polo,XL,red,76,11,2021-04-01,Senior
Jolee Stailey,Bigender,62,Josephmouth,Queensland,2021-04-11,2021-04-22,534,105,1,105,Trousers,Pleated,S,orange,72,11,2021-04-01,Senior
Jolee Stailey,Bigender,62,Josephmouth,Queensland,2021-04-11,2021-04-22,535,98,1,98,Jacket,Leather,XL,yellow,67,11,2021-04-01,Senior
Jolee Stailey,Bigender,62,Josephmouth,Queensland,2021-04-11,2021-04-22,536,106,1,106,Trousers,Wool,XL,red,58,11,2021-04-01,Senior
Sandy Yushachkov,Genderfluid,35,Claudiaview,Western Australia,2021-01-25,2021-02-14,3714,98,2,196,Jacket,Leather,L,indigo,79,20,2021-01-01,Young
Sandy Yushachkov,Genderfluid,35,Claudiaview,Western Australia,2021-01-25,2021-02-14,3715,106,2,212,Shirt,Chambray,XS,red,48,20,2021-01-01,Young
Sandy Yushachkov,Genderfluid,35,Claudiaview,Western Australia,2021-01-25,2021-02-14,3716,106,3,318,Trousers,Wool,XL,indigo,51,20,2021-01-01,Young
Sandy Yushachkov,Genderfluid,35,Claudiaview,Western Australia,2021-01-25,2021-02-14,3717,93,1,93,Trousers,Joggers,L,orange,49,20,2021-01-01,Young
Sandy Yushachkov,Genderfluid,35,Claudiaview,Western Australia,2021-01-25,2021-02-14,3718,93,1,93,Trousers,Joggers,XL,violet,40,20,2021-01-01,Young
Sandy Yushachkov,Genderfluid,35,Claudiaview,Western Australia,2021-01-25,2021-02-14,3719,104,2,208,Shirt,Dress,L,orange,73,20,2021-01-01,Young
Meryl Neeson,Non-binary,73,Port Molly,Tasmania,2021-07-12,2021-07-22,2550,106,1,106,Shirt,Chambray,XL,indigo,61,10,2021-07-01,Senior
Meryl Neeson,Non-binary,73,Port Molly,Tasmania,2021-07-12,2021-07-22,2551,117,1,117,Jacket,Shearling,S,yellow,48,10,2021-07-01,Senior
Meryl Neeson,Non-binary,73,Port Molly,Tasmania,2021-07-12,2021-07-22,2552,106,2,212,Shirt,Chambray,XS,red,48,10,2021-07-01,Senior
Meryl Neeson,Non-binary,73,Port Molly,Tasmania,2021-08-20,2021-08-30,4776,104,1,104,Shirt,Dress,L,yellow,56,10,2021-08-01,Senior
Meryl Neeson,Non-binary,73,Port Molly,Tasmania,2021-08-20,2021-08-30,4777,92,2,184,Shirt,Denim,M,red,49,10,2021-08-01,Senior
Melodee Spencley,Bigender,49,Crooksshire,Victoria,2021-09-14,2021-09-16,822,102,2,204,Jacket,Windbreaker,XS,violet,68,2,2021-09-01,Middle Aged
Melodee Spencley,Bigender,49,Crooksshire,Victoria,2021-09-14,2021-09-16,823,93,1,93,Jacket,Coach,XS,indigo,42,2,2021-09-01,Middle Aged
Melodee Spencley,Bigender,49,Crooksshire,Victoria,2021-09-14,2021-09-16,824,117,1,117,Jacket,Shearling,M,orange,45,2,2021-09-01,Middle Aged
Melodee Spencley,Bigender,49,Crooksshire,Victoria,2021-09-14,2021-09-16,825,107,3,321,Jacket,Denim,XL,blue,80,2,2021-09-01,Middle Aged
Melodee Spencley,Bigender,49,Crooksshire,Victoria,2021-09-14,2021-09-16,826,91,1,91,Jacket,Pullover,XS,green,70,2,2021-09-01,Middle Aged
Melodee Spencley,Bigender,49,Crooksshire,Victoria,2021-09-14,2021-09-16,827,118,2,236,Shirt,Flannel,XS,green,55,2,2021-09-01,Middle Aged
Melodee Spencley,Bigender,49,Crooksshire,Victoria,2021-09-14,2021-09-16,828,98,2,196,Shirt,Camp Collared,L,blue,56,2,2021-09-01,Middle Aged
Melodee Spencley,Bigender,49,Crooksshire,Victoria,2021-09-14,2021-09-16,829,105,2,210,Shirt,Cuban Collar,XL,violet,44,2,2021-09-01,Middle Aged
Zaria Garken,Female,40,Towneport,Northern Territory,2021-06-22,2021-07-08,3536,93,1,93,Jacket,Coach,XL,yellow,68,16,2021-06-01,Middle Aged
Zaria Garken,Female,40,Towneport,Northern Territory,2021-06-22,2021-07-08,3537,94,3,282,Trousers,Cords,S,red,67,16,2021-06-01,Middle Aged
Zaria Garken,Female,40,Towneport,Northern Territory,2021-06-22,2021-07-08,3538,104,1,104,Shirt,Dress,L,blue,61,16,2021-06-01,Middle Aged
Zaria Garken,Female,40,Towneport,Northern Territory,2021-06-22,2021-07-08,3539,105,1,105,Shirt,Cuban Collar,S,green,58,16,2021-06-01,Middle Aged
Zaria Garken,Female,40,Towneport,Northern Territory,2021-06-22,2021-07-08,3540,119,2,238,Jacket,Trench Coat,S,orange,41,16,2021-06-01,Middle Aged
Zaria Garken,Female,40,Towneport,Northern Territory,2021-06-22,2021-07-08,3541,98,2,196,Shirt,Camp Collared,L,blue,56,16,2021-06-01,Middle Aged
Justin Marden,Bigender,31,Port Ashtonhaven,Queensland,2021-08-10,2021-08-19,2442,91,3,273,Jacket,Pullover,XL,orange,69,9,2021-08-01,Young
Justin Marden,Bigender,31,Port Ashtonhaven,Queensland,2021-08-10,2021-08-19,2443,94,2,188,Shirt,Henley,L,yellow,62,9,2021-08-01,Young
Justin Marden,Bigender,31,Port Ashtonhaven,Queensland,2021-08-10,2021-08-19,2444,117,1,117,Jacket,Shearling,XL,yellow,63,9,2021-08-01,Young
Hildagarde Dell 'Orto,Bigender,51,Jasperside,South Australia,2021-07-08,2021-07-16,4805,104,1,104,Shirt,Dress,XL,red,47,8,2021-07-01,Middle Aged
Hildagarde Dell 'Orto,Bigender,51,Jasperside,South Australia,2021-07-08,2021-07-16,4806,112,1,112,Trousers,Tracksuit Bottoms,L,yellow,41,8,2021-07-01,Middle Aged
Hildagarde Dell 'Orto,Bigender,51,Jasperside,South Australia,2021-07-08,2021-07-16,4807,93,1,93,Trousers,Joggers,XS,orange,65,8,2021-07-01,Middle Aged
Glenn Keri,Non-binary,61,Port Ellaside,New South Wales,2021-06-30,2021-07-18,730,102,1,102,Jacket,Windbreaker,M,blue,70,18,2021-06-01,Senior
Shelden Tinline,Agender,22,East Emily,Tasmania,2021-07-07,2021-07-09,2451,97,1,97,Trousers,Slim-Fit,L,blue,49,2,2021-07-01,Young
Shelden Tinline,Agender,22,East Emily,Tasmania,2021-07-07,2021-07-09,2452,109,3,327,Shirt,Mandarin Collar,M,green,57,2,2021-07-01,Young
Elianore Syphas,Genderfluid,54,Lake William,Victoria,2021-08-16,2021-09-07,1252,109,1,109,Shirt,Mandarin Collar,M,red,60,22,2021-08-01,Middle Aged
Elianore Syphas,Genderfluid,54,Lake William,Victoria,2021-08-16,2021-09-07,1253,91,3,273,Jacket,Pullover,M,orange,60,22,2021-08-01,Middle Aged
Elianore Syphas,Genderfluid,54,Lake William,Victoria,2021-08-16,2021-09-07,1254,91,2,182,Shirt,Linen,M,blue,58,22,2021-08-01,Middle Aged
Malory Emmison,Male,51,Lake Nicholasfort,Australian Capital Territory,2021-07-15,2021-07-23,2453,109,2,218,Shirt,Mandarin Collar,L,orange,56,8,2021-07-01,Middle Aged
Malory Emmison,Male,51,Lake Nicholasfort,Australian Capital Territory,2021-07-15,2021-07-23,2454,90,1,90,Trousers,Relaxed Leg,M,indigo,45,8,2021-07-01,Middle Aged
Malory Emmison,Male,51,Lake Nicholasfort,Australian Capital Territory,2021-07-15,2021-07-23,2455,92,2,184,Shirt,Denim,M,indigo,56,8,2021-07-01,Middle Aged
Malory Emmison,Male,51,Lake Nicholasfort,Australian Capital Territory,2021-07-15,2021-07-23,2456,115,1,115,Trousers,Cropped,S,violet,66,8,2021-07-01,Middle Aged
Isis Doel,Agender,76,Grimesstad,Northern Territory,2021-05-06,2021-05-10,1182,93,3,279,Trousers,Joggers,XL,orange,44,4,2021-05-01,Senior
Isis Doel,Agender,76,Grimesstad,Northern Territory,2021-05-06,2021-05-10,1183,93,2,186,Jacket,Coach,XS,indigo,42,4,2021-05-01,Senior
Isis Doel,Agender,76,Grimesstad,Northern Territory,2021-05-06,2021-05-10,1184,118,3,354,Jacket,Puffer,M,green,72,4,2021-05-01,Senior
Isis Doel,Agender,76,Grimesstad,Northern Territory,2021-05-06,2021-05-10,1185,93,2,186,Trousers,Joggers,XS,red,65,4,2021-05-01,Senior
Katusha Ceney,Bigender,49,Daughertyport,Queensland,2021-05-04,2021-05-22,3377,107,3,321,Jacket,Denim,M,red,43,18,2021-05-01,Middle Aged
Katusha Ceney,Bigender,49,Daughertyport,Queensland,2021-05-04,2021-05-22,3378,95,2,190,Shirt,Polo,L,blue,77,18,2021-05-01,Middle Aged
Malory Emmison,Male,51,Lake Nicholasfort,Australian Capital Territory,2021-08-01,2021-08-12,4353,112,2,224,Trousers,Tracksuit Bottoms,S,violet,48,11,2021-08-01,Middle Aged
Malory Emmison,Male,51,Lake Nicholasfort,Australian Capital Territory,2021-08-01,2021-08-12,4354,91,3,273,Jacket,Pullover,XL,green,65,11,2021-08-01,Middle Aged
Malory Emmison,Male,51,Lake Nicholasfort,Australian Capital Territory,2021-08-01,2021-08-12,4355,119,3,357,Jacket,Trench Coat,XS,blue,59,11,2021-08-01,Middle Aged
Malory Emmison,Male,51,Lake Nicholasfort,Australian Capital Territory,2021-08-01,2021-08-12,4356,98,1,98,Shirt,Camp Collared,S,yellow,66,11,2021-08-01,Middle Aged
Malory Emmison,Male,51,Lake Nicholasfort,Australian Capital Territory,2021-08-01,2021-08-12,4357,99,3,297,Trousers,High-Waisted,S,violet,45,11,2021-08-01,Middle Aged
Maegan Ashton,Genderqueer,67,West Isla,Tasmania,2021-09-22,2021-10-08,64,113,3,339,Jacket,Parka,XL,violet,80,16,2021-09-01,Senior
Maegan Ashton,Genderqueer,67,West Isla,Tasmania,2021-09-22,2021-10-08,65,105,3,315,Trousers,Pleated,XS,orange,74,16,2021-09-01,Senior
Maegan Ashton,Genderqueer,67,West Isla,Tasmania,2021-09-22,2021-10-08,66,105,2,210,Shirt,Cuban Collar,S,yellow,41,16,2021-09-01,Senior
Maegan Ashton,Genderqueer,67,West Isla,Tasmania,2021-09-22,2021-10-08,67,97,3,291,Trousers,Slim-Fit,M,indigo,67,16,2021-09-01,Senior
Maegan Ashton,Genderqueer,67,West Isla,Tasmania,2021-09-22,2021-10-08,68,105,2,210,Trousers,Pleated,M,blue,66,16,2021-09-01,Senior
Binnie Gonzales,Polygender,32,Aidenton,Northern Territory,2021-02-05,2021-02-10,649,104,2,208,Shirt,Dress,S,green,60,5,2021-02-01,Young
Binnie Gonzales,Polygender,32,Aidenton,Northern Territory,2021-02-05,2021-02-10,650,102,3,306,Jacket,Windbreaker,L,indigo,67,5,2021-02-01,Young
Binnie Gonzales,Polygender,32,Aidenton,Northern Territory,2021-02-05,2021-02-10,651,96,2,192,Shirt,Oxford Cloth,M,red,54,5,2021-02-01,Young
Binnie Gonzales,Polygender,32,Aidenton,Northern Territory,2021-02-05,2021-02-10,652,93,1,93,Trousers,Joggers,XS,green,77,5,2021-02-01,Young
Binnie Gonzales,Polygender,32,Aidenton,Northern Territory,2021-02-05,2021-02-10,653,94,2,188,Shirt,Henley,L,violet,51,5,2021-02-01,Young
Trudey Betteridge,Genderfluid,45,Edwardtown,Western Australia,2021-06-18,2021-06-26,327,107,1,107,Jacket,Denim,M,violet,43,8,2021-06-01,Middle Aged
Trudey Betteridge,Genderfluid,45,Edwardtown,Western Australia,2021-06-18,2021-06-26,328,93,2,186,Trousers,Joggers,L,violet,60,8,2021-06-01,Middle Aged
Trudey Betteridge,Genderfluid,45,Edwardtown,Western Australia,2021-06-18,2021-06-26,329,106,1,106,Shirt,Chambray,XL,red,42,8,2021-06-01,Middle Aged
Trudey Betteridge,Genderfluid,45,Edwardtown,Western Australia,2021-06-18,2021-06-26,330,99,1,99,Trousers,High-Waisted,L,red,52,8,2021-06-01,Middle Aged
Trudey Betteridge,Genderfluid,45,Edwardtown,Western Australia,2021-06-18,2021-06-26,331,102,1,102,Trousers,Cargo Pants,M,yellow,72,8,2021-06-01,Middle Aged
Trudey Betteridge,Genderfluid,45,Edwardtown,Western Australia,2021-06-18,2021-06-26,332,93,3,279,Trousers,Joggers,M,green,54,8,2021-06-01,Middle Aged
Trudey Betteridge,Genderfluid,45,Edwardtown,Western Australia,2021-06-18,2021-06-26,333,113,2,226,Trousers,Chinos,M,red,54,8,2021-06-01,Middle Aged
Jojo Toffanini,Agender,34,Elijahshire,Queensland,2021-05-04,2021-05-15,1906,97,2,194,Trousers,Slim-Fit,S,indigo,41,11,2021-05-01,Young
Jojo Toffanini,Agender,34,Elijahshire,Queensland,2021-05-04,2021-05-15,1907,93,3,279,Jacket,Coach,XS,blue,51,11,2021-05-01,Young
Jojo Toffanini,Agender,34,Elijahshire,Queensland,2021-05-04,2021-05-15,1908,90,1,90,Trousers,Relaxed Leg,M,orange,74,11,2021-05-01,Young
Jojo Toffanini,Agender,34,Elijahshire,Queensland,2021-05-04,2021-05-15,1909,94,1,94,Trousers,Cords,XL,green,49,11,2021-05-01,Young
Stephen MacAleese,Agender,43,Lake Aiden,Northern Territory,2021-02-16,2021-02-25,2472,106,1,106,Shirt,Chambray,M,green,56,9,2021-02-01,Middle Aged
Stephen MacAleese,Agender,43,Lake Aiden,Northern Territory,2021-02-16,2021-02-25,2473,93,2,186,Trousers,Joggers,M,violet,72,9,2021-02-01,Middle Aged
Stephen MacAleese,Agender,43,Lake Aiden,Northern Territory,2021-02-16,2021-02-25,2474,90,2,180,Trousers,Relaxed Leg,XL,yellow,54,9,2021-02-01,Middle Aged
Stephen MacAleese,Agender,43,Lake Aiden,Northern Territory,2021-02-16,2021-02-25,2475,98,1,98,Shirt,Camp Collared,L,green,80,9,2021-02-01,Middle Aged
Stephen MacAleese,Agender,43,Lake Aiden,Northern Territory,2021-02-16,2021-02-25,2476,119,3,357,Shirt,Casual Slim Fit,XL,blue,68,9,2021-02-01,Middle Aged
Stephen MacAleese,Agender,43,Lake Aiden,Northern Territory,2021-02-16,2021-02-25,2477,109,2,218,Jacket,Peacoat,M,red,59,9,2021-02-01,Middle Aged
Stephen MacAleese,Agender,43,Lake Aiden,Northern Territory,2021-02-16,2021-02-25,2478,117,1,117,Jacket,Shearling,L,red,40,9,2021-02-01,Middle Aged
Stephen MacAleese,Agender,43,Lake Aiden,Northern Territory,2021-02-16,2021-02-25,2479,113,1,113,Jacket,Parka,M,red,56,9,2021-02-01,Middle Aged
Avivah Roddick,Male,60,Kulasville,New South Wales,2021-07-28,2021-07-31,1599,90,2,180,Trousers,Relaxed Leg,XS,green,80,3,2021-07-01,Senior
Avivah Roddick,Male,60,Kulasville,New South Wales,2021-07-28,2021-07-31,1600,104,1,104,Shirt,Dress,XS,indigo,56,3,2021-07-01,Senior
Avivah Roddick,Male,60,Kulasville,New South Wales,2021-07-28,2021-07-31,1601,107,1,107,Jacket,Denim,S,red,69,3,2021-07-01,Senior
Avivah Roddick,Male,60,Kulasville,New South Wales,2021-07-28,2021-07-31,1602,118,1,118,Shirt,Flannel,XL,violet,43,3,2021-07-01,Senior
Avivah Roddick,Male,60,Kulasville,New South Wales,2021-07-28,2021-07-31,1603,102,3,306,Jacket,Windbreaker,L,green,62,3,2021-07-01,Senior
Avivah Roddick,Male,60,Kulasville,New South Wales,2021-07-28,2021-07-31,1604,119,3,357,Jacket,Trench Coat,M,orange,43,3,2021-07-01,Senior
Avivah Roddick,Male,60,Kulasville,New South Wales,2021-07-28,2021-07-31,1605,118,1,118,Shirt,Flannel,M,violet,71,3,2021-07-01,Senior
Avivah Roddick,Male,60,Kulasville,New South Wales,2021-07-28,2021-07-31,1606,94,1,94,Trousers,Cords,XL,yellow,65,3,2021-07-01,Senior
Wenona Stuck,Agender,34,Hallhaven,New South Wales,2021-04-09,2021-04-11,4471,106,2,212,Trousers,Wool,L,red,74,2,2021-04-01,Young
Judy Mesias,Male,70,Schneiderstad,New South Wales,2021-08-19,2021-09-05,2487,93,2,186,Trousers,Joggers,L,blue,75,17,2021-08-01,Senior
Judy Mesias,Male,70,Schneiderstad,New South Wales,2021-08-19,2021-09-05,2488,97,1,97,Trousers,Slim-Fit,XL,indigo,66,17,2021-08-01,Senior
Judy Mesias,Male,70,Schneiderstad,New South Wales,2021-08-19,2021-09-05,2489,98,3,294,Jacket,Leather,S,red,80,17,2021-08-01,Senior
Judy Mesias,Male,70,Schneiderstad,New South Wales,2021-08-19,2021-09-05,2490,112,2,224,Jacket,Cardigan,S,yellow,79,17,2021-08-01,Senior
Judy Mesias,Male,70,Schneiderstad,New South Wales,2021-08-19,2021-09-05,2491,109,2,218,Shirt,Mandarin Collar,S,blue,44,17,2021-08-01,Senior
Judy Mesias,Male,70,Schneiderstad,New South Wales,2021-08-19,2021-09-05,2492,119,2,238,Jacket,Trench Coat,M,blue,46,17,2021-08-01,Senior
Glyn Tieman,Polygender,63,Georgiatown,Western Australia,2021-05-11,2021-05-28,1594,113,3,339,Trousers,Chinos,XL,indigo,78,17,2021-05-01,Senior
Glyn Tieman,Polygender,63,Georgiatown,Western Australia,2021-05-11,2021-05-28,1595,113,1,113,Trousers,Chinos,L,blue,46,17,2021-05-01,Senior
Judy Mesias,Male,70,Schneiderstad,New South Wales,2021-03-31,2021-04-03,4342,109,3,327,Jacket,Peacoat,L,indigo,45,3,2021-03-01,Senior
Judy Mesias,Male,70,Schneiderstad,New South Wales,2021-03-31,2021-04-03,4343,90,2,180,Trousers,Relaxed Leg,XL,violet,42,3,2021-03-01,Senior
Tommy Ebunoluwa,Female,63,East Mason,Tasmania,2021-01-13,2021-02-08,2493,109,3,327,Jacket,Peacoat,XL,green,68,26,2021-01-01,Senior
Tommy Ebunoluwa,Female,63,East Mason,Tasmania,2021-01-13,2021-02-08,2494,107,1,107,Jacket,Denim,XS,orange,60,26,2021-01-01,Senior
Tommy Ebunoluwa,Female,63,East Mason,Tasmania,2021-01-13,2021-02-08,2495,93,2,186,Trousers,Joggers,L,green,43,26,2021-01-01,Senior
Tommy Ebunoluwa,Female,63,East Mason,Tasmania,2021-01-13,2021-02-08,2496,112,3,336,Jacket,Cardigan,L,blue,68,26,2021-01-01,Senior
Tommy Ebunoluwa,Female,63,East Mason,Tasmania,2021-01-13,2021-02-08,2497,94,1,94,Shirt,Henley,XS,red,62,26,2021-01-01,Senior
Tommy Ebunoluwa,Female,63,East Mason,Tasmania,2021-01-13,2021-02-08,2498,98,1,98,Jacket,Leather,XL,indigo,52,26,2021-01-01,Senior
Tommy Ebunoluwa,Female,63,East Mason,Tasmania,2021-01-13,2021-02-08,2499,115,3,345,Trousers,Cropped,S,red,47,26,2021-01-01,Senior
Zebulen Zannotti,Genderqueer,60,Harveyside,Tasmania,2021-08-17,2021-08-27,2500,90,3,270,Trousers,Relaxed Leg,XL,orange,80,10,2021-08-01,Senior
Zebulen Zannotti,Genderqueer,60,Harveyside,Tasmania,2021-08-17,2021-08-27,2501,106,3,318,Shirt,Chambray,XS,red,48,10,2021-08-01,Senior
Zebulen Zannotti,Genderqueer,60,Harveyside,Tasmania,2021-08-17,2021-08-27,2502,106,2,212,Trousers,Wool,XL,indigo,51,10,2021-08-01,Senior
Zebulen Zannotti,Genderqueer,60,Harveyside,Tasmania,2021-08-17,2021-08-27,2503,118,2,236,Jacket,Puffer,XS,violet,74,10,2021-08-01,Senior
Zebulen Zannotti,Genderqueer,60,Harveyside,Tasmania,2021-08-17,2021-08-27,2504,109,1,109,Jacket,Peacoat,S,red,67,10,2021-08-01,Senior
Zebulen Zannotti,Genderqueer,60,Harveyside,Tasmania,2021-08-17,2021-08-27,2505,119,2,238,Shirt,Casual Slim Fit,L,indigo,60,10,2021-08-01,Senior
Lavina Dartnell,Polygender,23,Boyleberg,Queensland,2021-02-06,2021-03-01,1261,97,2,194,Trousers,Slim-Fit,S,green,70,23,2021-02-01,Young
Lavina Dartnell,Polygender,23,Boyleberg,Queensland,2021-02-06,2021-03-01,1262,96,3,288,Trousers,Drawstring,XS,yellow,41,23,2021-02-01,Young
Lavina Dartnell,Polygender,23,Boyleberg,Queensland,2021-02-06,2021-03-01,1263,94,3,282,Trousers,Cords,S,yellow,68,23,2021-02-01,Young
Lavina Dartnell,Polygender,23,Boyleberg,Queensland,2021-02-06,2021-03-01,1264,107,1,107,Jacket,Denim,XS,orange,60,23,2021-02-01,Young
Udale Ripping,Agender,68,New Alyssa,Queensland,2021-07-15,2021-07-30,1804,91,1,91,Jacket,Pullover,L,blue,66,15,2021-07-01,Senior
Udale Ripping,Agender,68,New Alyssa,Queensland,2021-07-15,2021-07-30,1805,94,3,282,Shirt,Henley,XS,red,62,15,2021-07-01,Senior
Udale Ripping,Agender,68,New Alyssa,Queensland,2021-07-15,2021-07-30,1806,91,3,273,Shirt,Linen,S,violet,44,15,2021-07-01,Senior
Udale Ripping,Agender,68,New Alyssa,Queensland,2021-07-15,2021-07-30,1807,105,2,210,Trousers,Pleated,L,violet,48,15,2021-07-01,Senior
Udale Ripping,Agender,68,New Alyssa,Queensland,2021-07-15,2021-07-30,1808,99,2,198,Trousers,High-Waisted,XS,red,74,15,2021-07-01,Senior
Zebulen Zannotti,Genderqueer,60,Harveyside,Tasmania,2021-03-23,2021-03-28,3303,97,1,97,Trousers,Slim-Fit,L,violet,58,5,2021-03-01,Senior
Zebulen Zannotti,Genderqueer,60,Harveyside,Tasmania,2021-03-23,2021-03-28,3304,98,1,98,Jacket,Leather,M,blue,60,5,2021-03-01,Senior
Zebulen Zannotti,Genderqueer,60,Harveyside,Tasmania,2021-03-23,2021-03-28,3305,96,3,288,Trousers,Drawstring,S,green,73,5,2021-03-01,Senior
Zebulen Zannotti,Genderqueer,60,Harveyside,Tasmania,2021-03-23,2021-03-28,3306,96,1,96,Shirt,Oxford Cloth,L,red,69,5,2021-03-01,Senior
Zebulen Zannotti,Genderqueer,60,Harveyside,Tasmania,2021-03-23,2021-03-28,3307,113,3,339,Jacket,Parka,L,violet,53,5,2021-03-01,Senior
Zebulen Zannotti,Genderqueer,60,Harveyside,Tasmania,2021-03-23,2021-03-28,3308,93,2,186,Trousers,Joggers,M,indigo,66,5,2021-03-01,Senior
Zebulen Zannotti,Genderqueer,60,Harveyside,Tasmania,2021-03-23,2021-03-28,3309,106,2,212,Shirt,Chambray,S,green,63,5,2021-03-01,Senior
Ninetta Phizakarley,Agender,77,Ernserland,Northern Territory,2021-03-16,2021-03-26,2098,113,3,339,Trousers,Chinos,XL,green,50,10,2021-03-01,Senior
Ninetta Phizakarley,Agender,77,Ernserland,Northern Territory,2021-03-16,2021-03-26,2099,105,1,105,Trousers,Pleated,XL,blue,55,10,2021-03-01,Senior
Ninetta Phizakarley,Agender,77,Ernserland,Northern Territory,2021-03-16,2021-03-26,2100,109,2,218,Jacket,Peacoat,M,indigo,52,10,2021-03-01,Senior
Ninetta Phizakarley,Agender,77,Ernserland,Northern Territory,2021-03-16,2021-03-26,2101,106,1,106,Trousers,Wool,XL,blue,41,10,2021-03-01,Senior
Ninetta Phizakarley,Agender,77,Ernserland,Northern Territory,2021-03-16,2021-03-26,2102,99,2,198,Trousers,High-Waisted,S,red,80,10,2021-03-01,Senior
Haslett Edwins,Bigender,59,Kaylafurt,Northern Territory,2021-01-02,2021-01-25,2525,118,2,236,Jacket,Puffer,M,red,62,23,2021-01-01,Senior
Haslett Edwins,Bigender,59,Kaylafurt,Northern Territory,2021-01-02,2021-01-25,2526,92,2,184,Shirt,Denim,S,blue,47,23,2021-01-01,Senior
Haslett Edwins,Bigender,59,Kaylafurt,Northern Territory,2021-01-02,2021-01-25,2527,113,3,339,Trousers,Chinos,S,red,62,23,2021-01-01,Senior
Haslett Edwins,Bigender,59,Kaylafurt,Northern Territory,2021-01-02,2021-01-25,2528,102,3,306,Jacket,Windbreaker,L,blue,41,23,2021-01-01,Senior
Haslett Edwins,Bigender,59,Kaylafurt,Northern Territory,2021-01-02,2021-01-25,2529,112,2,224,Jacket,Cardigan,XL,indigo,78,23,2021-01-01,Senior
Bette-ann Harteley,Bigender,49,Shieldsside,Tasmania,2021-09-18,2021-10-10,1133,96,3,288,Trousers,Drawstring,S,violet,40,22,2021-09-01,Middle Aged
Bette-ann Harteley,Bigender,49,Shieldsside,Tasmania,2021-09-18,2021-10-10,1134,106,3,318,Shirt,Chambray,XL,violet,54,22,2021-09-01,Middle Aged
Bette-ann Harteley,Bigender,49,Shieldsside,Tasmania,2021-09-18,2021-10-10,1135,91,1,91,Shirt,Linen,XL,violet,73,22,2021-09-01,Middle Aged
Brendis Blackboro,Non-binary,74,West Lukeshire,New South Wales,2021-02-19,2021-03-16,4400,119,2,238,Jacket,Trench Coat,XL,blue,69,25,2021-02-01,Senior
Brendis Blackboro,Non-binary,74,West Lukeshire,New South Wales,2021-02-19,2021-03-16,4401,91,2,182,Shirt,Linen,S,red,67,25,2021-02-01,Senior
Brendis Blackboro,Non-binary,74,West Lukeshire,New South Wales,2021-02-19,2021-03-16,4402,91,3,273,Shirt,Linen,S,blue,77,25,2021-02-01,Senior
Brendis Blackboro,Non-binary,74,West Lukeshire,New South Wales,2021-02-19,2021-03-16,4403,104,1,104,Shirt,Dress,M,green,65,25,2021-02-01,Senior
Brendis Blackboro,Non-binary,74,West Lukeshire,New South Wales,2021-02-19,2021-03-16,4404,113,1,113,Trousers,Chinos,XS,blue,69,25,2021-02-01,Senior
Brendis Blackboro,Non-binary,74,West Lukeshire,New South Wales,2021-02-19,2021-03-16,4405,117,1,117,Jacket,Shearling,L,green,66,25,2021-02-01,Senior
Brendis Blackboro,Non-binary,74,West Lukeshire,New South Wales,2021-02-19,2021-03-16,4406,105,2,210,Trousers,Pleated,XS,indigo,52,25,2021-02-01,Senior
Theodor Skipton,Bigender,68,Declanton,South Australia,2021-01-07,2021-01-08,1353,102,1,102,Jacket,Windbreaker,M,yellow,52,1,2021-01-01,Senior
Theodor Skipton,Bigender,68,Declanton,South Australia,2021-01-07,2021-01-08,1354,99,3,297,Trousers,High-Waisted,XL,red,80,1,2021-01-01,Senior
Theodor Skipton,Bigender,68,Declanton,South Australia,2021-01-07,2021-01-08,1355,118,1,118,Jacket,Puffer,XL,red,41,1,2021-01-01,Senior
Lesli Pitfield,Bigender,77,Angelinaville,Tasmania,2021-09-29,2021-10-01,2530,93,1,93,Jacket,Coach,L,yellow,53,2,2021-09-01,Senior
Lesli Pitfield,Bigender,77,Angelinaville,Tasmania,2021-09-29,2021-10-01,2531,112,3,336,Trousers,Tracksuit Bottoms,S,green,72,2,2021-09-01,Senior
Lesli Pitfield,Bigender,77,Angelinaville,Tasmania,2021-09-29,2021-10-01,2532,104,1,104,Shirt,Dress,XL,yellow,75,2,2021-09-01,Senior
Lesli Pitfield,Bigender,77,Angelinaville,Tasmania,2021-09-29,2021-10-01,2533,94,1,94,Trousers,Cords,L,green,62,2,2021-09-01,Senior
Lesli Pitfield,Bigender,77,Angelinaville,Tasmania,2021-09-29,2021-10-01,2534,90,3,270,Trousers,Relaxed Leg,XL,green,64,2,2021-09-01,Senior
Lesli Pitfield,Bigender,77,Angelinaville,Tasmania,2021-09-29,2021-10-01,2535,90,2,180,Trousers,Relaxed Leg,L,orange,78,2,2021-09-01,Senior
Lesli Pitfield,Bigender,77,Angelinaville,Tasmania,2021-09-29,2021-10-01,2536,99,3,297,Trousers,High-Waisted,L,red,52,2,2021-09-01,Senior
Lesli Pitfield,Bigender,77,Angelinaville,Tasmania,2021-09-29,2021-10-01,2537,119,2,238,Shirt,Casual Slim Fit,L,indigo,60,2,2021-09-01,Senior
Duncan Walliker,Genderfluid,37,West Zoe,Victoria,2021-07-09,2021-07-26,1493,119,3,357,Jacket,Trench Coat,S,orange,41,17,2021-07-01,Middle Aged
Duncan Walliker,Genderfluid,37,West Zoe,Victoria,2021-07-09,2021-07-26,1494,102,1,102,Jacket,Windbreaker,XL,yellow,58,17,2021-07-01,Middle Aged
Duncan Walliker,Genderfluid,37,West Zoe,Victoria,2021-07-09,2021-07-26,1495,98,2,196,Shirt,Camp Collared,L,yellow,71,17,2021-07-01,Middle Aged
Duncan Walliker,Genderfluid,37,West Zoe,Victoria,2021-07-09,2021-07-26,1496,105,2,210,Shirt,Cuban Collar,L,indigo,65,17,2021-07-01,Middle Aged
Elizabet Pippin,Non-binary,72,Port Anna,South Australia,2021-03-30,2021-04-14,504,105,1,105,Shirt,Cuban Collar,S,indigo,41,15,2021-03-01,Senior
Elizabet Pippin,Non-binary,72,Port Anna,South Australia,2021-03-30,2021-04-14,505,98,1,98,Shirt,Camp Collared,S,yellow,66,15,2021-03-01,Senior
Elizabet Pippin,Non-binary,72,Port Anna,South Australia,2021-03-30,2021-04-14,506,93,2,186,Trousers,Joggers,S,orange,43,15,2021-03-01,Senior
Elizabet Pippin,Non-binary,72,Port Anna,South Australia,2021-03-30,2021-04-14,507,90,3,270,Trousers,Relaxed Leg,S,green,51,15,2021-03-01,Senior
Elizabet Pippin,Non-binary,72,Port Anna,South Australia,2021-03-30,2021-04-14,508,93,3,279,Jacket,Coach,XS,violet,58,15,2021-03-01,Senior
Elizabet Pippin,Non-binary,72,Port Anna,South Australia,2021-03-30,2021-04-14,509,115,1,115,Trousers,Cropped,S,orange,78,15,2021-03-01,Senior
Saxe Stormonth,Non-binary,51,Lake Owen,South Australia,2021-10-13,2021-11-05,2546,117,3,351,Jacket,Shearling,L,yellow,58,23,2021-10-01,Middle Aged
Saxe Stormonth,Non-binary,51,Lake Owen,South Australia,2021-10-13,2021-11-05,2547,100,2,200,Jacket,Bomber,XL,indigo,50,23,2021-10-01,Middle Aged
Osgood Percifer,Genderqueer,76,Cameronton,Western Australia,2021-10-11,2021-10-28,1498,109,1,109,Shirt,Mandarin Collar,XL,violet,71,17,2021-10-01,Senior
Osgood Percifer,Genderqueer,76,Cameronton,Western Australia,2021-10-11,2021-10-28,1499,94,3,282,Trousers,Cords,S,yellow,68,17,2021-10-01,Senior
Osgood Percifer,Genderqueer,76,Cameronton,Western Australia,2021-10-11,2021-10-28,1500,93,2,186,Trousers,Joggers,XS,blue,67,17,2021-10-01,Senior
Osgood Percifer,Genderqueer,76,Cameronton,Western Australia,2021-10-11,2021-10-28,1501,99,3,297,Trousers,High-Waisted,M,blue,52,17,2021-10-01,Senior
Silvie Bortol,Genderfluid,73,Abigailshire,New South Wales,2021-03-09,2021-03-27,3240,102,2,204,Jacket,Windbreaker,S,indigo,62,18,2021-03-01,Senior
Silvie Bortol,Genderfluid,73,Abigailshire,New South Wales,2021-03-09,2021-03-27,3241,94,3,282,Trousers,Cords,L,violet,74,18,2021-03-01,Senior
Silvie Bortol,Genderfluid,73,Abigailshire,New South Wales,2021-03-09,2021-03-27,3242,119,2,238,Shirt,Casual Slim Fit,S,red,50,18,2021-03-01,Senior
Datha Vicary,Agender,32,New Rileybury,South Australia,2021-03-30,2021-04-18,1365,104,2,208,Shirt,Dress,M,green,65,19,2021-03-01,Young
Datha Vicary,Agender,32,New Rileybury,South Australia,2021-03-30,2021-04-18,1366,98,1,98,Jacket,Leather,M,yellow,77,19,2021-03-01,Young
Datha Vicary,Agender,32,New Rileybury,South Australia,2021-03-30,2021-04-18,1367,118,1,118,Jacket,Puffer,S,indigo,62,19,2021-03-01,Young
Datha Vicary,Agender,32,New Rileybury,South Australia,2021-03-30,2021-04-18,1368,105,2,210,Trousers,Pleated,M,green,41,19,2021-03-01,Young
Datha Vicary,Agender,32,New Rileybury,South Australia,2021-03-30,2021-04-18,1369,112,1,112,Jacket,Cardigan,S,green,62,19,2021-03-01,Young
Datha Vicary,Agender,32,New Rileybury,South Australia,2021-03-30,2021-04-18,1370,107,2,214,Jacket,Denim,M,orange,48,19,2021-03-01,Young
Datha Vicary,Agender,32,New Rileybury,South Australia,2021-03-30,2021-04-18,1371,118,2,236,Shirt,Flannel,XL,red,72,19,2021-03-01,Young
Datha Vicary,Agender,32,New Rileybury,South Australia,2021-03-30,2021-04-18,1372,115,2,230,Trousers,Cropped,S,blue,62,19,2021-03-01,Young
Isidore Bleasdille,Genderfluid,72,Davidtown,Victoria,2021-06-06,2021-06-07,937,93,2,186,Trousers,Joggers,XL,violet,40,1,2021-06-01,Senior
Isidore Bleasdille,Genderfluid,72,Davidtown,Victoria,2021-06-06,2021-06-07,938,104,3,312,Shirt,Dress,L,indigo,71,1,2021-06-01,Senior
Isidore Bleasdille,Genderfluid,72,Davidtown,Victoria,2021-06-06,2021-06-07,939,119,2,238,Shirt,Casual Slim Fit,S,yellow,45,1,2021-06-01,Senior
Isidore Bleasdille,Genderfluid,72,Davidtown,Victoria,2021-06-06,2021-06-07,940,109,1,109,Jacket,Peacoat,M,indigo,52,1,2021-06-01,Senior
Isidore Bleasdille,Genderfluid,72,Davidtown,Victoria,2021-06-06,2021-06-07,941,100,2,200,Jacket,Bomber,L,violet,68,1,2021-06-01,Senior
Isidore Bleasdille,Genderfluid,72,Davidtown,Victoria,2021-06-06,2021-06-07,942,93,2,186,Trousers,Joggers,S,yellow,76,1,2021-06-01,Senior
Isidore Bleasdille,Genderfluid,72,Davidtown,Victoria,2021-06-06,2021-06-07,943,93,3,279,Jacket,Coach,S,indigo,78,1,2021-06-01,Senior
Isidore Bleasdille,Genderfluid,72,Davidtown,Victoria,2021-06-06,2021-06-07,944,119,1,119,Jacket,Trench Coat,M,indigo,42,1,2021-06-01,Senior
Eustacia Andreassen,Male,43,Bergefort,Victoria,2021-05-24,2021-06-04,2548,113,2,226,Trousers,Chinos,L,red,44,11,2021-05-01,Middle Aged
Eustacia Andreassen,Male,43,Bergefort,Victoria,2021-05-24,2021-06-04,2549,93,1,93,Trousers,Joggers,XL,red,58,11,2021-05-01,Middle Aged
Jethro Pollak,Genderqueer,38,Lake Alihaven,Northern Territory,2021-04-03,2021-04-19,3424,99,2,198,Trousers,High-Waisted,XS,blue,51,16,2021-04-01,Middle Aged
Jethro Pollak,Genderqueer,38,Lake Alihaven,Northern Territory,2021-04-03,2021-04-19,3425,96,2,192,Shirt,Oxford Cloth,M,red,54,16,2021-04-01,Middle Aged
Jethro Pollak,Genderqueer,38,Lake Alihaven,Northern Territory,2021-04-03,2021-04-19,3426,115,1,115,Trousers,Cropped,XS,green,48,16,2021-04-01,Middle Aged
Jethro Pollak,Genderqueer,38,Lake Alihaven,Northern Territory,2021-04-03,2021-04-19,3427,100,3,300,Jacket,Bomber,M,green,61,16,2021-04-01,Middle Aged
Jethro Pollak,Genderqueer,38,Lake Alihaven,Northern Territory,2021-04-03,2021-04-19,3428,96,2,192,Trousers,Drawstring,L,green,43,16,2021-04-01,Middle Aged
Marilyn Rontree,Genderqueer,56,Emilymouth,Northern Territory,2021-05-22,2021-06-17,296,90,2,180,Trousers,Relaxed Leg,L,blue,61,26,2021-05-01,Senior
Marilyn Rontree,Genderqueer,56,Emilymouth,Northern Territory,2021-05-22,2021-06-17,297,91,2,182,Jacket,Pullover,L,indigo,50,26,2021-05-01,Senior
Marilyn Rontree,Genderqueer,56,Emilymouth,Northern Territory,2021-05-22,2021-06-17,298,107,2,214,Jacket,Denim,L,violet,50,26,2021-05-01,Senior
Matilde Yanuk,Male,24,Reillyfurt,Victoria,2021-06-20,2021-07-09,1044,113,3,339,Jacket,Parka,M,red,56,19,2021-06-01,Young
Matilde Yanuk,Male,24,Reillyfurt,Victoria,2021-06-20,2021-07-09,1045,115,1,115,Trousers,Cropped,S,indigo,65,19,2021-06-01,Young
Matilde Yanuk,Male,24,Reillyfurt,Victoria,2021-06-20,2021-07-09,1046,119,1,119,Shirt,Casual Slim Fit,XS,violet,55,19,2021-06-01,Young
Matilde Yanuk,Male,24,Reillyfurt,Victoria,2021-06-20,2021-07-09,1047,109,1,109,Jacket,Peacoat,XS,orange,78,19,2021-06-01,Young
Nathaniel McCandless,Polygender,59,West Eviebury,Western Australia,2021-09-28,2021-10-16,693,112,1,112,Trousers,Tracksuit Bottoms,XS,indigo,63,18,2021-09-01,Senior
Puff Newbury,Polygender,27,Port Joshuaside,Northern Territory,2021-02-20,2021-03-19,1809,100,2,200,Jacket,Bomber,XL,blue,47,27,2021-02-01,Young
Puff Newbury,Polygender,27,Port Joshuaside,Northern Territory,2021-02-20,2021-03-19,1810,98,2,196,Shirt,Camp Collared,M,blue,65,27,2021-02-01,Young
Puff Newbury,Polygender,27,Port Joshuaside,Northern Territory,2021-02-20,2021-03-19,1811,113,2,226,Jacket,Parka,S,red,66,27,2021-02-01,Young
Puff Newbury,Polygender,27,Port Joshuaside,Northern Territory,2021-02-20,2021-03-19,1812,99,1,99,Trousers,High-Waisted,XL,red,80,27,2021-02-01,Young
Puff Newbury,Polygender,27,Port Joshuaside,Northern Territory,2021-02-20,2021-03-19,1813,112,3,336,Trousers,Tracksuit Bottoms,XL,yellow,59,27,2021-02-01,Young
Puff Newbury,Polygender,27,Port Joshuaside,Northern Territory,2021-02-20,2021-03-19,1814,99,3,297,Trousers,High-Waisted,L,indigo,55,27,2021-02-01,Young
Puff Newbury,Polygender,27,Port Joshuaside,Northern Territory,2021-02-20,2021-03-19,1815,117,2,234,Jacket,Shearling,S,green,66,27,2021-02-01,Young
Beverly Burbridge,Non-binary,45,Krisland,Western Australia,2021-04-10,2021-05-03,1488,91,3,273,Shirt,Linen,XS,green,49,23,2021-04-01,Middle Aged
Beverly Burbridge,Non-binary,45,Krisland,Western Australia,2021-04-10,2021-05-03,1489,112,3,336,Jacket,Cardigan,XS,yellow,46,23,2021-04-01,Middle Aged
Beverly Burbridge,Non-binary,45,Krisland,Western Australia,2021-04-10,2021-05-03,1490,118,3,354,Shirt,Flannel,XL,violet,43,23,2021-04-01,Middle Aged
Beverly Burbridge,Non-binary,45,Krisland,Western Australia,2021-04-10,2021-05-03,1491,113,3,339,Trousers,Chinos,XS,yellow,41,23,2021-04-01,Middle Aged
Beverly Burbridge,Non-binary,45,Krisland,Western Australia,2021-04-10,2021-05-03,1492,118,2,236,Shirt,Flannel,L,indigo,62,23,2021-04-01,Middle Aged
Alair Grimwad,Female,32,North Mia,Tasmania,2021-05-23,2021-06-13,2553,100,1,100,Jacket,Bomber,S,green,54,21,2021-05-01,Young
Alair Grimwad,Female,32,North Mia,Tasmania,2021-05-23,2021-06-13,2554,106,3,318,Trousers,Wool,M,indigo,56,21,2021-05-01,Young
Alair Grimwad,Female,32,North Mia,Tasmania,2021-05-23,2021-06-13,2555,117,1,117,Jacket,Shearling,M,yellow,60,21,2021-05-01,Young
Alair Grimwad,Female,32,North Mia,Tasmania,2021-05-23,2021-06-13,2556,93,2,186,Trousers,Joggers,M,orange,52,21,2021-05-01,Young
Alair Grimwad,Female,32,North Mia,Tasmania,2021-05-23,2021-06-13,2557,109,1,109,Shirt,Mandarin Collar,S,violet,73,21,2021-05-01,Young
Alair Grimwad,Female,32,North Mia,Tasmania,2021-05-23,2021-06-13,2558,99,1,99,Trousers,High-Waisted,S,indigo,79,21,2021-05-01,Young
Alair Grimwad,Female,32,North Mia,Tasmania,2021-05-23,2021-06-13,2559,113,3,339,Trousers,Chinos,XS,blue,69,21,2021-05-01,Young
Eddie Elcott,Agender,37,South Hugoberg,Australian Capital Territory,2021-05-21,2021-05-26,2560,115,2,230,Trousers,Cropped,L,orange,79,5,2021-05-01,Middle Aged
Eddie Elcott,Agender,37,South Hugoberg,Australian Capital Territory,2021-05-21,2021-05-26,2561,115,2,230,Trousers,Cropped,M,orange,56,5,2021-05-01,Middle Aged
Eddie Elcott,Agender,37,South Hugoberg,Australian Capital Territory,2021-05-21,2021-05-26,2562,119,1,119,Shirt,Casual Slim Fit,XL,yellow,78,5,2021-05-01,Middle Aged
Eddie Elcott,Agender,37,South Hugoberg,Australian Capital Territory,2021-05-21,2021-05-26,2563,102,3,306,Trousers,Cargo Pants,S,red,63,5,2021-05-01,Middle Aged
Joannes Pandie,Female,52,Huelhaven,Australian Capital Territory,2021-09-17,2021-10-10,4251,113,2,226,Jacket,Parka,L,red,73,23,2021-09-01,Middle Aged
Rachelle Jelf,Female,32,Marcusshire,Queensland,2021-06-23,2021-06-30,2564,98,2,196,Shirt,Camp Collared,M,orange,65,7,2021-06-01,Young
Rachelle Jelf,Female,32,Marcusshire,Queensland,2021-06-23,2021-06-30,2565,90,3,270,Trousers,Relaxed Leg,L,green,62,7,2021-06-01,Young
Rachelle Jelf,Female,32,Marcusshire,Queensland,2021-06-23,2021-06-30,2566,95,3,285,Shirt,Polo,XL,blue,70,7,2021-06-01,Young
Rachelle Jelf,Female,32,Marcusshire,Queensland,2021-06-23,2021-06-30,2567,94,3,282,Trousers,Cords,XL,orange,72,7,2021-06-01,Young
Rachelle Jelf,Female,32,Marcusshire,Queensland,2021-06-23,2021-06-30,2568,118,3,354,Jacket,Puffer,XS,yellow,55,7,2021-06-01,Young
Rachelle Jelf,Female,32,Marcusshire,Queensland,2021-06-23,2021-06-30,2569,106,3,318,Trousers,Wool,XS,yellow,67,7,2021-06-01,Young
Rachelle Jelf,Female,32,Marcusshire,Queensland,2021-06-23,2021-06-30,2570,102,3,306,Trousers,Cargo Pants,XL,indigo,64,7,2021-06-01,Young
Rachelle Jelf,Female,32,Marcusshire,Queensland,2021-06-23,2021-06-30,2571,91,2,182,Jacket,Pullover,XS,orange,79,7,2021-06-01,Young
Rachelle Jelf,Female,32,Marcusshire,Queensland,2021-06-23,2021-06-30,2572,105,1,105,Trousers,Pleated,XL,green,55,7,2021-06-01,Young
Patin Circuit,Genderqueer,62,Langfort,Tasmania,2021-04-07,2021-04-17,736,96,3,288,Trousers,Drawstring,L,orange,54,10,2021-04-01,Senior
Patin Circuit,Genderqueer,62,Langfort,Tasmania,2021-04-07,2021-04-17,737,100,1,100,Jacket,Bomber,XS,indigo,59,10,2021-04-01,Senior
Patin Circuit,Genderqueer,62,Langfort,Tasmania,2021-04-07,2021-04-17,738,102,2,204,Jacket,Windbreaker,L,red,40,10,2021-04-01,Senior
Patin Circuit,Genderqueer,62,Langfort,Tasmania,2021-04-07,2021-04-17,739,107,1,107,Jacket,Denim,M,blue,61,10,2021-04-01,Senior
Milton Otson,Non-binary,78,Cooperbury,Western Australia,2021-03-26,2021-04-04,1425,97,3,291,Trousers,Slim-Fit,S,red,71,9,2021-03-01,Senior
Milton Otson,Non-binary,78,Cooperbury,Western Australia,2021-03-26,2021-04-04,1426,113,3,339,Jacket,Parka,M,indigo,66,9,2021-03-01,Senior
Milton Otson,Non-binary,78,Cooperbury,Western Australia,2021-03-26,2021-04-04,1427,112,1,112,Trousers,Tracksuit Bottoms,S,blue,48,9,2021-03-01,Senior
Milton Otson,Non-binary,78,Cooperbury,Western Australia,2021-03-26,2021-04-04,1428,96,2,192,Trousers,Drawstring,XS,green,57,9,2021-03-01,Senior
Milton Otson,Non-binary,78,Cooperbury,Western Australia,2021-03-26,2021-04-04,1429,98,3,294,Shirt,Camp Collared,XL,yellow,44,9,2021-03-01,Senior
Milton Otson,Non-binary,78,Cooperbury,Western Australia,2021-03-26,2021-04-04,1430,112,2,224,Trousers,Tracksuit Bottoms,XS,indigo,63,9,2021-03-01,Senior
Erroll Michelle,Genderqueer,25,New Ava,South Australia,2021-06-03,2021-06-18,2573,98,2,196,Shirt,Camp Collared,XL,blue,51,15,2021-06-01,Young
Erroll Michelle,Genderqueer,25,New Ava,South Australia,2021-06-03,2021-06-18,2574,91,2,182,Jacket,Pullover,S,yellow,42,15,2021-06-01,Young
Erroll Michelle,Genderqueer,25,New Ava,South Australia,2021-06-03,2021-06-18,2575,117,1,117,Jacket,Shearling,S,yellow,48,15,2021-06-01,Young
Erroll Michelle,Genderqueer,25,New Ava,South Australia,2021-06-03,2021-06-18,2576,96,3,288,Trousers,Drawstring,XL,blue,60,15,2021-06-01,Young
Erroll Michelle,Genderqueer,25,New Ava,South Australia,2021-06-03,2021-06-18,2577,109,3,327,Jacket,Peacoat,XS,orange,78,15,2021-06-01,Young
Emanuele Deesly,Genderfluid,24,Rodriguezbury,Victoria,2021-03-17,2021-03-31,2597,119,1,119,Shirt,Casual Slim Fit,XS,blue,55,14,2021-03-01,Young
Emanuele Deesly,Genderfluid,24,Rodriguezbury,Victoria,2021-03-17,2021-03-31,2598,102,3,306,Jacket,Windbreaker,S,red,54,14,2021-03-01,Young
Emanuele Deesly,Genderfluid,24,Rodriguezbury,Victoria,2021-03-17,2021-03-31,2599,94,3,282,Shirt,Henley,M,violet,44,14,2021-03-01,Young
Emanuele Deesly,Genderfluid,24,Rodriguezbury,Victoria,2021-03-17,2021-03-31,2600,112,1,112,Jacket,Cardigan,XS,violet,40,14,2021-03-01,Young
Emanuele Deesly,Genderfluid,24,Rodriguezbury,Victoria,2021-03-17,2021-03-31,2601,119,3,357,Jacket,Trench Coat,M,blue,46,14,2021-03-01,Young
Emanuele Deesly,Genderfluid,24,Rodriguezbury,Victoria,2021-03-17,2021-03-31,2602,92,1,92,Shirt,Denim,XS,violet,73,14,2021-03-01,Young
Emanuele Deesly,Genderfluid,24,Rodriguezbury,Victoria,2021-03-17,2021-03-31,2603,118,3,354,Jacket,Puffer,S,blue,76,14,2021-03-01,Young
Emanuele Deesly,Genderfluid,24,Rodriguezbury,Victoria,2021-03-17,2021-03-31,2604,91,1,91,Shirt,Linen,XL,violet,73,14,2021-03-01,Young
Alicea Momford,Non-binary,23,West Bella,South Australia,2021-06-09,2021-06-14,553,112,1,112,Trousers,Tracksuit Bottoms,S,orange,59,5,2021-06-01,Young
Alicea Momford,Non-binary,23,West Bella,South Australia,2021-06-09,2021-06-14,554,109,2,218,Shirt,Mandarin Collar,XS,indigo,80,5,2021-06-01,Young
Alicea Momford,Non-binary,23,West Bella,South Australia,2021-06-09,2021-06-14,555,94,2,188,Trousers,Cords,S,orange,59,5,2021-06-01,Young
Alicea Momford,Non-binary,23,West Bella,South Australia,2021-06-09,2021-06-14,556,100,1,100,Jacket,Bomber,XS,red,76,5,2021-06-01,Young
Alicea Momford,Non-binary,23,West Bella,South Australia,2021-06-09,2021-06-14,557,96,2,192,Shirt,Oxford Cloth,S,yellow,78,5,2021-06-01,Young
Alicea Momford,Non-binary,23,West Bella,South Australia,2021-06-09,2021-06-14,558,119,3,357,Shirt,Casual Slim Fit,XS,yellow,63,5,2021-06-01,Young
Corinna Maystone,Non-binary,76,Gleasonport,Tasmania,2021-05-13,2021-05-26,1201,99,2,198,Trousers,High-Waisted,S,violet,45,13,2021-05-01,Senior
Corinna Maystone,Non-binary,76,Gleasonport,Tasmania,2021-05-13,2021-05-26,1202,106,1,106,Shirt,Chambray,S,violet,52,13,2021-05-01,Senior
Corinna Maystone,Non-binary,76,Gleasonport,Tasmania,2021-05-13,2021-05-26,1203,96,1,96,Trousers,Drawstring,L,green,43,13,2021-05-01,Senior
Corinna Maystone,Non-binary,76,Gleasonport,Tasmania,2021-05-13,2021-05-26,1204,104,3,312,Shirt,Dress,S,green,60,13,2021-05-01,Senior
Corinna Maystone,Non-binary,76,Gleasonport,Tasmania,2021-05-13,2021-05-26,1205,98,2,196,Jacket,Leather,M,blue,60,13,2021-05-01,Senior
Corinna Maystone,Non-binary,76,Gleasonport,Tasmania,2021-05-13,2021-05-26,1206,119,2,238,Jacket,Trench Coat,XL,indigo,64,13,2021-05-01,Senior
Corinna Maystone,Non-binary,76,Gleasonport,Tasmania,2021-05-13,2021-05-26,1207,96,2,192,Trousers,Drawstring,XS,indigo,61,13,2021-05-01,Senior
Emanuele Deesly,Genderfluid,24,Rodriguezbury,Victoria,2021-01-04,2021-01-23,4840,96,3,288,Trousers,Drawstring,XL,red,77,19,2021-01-01,Young
Emanuele Deesly,Genderfluid,24,Rodriguezbury,Victoria,2021-01-04,2021-01-23,4841,96,2,192,Trousers,Drawstring,M,red,70,19,2021-01-01,Young
Emanuele Deesly,Genderfluid,24,Rodriguezbury,Victoria,2021-01-04,2021-01-23,4842,97,3,291,Trousers,Slim-Fit,XS,blue,55,19,2021-01-01,Young
Emanuele Deesly,Genderfluid,24,Rodriguezbury,Victoria,2021-01-04,2021-01-23,4843,119,3,357,Shirt,Casual Slim Fit,L,green,54,19,2021-01-01,Young
Emanuele Deesly,Genderfluid,24,Rodriguezbury,Victoria,2021-01-04,2021-01-23,4844,112,3,336,Trousers,Tracksuit Bottoms,L,indigo,50,19,2021-01-01,Young
Emanuele Deesly,Genderfluid,24,Rodriguezbury,Victoria,2021-01-04,2021-01-23,4845,105,3,315,Trousers,Pleated,S,blue,60,19,2021-01-01,Young
Emanuele Deesly,Genderfluid,24,Rodriguezbury,Victoria,2021-01-04,2021-01-23,4846,105,2,210,Shirt,Cuban Collar,L,red,45,19,2021-01-01,Young
Emanuele Deesly,Genderfluid,24,Rodriguezbury,Victoria,2021-01-04,2021-01-23,4847,109,1,109,Shirt,Mandarin Collar,XL,red,64,19,2021-01-01,Young
Emanuele Deesly,Genderfluid,24,Rodriguezbury,Victoria,2021-01-04,2021-01-23,4848,102,1,102,Jacket,Windbreaker,XS,blue,59,19,2021-01-01,Young
Emanuele Deesly,Genderfluid,24,Rodriguezbury,Victoria,2021-01-04,2021-01-23,4849,95,2,190,Shirt,Polo,L,blue,77,19,2021-01-01,Young
Jan Gligori,Non-binary,52,West Aidanton,Victoria,2021-03-19,2021-04-05,2605,107,3,321,Jacket,Denim,L,yellow,44,17,2021-03-01,Middle Aged
Jan Gligori,Non-binary,52,West Aidanton,Victoria,2021-03-19,2021-04-05,2606,96,2,192,Trousers,Drawstring,XL,yellow,48,17,2021-03-01,Middle Aged
Jan Gligori,Non-binary,52,West Aidanton,Victoria,2021-03-19,2021-04-05,2607,119,2,238,Jacket,Trench Coat,L,yellow,77,17,2021-03-01,Middle Aged
Ansel Chittem,Polygender,51,North Ivy,Queensland,2021-03-18,2021-03-23,1624,102,2,204,Trousers,Cargo Pants,S,blue,63,5,2021-03-01,Middle Aged
Malcolm Paal,Polygender,69,South Tylermouth,Northern Territory,2021-04-25,2021-05-18,2608,93,3,279,Trousers,Joggers,L,green,43,23,2021-04-01,Senior
Malcolm Paal,Polygender,69,South Tylermouth,Northern Territory,2021-04-25,2021-05-18,2609,94,1,94,Shirt,Henley,XL,red,59,23,2021-04-01,Senior
Malcolm Paal,Polygender,69,South Tylermouth,Northern Territory,2021-04-25,2021-05-18,2610,119,3,357,Jacket,Trench Coat,M,indigo,42,23,2021-04-01,Senior
Malcolm Paal,Polygender,69,South Tylermouth,Northern Territory,2021-04-25,2021-05-18,2611,119,2,238,Jacket,Trench Coat,M,indigo,42,23,2021-04-01,Senior
Malcolm Paal,Polygender,69,South Tylermouth,Northern Territory,2021-04-25,2021-05-18,2612,106,3,318,Shirt,Chambray,S,yellow,40,23,2021-04-01,Senior
Malcolm Paal,Polygender,69,South Tylermouth,Northern Territory,2021-04-25,2021-05-18,2613,113,3,339,Trousers,Chinos,XL,blue,48,23,2021-04-01,Senior
Pen Andrzejczak,Male,30,Lake Oliverberg,New South Wales,2021-03-07,2021-03-28,487,119,3,357,Jacket,Trench Coat,M,orange,43,21,2021-03-01,Young
Pen Andrzejczak,Male,30,Lake Oliverberg,New South Wales,2021-03-07,2021-03-28,488,91,3,273,Shirt,Linen,XS,green,49,21,2021-03-01,Young
Pen Andrzejczak,Male,30,Lake Oliverberg,New South Wales,2021-03-07,2021-03-28,489,105,3,315,Trousers,Pleated,L,red,70,21,2021-03-01,Young
Pen Andrzejczak,Male,30,Lake Oliverberg,New South Wales,2021-03-07,2021-03-28,490,102,1,102,Jacket,Windbreaker,XS,green,57,21,2021-03-01,Young
Pen Andrzejczak,Male,30,Lake Oliverberg,New South Wales,2021-03-07,2021-03-28,491,105,3,315,Trousers,Pleated,XL,blue,55,21,2021-03-01,Young
Pen Andrzejczak,Male,30,Lake Oliverberg,New South Wales,2021-03-07,2021-03-28,492,113,2,226,Jacket,Parka,XS,blue,67,21,2021-03-01,Young
Pen Andrzejczak,Male,30,Lake Oliverberg,New South Wales,2021-03-07,2021-03-28,493,98,2,196,Jacket,Leather,XS,violet,70,21,2021-03-01,Young
Pen Andrzejczak,Male,30,Lake Oliverberg,New South Wales,2021-03-07,2021-03-28,494,119,3,357,Shirt,Casual Slim Fit,XL,orange,53,21,2021-03-01,Young
Kristofor Roos,Agender,22,Jordanside,Australian Capital Territory,2021-08-19,2021-09-09,2327,92,1,92,Shirt,Denim,XL,orange,67,21,2021-08-01,Young
Kristofor Roos,Agender,22,Jordanside,Australian Capital Territory,2021-08-19,2021-09-09,2328,119,3,357,Jacket,Trench Coat,L,indigo,71,21,2021-08-01,Young
Kristofor Roos,Agender,22,Jordanside,Australian Capital Territory,2021-08-19,2021-09-09,2329,118,1,118,Shirt,Flannel,XL,green,77,21,2021-08-01,Young
Kristofor Roos,Agender,22,Jordanside,Australian Capital Territory,2021-08-19,2021-09-09,2330,93,1,93,Trousers,Joggers,XL,green,56,21,2021-08-01,Young
Kristofor Roos,Agender,22,Jordanside,Australian Capital Territory,2021-08-19,2021-09-09,2331,106,1,106,Shirt,Chambray,XL,green,58,21,2021-08-01,Young
Kristofor Roos,Agender,22,Jordanside,Australian Capital Territory,2021-08-19,2021-09-09,2332,106,1,106,Trousers,Wool,L,orange,56,21,2021-08-01,Young
Kristofor Roos,Agender,22,Jordanside,Australian Capital Territory,2021-08-19,2021-09-09,2333,119,2,238,Jacket,Trench Coat,XL,blue,69,21,2021-08-01,Young
Kristofor Roos,Agender,22,Jordanside,Australian Capital Territory,2021-08-19,2021-09-09,2334,98,1,98,Shirt,Camp Collared,XL,orange,48,21,2021-08-01,Young
Kristofor Roos,Agender,22,Jordanside,Australian Capital Territory,2021-08-19,2021-09-09,2335,102,2,204,Trousers,Cargo Pants,XL,violet,77,21,2021-08-01,Young
Ranna Paolillo,Polygender,53,Zacharybury,Northern Territory,2021-09-26,2021-10-04,848,119,1,119,Jacket,Trench Coat,XL,red,40,8,2021-09-01,Middle Aged
Ranna Paolillo,Polygender,53,Zacharybury,Northern Territory,2021-09-26,2021-10-04,849,93,1,93,Jacket,Coach,M,yellow,48,8,2021-09-01,Middle Aged
Ranna Paolillo,Polygender,53,Zacharybury,Northern Territory,2021-09-26,2021-10-04,850,92,1,92,Shirt,Denim,XL,green,52,8,2021-09-01,Middle Aged
Ranna Paolillo,Polygender,53,Zacharybury,Northern Territory,2021-09-26,2021-10-04,851,96,3,288,Shirt,Oxford Cloth,XL,blue,60,8,2021-09-01,Middle Aged
Ranna Paolillo,Polygender,53,Zacharybury,Northern Territory,2021-09-26,2021-10-04,852,115,3,345,Trousers,Cropped,XS,yellow,41,8,2021-09-01,Middle Aged
Ranna Paolillo,Polygender,53,Zacharybury,Northern Territory,2021-09-26,2021-10-04,853,90,1,90,Trousers,Relaxed Leg,L,yellow,65,8,2021-09-01,Middle Aged
Hyacinth Pepper,Agender,20,New Callum,Tasmania,2021-07-21,2021-08-01,2614,91,3,273,Jacket,Pullover,XL,blue,74,11,2021-07-01,Young
Hyacinth Pepper,Agender,20,New Callum,Tasmania,2021-07-21,2021-08-01,2615,98,1,98,Shirt,Camp Collared,XL,red,79,11,2021-07-01,Young
Hyacinth Pepper,Agender,20,New Callum,Tasmania,2021-07-21,2021-08-01,2616,118,3,354,Jacket,Puffer,XS,violet,74,11,2021-07-01,Young
Sherwynd Batsford,Polygender,45,Samuelside,New South Wales,2021-02-09,2021-02-11,78,92,2,184,Shirt,Denim,M,indigo,56,2,2021-02-01,Middle Aged
Sherwynd Batsford,Polygender,45,Samuelside,New South Wales,2021-02-09,2021-02-11,79,91,2,182,Jacket,Pullover,S,blue,73,2,2021-02-01,Middle Aged
Sherwynd Batsford,Polygender,45,Samuelside,New South Wales,2021-02-09,2021-02-11,80,118,1,118,Jacket,Puffer,L,orange,66,2,2021-02-01,Middle Aged
Sherwynd Batsford,Polygender,45,Samuelside,New South Wales,2021-02-09,2021-02-11,81,93,2,186,Trousers,Joggers,S,green,76,2,2021-02-01,Middle Aged
Giles Kyne,Polygender,45,Lake Phoenixside,South Australia,2021-05-16,2021-05-22,2623,115,1,115,Trousers,Cropped,M,indigo,73,6,2021-05-01,Middle Aged
Giles Kyne,Polygender,45,Lake Phoenixside,South Australia,2021-05-16,2021-05-22,2624,94,2,188,Trousers,Cords,XL,red,80,6,2021-05-01,Middle Aged
Giles Kyne,Polygender,45,Lake Phoenixside,South Australia,2021-05-16,2021-05-22,2625,95,3,285,Shirt,Polo,S,orange,78,6,2021-05-01,Middle Aged
Giles Kyne,Polygender,45,Lake Phoenixside,South Australia,2021-05-16,2021-05-22,2626,102,3,306,Trousers,Cargo Pants,M,red,52,6,2021-05-01,Middle Aged
Giles Kyne,Polygender,45,Lake Phoenixside,South Australia,2021-05-16,2021-05-22,2627,109,2,218,Shirt,Mandarin Collar,L,indigo,53,6,2021-05-01,Middle Aged
Giles Kyne,Polygender,45,Lake Phoenixside,South Australia,2021-05-16,2021-05-22,2628,90,3,270,Trousers,Relaxed Leg,XS,green,80,6,2021-05-01,Middle Aged
Persis Spiteri,Genderfluid,46,Sofiaberg,Australian Capital Territory,2021-09-13,2021-10-09,2629,94,3,282,Shirt,Henley,XS,red,62,26,2021-09-01,Middle Aged
Persis Spiteri,Genderfluid,46,Sofiaberg,Australian Capital Territory,2021-09-13,2021-10-09,2630,100,1,100,Jacket,Bomber,XL,violet,53,26,2021-09-01,Middle Aged
Persis Spiteri,Genderfluid,46,Sofiaberg,Australian Capital Territory,2021-09-13,2021-10-09,2631,119,2,238,Shirt,Casual Slim Fit,XS,violet,55,26,2021-09-01,Middle Aged
Persis Spiteri,Genderfluid,46,Sofiaberg,Australian Capital Territory,2021-09-13,2021-10-09,2632,92,1,92,Shirt,Denim,XL,orange,67,26,2021-09-01,Middle Aged
Persis Spiteri,Genderfluid,46,Sofiaberg,Australian Capital Territory,2021-09-13,2021-10-09,2633,102,2,204,Jacket,Windbreaker,XL,indigo,60,26,2021-09-01,Middle Aged
Persis Spiteri,Genderfluid,46,Sofiaberg,Australian Capital Territory,2021-09-13,2021-10-09,2634,107,3,321,Jacket,Denim,XS,blue,49,26,2021-09-01,Middle Aged
Persis Spiteri,Genderfluid,46,Sofiaberg,Australian Capital Territory,2021-09-13,2021-10-09,2635,91,1,91,Jacket,Pullover,L,green,72,26,2021-09-01,Middle Aged
Persis Spiteri,Genderfluid,46,Sofiaberg,Australian Capital Territory,2021-09-13,2021-10-09,2636,91,1,91,Shirt,Linen,S,green,58,26,2021-09-01,Middle Aged
Hoebart Edger,Genderqueer,73,Hamiltonport,Queensland,2021-01-17,2021-02-10,4780,119,3,357,Jacket,Trench Coat,M,violet,61,24,2021-01-01,Senior
Hoebart Edger,Genderqueer,73,Hamiltonport,Queensland,2021-01-17,2021-02-10,4781,98,3,294,Shirt,Camp Collared,XS,violet,72,24,2021-01-01,Senior
Hoebart Edger,Genderqueer,73,Hamiltonport,Queensland,2021-01-17,2021-02-10,4782,99,3,297,Trousers,High-Waisted,XL,indigo,57,24,2021-01-01,Senior
Esteban Hensmans,Genderfluid,45,West Finnberg,Australian Capital Territory,2021-07-06,2021-07-31,1516,105,2,210,Shirt,Cuban Collar,XS,orange,62,25,2021-07-01,Middle Aged
Esteban Hensmans,Genderfluid,45,West Finnberg,Australian Capital Territory,2021-07-06,2021-07-31,1517,96,2,192,Shirt,Oxford Cloth,S,violet,41,25,2021-07-01,Middle Aged
Esteban Hensmans,Genderfluid,45,West Finnberg,Australian Capital Territory,2021-07-06,2021-07-31,1518,94,3,282,Trousers,Cords,XL,blue,65,25,2021-07-01,Middle Aged
Esteban Hensmans,Genderfluid,45,West Finnberg,Australian Capital Territory,2021-07-06,2021-07-31,1519,119,1,119,Jacket,Trench Coat,L,yellow,77,25,2021-07-01,Middle Aged
Esteban Hensmans,Genderfluid,45,West Finnberg,Australian Capital Territory,2021-07-06,2021-07-31,1520,91,2,182,Shirt,Linen,XS,green,49,25,2021-07-01,Middle Aged
Esteban Hensmans,Genderfluid,45,West Finnberg,Australian Capital Territory,2021-07-06,2021-07-31,1521,118,2,236,Shirt,Flannel,L,orange,59,25,2021-07-01,Middle Aged
Esteban Hensmans,Genderfluid,45,West Finnberg,Australian Capital Territory,2021-07-06,2021-07-31,1522,94,3,282,Trousers,Cords,XS,blue,60,25,2021-07-01,Middle Aged
Esteban Hensmans,Genderfluid,45,West Finnberg,Australian Capital Territory,2021-07-06,2021-07-31,1523,113,2,226,Jacket,Parka,XL,green,55,25,2021-07-01,Middle Aged
Esteban Hensmans,Genderfluid,45,West Finnberg,Australian Capital Territory,2021-07-06,2021-07-31,1524,117,1,117,Jacket,Shearling,S,violet,49,25,2021-07-01,Middle Aged
Esteban Hensmans,Genderfluid,45,West Finnberg,Australian Capital Territory,2021-07-06,2021-07-31,1525,112,3,336,Trousers,Tracksuit Bottoms,XL,yellow,59,25,2021-07-01,Middle Aged
Esteban Hensmans,Genderfluid,45,West Finnberg,Australian Capital Territory,2021-07-06,2021-07-31,1526,97,1,97,Trousers,Slim-Fit,XL,red,67,25,2021-07-01,Middle Aged
Kip Cantwell,Bigender,54,East Imogen,Western Australia,2021-02-07,2021-02-09,1669,92,3,276,Shirt,Denim,M,violet,55,2,2021-02-01,Middle Aged
Kip Cantwell,Bigender,54,East Imogen,Western Australia,2021-02-07,2021-02-09,1670,102,2,204,Jacket,Windbreaker,M,yellow,52,2,2021-02-01,Middle Aged
Kip Cantwell,Bigender,54,East Imogen,Western Australia,2021-02-07,2021-02-09,1671,118,3,354,Shirt,Flannel,XS,indigo,46,2,2021-02-01,Middle Aged
Kip Cantwell,Bigender,54,East Imogen,Western Australia,2021-02-07,2021-02-09,1672,102,3,306,Jacket,Windbreaker,S,yellow,66,2,2021-02-01,Middle Aged
Kip Cantwell,Bigender,54,East Imogen,Western Australia,2021-02-07,2021-02-09,1673,102,3,306,Trousers,Cargo Pants,L,blue,77,2,2021-02-01,Middle Aged
Kip Cantwell,Bigender,54,East Imogen,Western Australia,2021-02-07,2021-02-09,1674,119,1,119,Shirt,Casual Slim Fit,XL,blue,68,2,2021-02-01,Middle Aged
Kip Cantwell,Bigender,54,East Imogen,Western Australia,2021-02-07,2021-02-09,1675,119,3,357,Shirt,Casual Slim Fit,S,violet,50,2,2021-02-01,Middle Aged
Kip Cantwell,Bigender,54,East Imogen,Western Australia,2021-02-07,2021-02-09,1676,115,3,345,Trousers,Cropped,M,yellow,41,2,2021-02-01,Middle Aged
Chancey Iacovozzo,Agender,60,West John,Tasmania,2021-08-30,2021-09-26,691,96,3,288,Shirt,Oxford Cloth,M,green,60,27,2021-08-01,Senior
Chancey Iacovozzo,Agender,60,West John,Tasmania,2021-08-30,2021-09-26,692,112,3,336,Jacket,Cardigan,XS,green,40,27,2021-08-01,Senior
Sigismundo Basek,Male,53,Amberland,Western Australia,2021-02-19,2021-03-18,3243,119,3,357,Jacket,Trench Coat,M,red,57,27,2021-02-01,Middle Aged
Sigismundo Basek,Male,53,Amberland,Western Australia,2021-02-19,2021-03-18,3244,106,1,106,Shirt,Chambray,M,blue,66,27,2021-02-01,Middle Aged
Sigismundo Basek,Male,53,Amberland,Western Australia,2021-02-19,2021-03-18,3245,106,1,106,Shirt,Chambray,S,orange,69,27,2021-02-01,Middle Aged
Sigismundo Basek,Male,53,Amberland,Western Australia,2021-02-19,2021-03-18,3246,112,2,224,Jacket,Cardigan,XL,red,54,27,2021-02-01,Middle Aged
Sigismundo Basek,Male,53,Amberland,Western Australia,2021-02-19,2021-03-18,3247,100,2,200,Jacket,Bomber,S,red,74,27,2021-02-01,Middle Aged
Sigismundo Basek,Male,53,Amberland,Western Australia,2021-02-19,2021-03-18,3248,102,1,102,Jacket,Windbreaker,M,red,47,27,2021-02-01,Middle Aged
Sigismundo Basek,Male,53,Amberland,Western Australia,2021-02-19,2021-03-18,3249,97,2,194,Trousers,Slim-Fit,XS,indigo,74,27,2021-02-01,Middle Aged
Sigismundo Basek,Male,53,Amberland,Western Australia,2021-02-19,2021-03-18,3250,91,1,91,Jacket,Pullover,S,yellow,42,27,2021-02-01,Middle Aged
Ninnetta Lammin,Bigender,74,Lake Jesse,New South Wales,2021-02-08,2021-02-22,2135,119,2,238,Shirt,Casual Slim Fit,M,yellow,76,14,2021-02-01,Senior
Ninnetta Lammin,Bigender,74,Lake Jesse,New South Wales,2021-02-08,2021-02-22,2136,95,2,190,Shirt,Polo,XS,indigo,47,14,2021-02-01,Senior
Beatrisa Winterscale,Non-binary,68,Port Harrychester,Western Australia,2021-04-15,2021-04-22,984,118,3,354,Shirt,Flannel,XL,violet,43,7,2021-04-01,Senior
Beatrisa Winterscale,Non-binary,68,Port Harrychester,Western Australia,2021-04-15,2021-04-22,985,98,3,294,Shirt,Camp Collared,M,orange,65,7,2021-04-01,Senior
Beatrisa Winterscale,Non-binary,68,Port Harrychester,Western Australia,2021-04-15,2021-04-22,986,99,1,99,Trousers,High-Waisted,M,blue,52,7,2021-04-01,Senior
Beatrisa Winterscale,Non-binary,68,Port Harrychester,Western Australia,2021-04-15,2021-04-22,987,91,3,273,Shirt,Linen,XL,violet,73,7,2021-04-01,Senior
Beatrisa Winterscale,Non-binary,68,Port Harrychester,Western Australia,2021-04-15,2021-04-22,988,106,1,106,Shirt,Chambray,XL,yellow,53,7,2021-04-01,Senior
Beatrisa Winterscale,Non-binary,68,Port Harrychester,Western Australia,2021-04-15,2021-04-22,989,113,1,113,Trousers,Chinos,XS,blue,69,7,2021-04-01,Senior
Violet Alwen,Non-binary,47,Lake Charli,Northern Territory,2021-09-16,2021-10-07,2637,105,2,210,Shirt,Cuban Collar,M,green,45,21,2021-09-01,Middle Aged
Violet Alwen,Non-binary,47,Lake Charli,Northern Territory,2021-09-16,2021-10-07,2638,94,2,188,Shirt,Henley,S,green,68,21,2021-09-01,Middle Aged
Violet Alwen,Non-binary,47,Lake Charli,Northern Territory,2021-09-16,2021-10-07,2639,94,1,94,Trousers,Cords,XS,blue,60,21,2021-09-01,Middle Aged
Violet Alwen,Non-binary,47,Lake Charli,Northern Territory,2021-09-16,2021-10-07,2640,118,3,354,Jacket,Puffer,M,green,72,21,2021-09-01,Middle Aged
Violet Alwen,Non-binary,47,Lake Charli,Northern Territory,2021-09-16,2021-10-07,2641,115,1,115,Trousers,Cropped,XL,red,78,21,2021-09-01,Middle Aged
Violet Alwen,Non-binary,47,Lake Charli,Northern Territory,2021-09-16,2021-10-07,2642,99,2,198,Trousers,High-Waisted,L,yellow,77,21,2021-09-01,Middle Aged
Grissel Harteley,Bigender,22,North Jasperville,Northern Territory,2021-09-08,2021-09-20,2661,109,1,109,Shirt,Mandarin Collar,L,indigo,53,12,2021-09-01,Young
Grissel Harteley,Bigender,22,North Jasperville,Northern Territory,2021-09-08,2021-09-20,2662,106,2,212,Trousers,Wool,XS,red,44,12,2021-09-01,Young
Grissel Harteley,Bigender,22,North Jasperville,Northern Territory,2021-09-08,2021-09-20,2663,112,1,112,Trousers,Tracksuit Bottoms,XS,violet,67,12,2021-09-01,Young
Grissel Harteley,Bigender,22,North Jasperville,Northern Territory,2021-09-08,2021-09-20,2664,104,2,208,Shirt,Dress,XS,indigo,56,12,2021-09-01,Young
Sharleen Langworthy,Agender,35,Isaacberg,South Australia,2021-09-16,2021-09-25,2003,117,1,117,Jacket,Shearling,M,red,49,9,2021-09-01,Young
Sharleen Langworthy,Agender,35,Isaacberg,South Australia,2021-09-16,2021-09-25,2004,119,3,357,Shirt,Casual Slim Fit,XS,blue,55,9,2021-09-01,Young
Sharleen Langworthy,Agender,35,Isaacberg,South Australia,2021-09-16,2021-09-25,2005,118,2,236,Shirt,Flannel,XS,yellow,41,9,2021-09-01,Young
Sharleen Langworthy,Agender,35,Isaacberg,South Australia,2021-09-16,2021-09-25,2006,117,3,351,Jacket,Shearling,XS,orange,54,9,2021-09-01,Young
Henryetta Sheffield,Genderqueer,35,New Masonstad,New South Wales,2021-04-09,2021-05-04,4314,106,1,106,Trousers,Wool,XS,green,73,25,2021-04-01,Young
Henryetta Sheffield,Genderqueer,35,New Masonstad,New South Wales,2021-04-09,2021-05-04,4315,93,3,279,Jacket,Coach,XS,yellow,52,25,2021-04-01,Young
Henryetta Sheffield,Genderqueer,35,New Masonstad,New South Wales,2021-04-09,2021-05-04,4316,104,3,312,Shirt,Dress,M,green,65,25,2021-04-01,Young
Henryetta Sheffield,Genderqueer,35,New Masonstad,New South Wales,2021-04-09,2021-05-04,4317,93,1,93,Jacket,Coach,XL,violet,60,25,2021-04-01,Young
Lizette Lindro,Genderqueer,38,Violetfort,South Australia,2021-06-04,2021-06-09,2665,105,2,210,Trousers,Pleated,XL,orange,69,5,2021-06-01,Middle Aged
Lizette Lindro,Genderqueer,38,Violetfort,South Australia,2021-06-04,2021-06-09,2666,109,3,327,Shirt,Mandarin Collar,XL,indigo,77,5,2021-06-01,Middle Aged
Lizette Lindro,Genderqueer,38,Violetfort,South Australia,2021-06-04,2021-06-09,2667,112,1,112,Jacket,Cardigan,L,blue,68,5,2021-06-01,Middle Aged
Lizette Lindro,Genderqueer,38,Violetfort,South Australia,2021-09-29,2021-10-16,3843,115,3,345,Trousers,Cropped,XS,orange,78,17,2021-09-01,Middle Aged
Lizette Lindro,Genderqueer,38,Violetfort,South Australia,2021-09-29,2021-10-16,3844,90,1,90,Trousers,Relaxed Leg,L,orange,78,17,2021-09-01,Middle Aged
Lizette Lindro,Genderqueer,38,Violetfort,South Australia,2021-09-29,2021-10-16,3845,92,1,92,Shirt,Denim,L,blue,45,17,2021-09-01,Middle Aged
Lizette Lindro,Genderqueer,38,Violetfort,South Australia,2021-09-29,2021-10-16,3846,109,3,327,Jacket,Peacoat,L,yellow,63,17,2021-09-01,Middle Aged
Lizette Lindro,Genderqueer,38,Violetfort,South Australia,2021-09-29,2021-10-16,3847,105,3,315,Shirt,Cuban Collar,S,yellow,41,17,2021-09-01,Middle Aged
Lizette Lindro,Genderqueer,38,Violetfort,South Australia,2021-09-29,2021-10-16,3848,93,2,186,Jacket,Coach,XL,blue,46,17,2021-09-01,Middle Aged
Vanna Densham,Female,53,Hallshire,Western Australia,2021-01-12,2021-02-03,1467,91,2,182,Shirt,Linen,L,yellow,72,22,2021-01-01,Middle Aged
Vanna Densham,Female,53,Hallshire,Western Australia,2021-01-12,2021-02-03,1468,91,3,273,Shirt,Linen,L,red,80,22,2021-01-01,Middle Aged
Vanna Densham,Female,53,Hallshire,Western Australia,2021-01-12,2021-02-03,1469,113,3,339,Jacket,Parka,XL,indigo,78,22,2021-01-01,Middle Aged
Vanna Densham,Female,53,Hallshire,Western Australia,2021-01-12,2021-02-03,1470,98,1,98,Shirt,Camp Collared,XL,blue,51,22,2021-01-01,Middle Aged
Vanna Densham,Female,53,Hallshire,Western Australia,2021-01-12,2021-02-03,1471,102,3,306,Jacket,Windbreaker,M,red,47,22,2021-01-01,Middle Aged
Vanna Densham,Female,53,Hallshire,Western Australia,2021-01-12,2021-02-03,1472,91,2,182,Shirt,Linen,XL,orange,59,22,2021-01-01,Middle Aged
Vanna Densham,Female,53,Hallshire,Western Australia,2021-01-12,2021-02-03,1473,112,3,336,Trousers,Tracksuit Bottoms,M,green,47,22,2021-01-01,Middle Aged
Lizette Lindro,Genderqueer,38,Violetfort,South Australia,2021-07-14,2021-08-02,4392,107,2,214,Jacket,Denim,M,green,79,19,2021-07-01,Middle Aged
Lizette Lindro,Genderqueer,38,Violetfort,South Australia,2021-07-14,2021-08-02,4393,106,2,212,Trousers,Wool,S,violet,59,19,2021-07-01,Middle Aged
Lizette Lindro,Genderqueer,38,Violetfort,South Australia,2021-07-14,2021-08-02,4394,102,1,102,Jacket,Windbreaker,XL,green,71,19,2021-07-01,Middle Aged
Lizette Lindro,Genderqueer,38,Violetfort,South Australia,2021-07-14,2021-08-02,4395,90,2,180,Trousers,Relaxed Leg,M,indigo,45,19,2021-07-01,Middle Aged
Kellie Curbishley,Agender,51,Lake Matildaville,Western Australia,2021-03-26,2021-04-02,1968,99,2,198,Trousers,High-Waisted,XS,indigo,47,7,2021-03-01,Middle Aged
Kellie Curbishley,Agender,51,Lake Matildaville,Western Australia,2021-03-26,2021-04-02,1969,112,3,336,Trousers,Tracksuit Bottoms,XL,blue,68,7,2021-03-01,Middle Aged
Kellie Curbishley,Agender,51,Lake Matildaville,Western Australia,2021-03-26,2021-04-02,1970,95,2,190,Shirt,Polo,XS,indigo,47,7,2021-03-01,Middle Aged
Kellie Curbishley,Agender,51,Lake Matildaville,Western Australia,2021-03-26,2021-04-02,1971,92,1,92,Shirt,Denim,XL,green,52,7,2021-03-01,Middle Aged
Kellie Curbishley,Agender,51,Lake Matildaville,Western Australia,2021-03-26,2021-04-02,1972,100,2,200,Jacket,Bomber,M,indigo,52,7,2021-03-01,Middle Aged
Shanna Pietrzyk,Female,56,Port Alyssa,Queensland,2021-09-23,2021-09-26,2668,95,3,285,Shirt,Polo,S,violet,43,3,2021-09-01,Senior
Shanna Pietrzyk,Female,56,Port Alyssa,Queensland,2021-03-06,2021-03-14,2762,97,3,291,Trousers,Slim-Fit,S,red,71,8,2021-03-01,Senior
Shanna Pietrzyk,Female,56,Port Alyssa,Queensland,2021-03-06,2021-03-14,2763,93,1,93,Jacket,Coach,L,indigo,74,8,2021-03-01,Senior
Shanna Pietrzyk,Female,56,Port Alyssa,Queensland,2021-03-06,2021-03-14,2764,115,2,230,Trousers,Cropped,L,violet,40,8,2021-03-01,Senior
Shanna Pietrzyk,Female,56,Port Alyssa,Queensland,2021-03-06,2021-03-14,2765,97,1,97,Trousers,Slim-Fit,L,indigo,48,8,2021-03-01,Senior
Shanna Pietrzyk,Female,56,Port Alyssa,Queensland,2021-03-06,2021-03-14,2766,105,1,105,Shirt,Cuban Collar,L,blue,65,8,2021-03-01,Senior
Shanna Pietrzyk,Female,56,Port Alyssa,Queensland,2021-06-24,2021-07-02,4721,90,1,90,Trousers,Relaxed Leg,M,indigo,45,8,2021-06-01,Senior
Shanna Pietrzyk,Female,56,Port Alyssa,Queensland,2021-06-24,2021-07-02,4722,94,1,94,Shirt,Henley,XL,orange,52,8,2021-06-01,Senior
Shanna Pietrzyk,Female,56,Port Alyssa,Queensland,2021-06-24,2021-07-02,4723,107,1,107,Jacket,Denim,XS,blue,49,8,2021-06-01,Senior
Hillary Guiness,Agender,27,Harrismouth,Queensland,2021-07-01,2021-07-20,3445,98,2,196,Jacket,Leather,XS,orange,63,19,2021-07-01,Young
Hillary Guiness,Agender,27,Harrismouth,Queensland,2021-07-01,2021-07-20,3446,119,2,238,Shirt,Casual Slim Fit,S,green,72,19,2021-07-01,Young
Hillary Guiness,Agender,27,Harrismouth,Queensland,2021-07-01,2021-07-20,3447,96,1,96,Shirt,Oxford Cloth,L,green,52,19,2021-07-01,Young
Hillary Guiness,Agender,27,Harrismouth,Queensland,2021-07-01,2021-07-20,3448,91,1,91,Shirt,Linen,XS,indigo,70,19,2021-07-01,Young
Hillary Guiness,Agender,27,Harrismouth,Queensland,2021-07-01,2021-07-20,3449,118,2,236,Jacket,Puffer,XS,red,67,19,2021-07-01,Young
Lionel Mansel,Bigender,45,Lukefurt,Western Australia,2021-07-05,2021-07-08,3364,117,2,234,Jacket,Shearling,L,violet,61,3,2021-07-01,Middle Aged
Lionel Mansel,Bigender,45,Lukefurt,Western Australia,2021-07-05,2021-07-08,3365,104,1,104,Shirt,Dress,S,blue,46,3,2021-07-01,Middle Aged
Lionel Mansel,Bigender,45,Lukefurt,Western Australia,2021-07-05,2021-07-08,3366,105,2,210,Shirt,Cuban Collar,S,violet,43,3,2021-07-01,Middle Aged
Lionel Mansel,Bigender,45,Lukefurt,Western Australia,2021-07-05,2021-07-08,3367,104,3,312,Shirt,Dress,S,violet,69,3,2021-07-01,Middle Aged
Lionel Mansel,Bigender,45,Lukefurt,Western Australia,2021-07-05,2021-07-08,3368,117,3,351,Jacket,Shearling,M,blue,73,3,2021-07-01,Middle Aged
Lionel Mansel,Bigender,45,Lukefurt,Western Australia,2021-07-05,2021-07-08,3369,97,3,291,Trousers,Slim-Fit,L,yellow,64,3,2021-07-01,Middle Aged
Angil Crunden,Non-binary,30,Lake Elijah,Australian Capital Territory,2021-02-14,2021-03-13,2675,90,3,270,Trousers,Relaxed Leg,M,orange,74,27,2021-02-01,Young
Angil Crunden,Non-binary,30,Lake Elijah,Australian Capital Territory,2021-02-14,2021-03-13,2676,112,3,336,Trousers,Tracksuit Bottoms,L,blue,72,27,2021-02-01,Young
Angil Crunden,Non-binary,30,Lake Elijah,Australian Capital Territory,2021-02-14,2021-03-13,2677,112,3,336,Trousers,Tracksuit Bottoms,M,orange,47,27,2021-02-01,Young
Vin Rubenovic,Polygender,61,New Emilyton,Northern Territory,2021-01-03,2021-01-25,2686,112,2,224,Trousers,Tracksuit Bottoms,XL,red,45,22,2021-01-01,Senior
Vin Rubenovic,Polygender,61,New Emilyton,Northern Territory,2021-01-03,2021-01-25,2687,107,1,107,Jacket,Denim,M,green,79,22,2021-01-01,Senior
Vin Rubenovic,Polygender,61,New Emilyton,Northern Territory,2021-01-03,2021-01-25,2688,112,3,336,Jacket,Cardigan,L,green,63,22,2021-01-01,Senior
Vin Rubenovic,Polygender,61,New Emilyton,Northern Territory,2021-01-03,2021-01-25,2689,102,3,306,Jacket,Windbreaker,XL,violet,54,22,2021-01-01,Senior
Vin Rubenovic,Polygender,61,New Emilyton,Northern Territory,2021-01-03,2021-01-25,2690,115,3,345,Trousers,Cropped,L,yellow,60,22,2021-01-01,Senior
Beatrisa Winterscale,Non-binary,68,Port Harrychester,Western Australia,2021-07-01,2021-07-16,4662,106,2,212,Trousers,Wool,S,yellow,69,15,2021-07-01,Senior
Beatrisa Winterscale,Non-binary,68,Port Harrychester,Western Australia,2021-07-01,2021-07-16,4663,113,1,113,Trousers,Chinos,L,red,44,15,2021-07-01,Senior
Beatrisa Winterscale,Non-binary,68,Port Harrychester,Western Australia,2021-07-01,2021-07-16,4664,102,2,204,Trousers,Cargo Pants,M,red,52,15,2021-07-01,Senior
Beatrisa Winterscale,Non-binary,68,Port Harrychester,Western Australia,2021-07-01,2021-07-16,4665,90,3,270,Trousers,Relaxed Leg,XS,orange,64,15,2021-07-01,Senior
Beatrisa Winterscale,Non-binary,68,Port Harrychester,Western Australia,2021-07-01,2021-07-16,4666,96,1,96,Trousers,Drawstring,M,yellow,55,15,2021-07-01,Senior
Beatrisa Winterscale,Non-binary,68,Port Harrychester,Western Australia,2021-07-01,2021-07-16,4667,96,2,192,Trousers,Drawstring,S,green,73,15,2021-07-01,Senior
Beatrisa Winterscale,Non-binary,68,Port Harrychester,Western Australia,2021-07-01,2021-07-16,4668,106,3,318,Shirt,Chambray,M,violet,72,15,2021-07-01,Senior
Beatrisa Winterscale,Non-binary,68,Port Harrychester,Western Australia,2021-07-01,2021-07-16,4669,95,3,285,Shirt,Polo,M,green,62,15,2021-07-01,Senior
Marlee Edser,Genderqueer,71,Oscarberg,South Australia,2021-03-21,2021-03-30,2691,118,2,236,Shirt,Flannel,S,yellow,42,9,2021-03-01,Senior
Marlee Edser,Genderqueer,71,Oscarberg,South Australia,2021-03-21,2021-03-30,2692,119,2,238,Shirt,Casual Slim Fit,S,blue,75,9,2021-03-01,Senior
Marlee Edser,Genderqueer,71,Oscarberg,South Australia,2021-03-21,2021-03-30,2693,109,2,218,Jacket,Peacoat,S,green,41,9,2021-03-01,Senior
Marlee Edser,Genderqueer,71,Oscarberg,South Australia,2021-03-21,2021-03-30,2694,98,1,98,Jacket,Leather,XL,indigo,52,9,2021-03-01,Senior
Marlee Edser,Genderqueer,71,Oscarberg,South Australia,2021-03-21,2021-03-30,2695,91,2,182,Jacket,Pullover,S,green,69,9,2021-03-01,Senior
Marlee Edser,Genderqueer,71,Oscarberg,South Australia,2021-03-21,2021-03-30,2696,93,3,279,Jacket,Coach,S,red,76,9,2021-03-01,Senior
Dena Banbrick,Polygender,26,Tylershire,Queensland,2021-01-31,2021-02-27,456,93,3,279,Jacket,Coach,L,yellow,53,27,2021-01-01,Young
Dena Banbrick,Polygender,26,Tylershire,Queensland,2021-01-31,2021-02-27,457,105,1,105,Trousers,Pleated,S,indigo,41,27,2021-01-01,Young
Dena Banbrick,Polygender,26,Tylershire,Queensland,2021-01-31,2021-02-27,458,115,1,115,Trousers,Cropped,L,indigo,63,27,2021-01-01,Young
Dena Banbrick,Polygender,26,Tylershire,Queensland,2021-01-31,2021-02-27,459,118,3,354,Jacket,Puffer,XL,green,42,27,2021-01-01,Young
Dena Banbrick,Polygender,26,Tylershire,Queensland,2021-01-31,2021-02-27,460,115,3,345,Trousers,Cropped,XL,violet,64,27,2021-01-01,Young
Mira Heinonen,Female,62,South Declan,Queensland,2021-01-27,2021-02-03,3981,94,1,94,Shirt,Henley,M,blue,42,7,2021-01-01,Senior
Mira Heinonen,Female,62,South Declan,Queensland,2021-01-27,2021-02-03,3982,97,3,291,Trousers,Slim-Fit,XS,indigo,74,7,2021-01-01,Senior
Mira Heinonen,Female,62,South Declan,Queensland,2021-01-27,2021-02-03,3983,91,3,273,Jacket,Pullover,L,yellow,43,7,2021-01-01,Senior
Mira Heinonen,Female,62,South Declan,Queensland,2021-01-27,2021-02-03,3984,106,2,212,Trousers,Wool,M,orange,75,7,2021-01-01,Senior
Mira Heinonen,Female,62,South Declan,Queensland,2021-01-27,2021-02-03,3985,106,1,106,Shirt,Chambray,M,yellow,62,7,2021-01-01,Senior
Mira Heinonen,Female,62,South Declan,Queensland,2021-01-27,2021-02-03,3986,113,2,226,Trousers,Chinos,XL,orange,48,7,2021-01-01,Senior
Mira Heinonen,Female,62,South Declan,Queensland,2021-01-27,2021-02-03,3987,118,3,354,Shirt,Flannel,M,red,68,7,2021-01-01,Senior
Nara Legerwood,Male,24,Abbottburgh,Northern Territory,2021-06-13,2021-06-18,1274,105,3,315,Trousers,Pleated,S,blue,60,5,2021-06-01,Young
Nara Legerwood,Male,24,Abbottburgh,Northern Territory,2021-06-13,2021-06-18,1275,93,3,279,Jacket,Coach,L,red,80,5,2021-06-01,Young
Nara Legerwood,Male,24,Abbottburgh,Northern Territory,2021-06-13,2021-06-18,1276,90,2,180,Trousers,Relaxed Leg,XL,orange,80,5,2021-06-01,Young
Nara Legerwood,Male,24,Abbottburgh,Northern Territory,2021-06-13,2021-06-18,1277,119,3,357,Shirt,Casual Slim Fit,S,yellow,45,5,2021-06-01,Young
Nara Legerwood,Male,24,Abbottburgh,Northern Territory,2021-06-13,2021-06-18,1278,102,1,102,Trousers,Cargo Pants,M,green,78,5,2021-06-01,Young
Nara Legerwood,Male,24,Abbottburgh,Northern Territory,2021-06-13,2021-06-18,1279,96,2,192,Shirt,Oxford Cloth,L,yellow,75,5,2021-06-01,Young
Kristofor Roos,Agender,22,Jordanside,Australian Capital Territory,2021-01-15,2021-01-24,2465,99,1,99,Trousers,High-Waisted,XL,yellow,78,9,2021-01-01,Young
Kristofor Roos,Agender,22,Jordanside,Australian Capital Territory,2021-01-15,2021-01-24,2466,92,2,184,Shirt,Denim,M,orange,50,9,2021-01-01,Young
Kristofor Roos,Agender,22,Jordanside,Australian Capital Territory,2021-01-15,2021-01-24,2467,118,2,236,Shirt,Flannel,XS,violet,72,9,2021-01-01,Young
Kristofor Roos,Agender,22,Jordanside,Australian Capital Territory,2021-01-15,2021-01-24,2468,105,2,210,Shirt,Cuban Collar,XL,red,65,9,2021-01-01,Young
Kristofor Roos,Agender,22,Jordanside,Australian Capital Territory,2021-01-15,2021-01-24,2469,106,2,212,Trousers,Wool,M,violet,51,9,2021-01-01,Young
Kristofor Roos,Agender,22,Jordanside,Australian Capital Territory,2021-01-15,2021-01-24,2470,97,1,97,Trousers,Slim-Fit,XS,blue,55,9,2021-01-01,Young
Kristofor Roos,Agender,22,Jordanside,Australian Capital Territory,2021-01-15,2021-01-24,2471,96,1,96,Trousers,Drawstring,L,violet,62,9,2021-01-01,Young
Rachel Colebrook,Genderqueer,38,Stokestown,Australian Capital Territory,2021-03-29,2021-03-31,429,92,1,92,Shirt,Denim,XS,green,66,2,2021-03-01,Middle Aged
Rachel Colebrook,Genderqueer,38,Stokestown,Australian Capital Territory,2021-03-29,2021-03-31,430,98,1,98,Jacket,Leather,S,green,77,2,2021-03-01,Middle Aged
Rachel Colebrook,Genderqueer,38,Stokestown,Australian Capital Territory,2021-03-29,2021-03-31,431,113,3,339,Trousers,Chinos,S,green,61,2,2021-03-01,Middle Aged
Rachel Colebrook,Genderqueer,38,Stokestown,Australian Capital Territory,2021-03-29,2021-03-31,432,99,1,99,Trousers,High-Waisted,L,indigo,55,2,2021-03-01,Middle Aged
Rachel Colebrook,Genderqueer,38,Stokestown,Australian Capital Territory,2021-03-29,2021-03-31,433,105,3,315,Shirt,Cuban Collar,M,indigo,58,2,2021-03-01,Middle Aged
Rachel Colebrook,Genderqueer,38,Stokestown,Australian Capital Territory,2021-03-29,2021-03-31,434,105,3,315,Trousers,Pleated,XL,green,55,2,2021-03-01,Middle Aged
Rachel Colebrook,Genderqueer,38,Stokestown,Australian Capital Territory,2021-03-29,2021-03-31,435,98,1,98,Jacket,Leather,XS,blue,77,2,2021-03-01,Middle Aged
Rachel Colebrook,Genderqueer,38,Stokestown,Australian Capital Territory,2021-03-29,2021-03-31,436,118,1,118,Jacket,Puffer,S,blue,76,2,2021-03-01,Middle Aged
Marlee Edser,Genderqueer,71,Oscarberg,South Australia,2021-06-17,2021-07-13,3525,92,2,184,Shirt,Denim,XS,orange,45,26,2021-06-01,Senior
Marlee Edser,Genderqueer,71,Oscarberg,South Australia,2021-06-17,2021-07-13,3526,118,2,236,Shirt,Flannel,XS,indigo,46,26,2021-06-01,Senior
Marlee Edser,Genderqueer,71,Oscarberg,South Australia,2021-06-17,2021-07-13,3527,93,1,93,Jacket,Coach,S,yellow,67,26,2021-06-01,Senior
Marlee Edser,Genderqueer,71,Oscarberg,South Australia,2021-06-17,2021-07-13,3528,119,1,119,Shirt,Casual Slim Fit,M,yellow,76,26,2021-06-01,Senior
Marlee Edser,Genderqueer,71,Oscarberg,South Australia,2021-06-17,2021-07-13,3529,98,1,98,Shirt,Camp Collared,XL,orange,48,26,2021-06-01,Senior
Marlee Edser,Genderqueer,71,Oscarberg,South Australia,2021-06-17,2021-07-13,3530,97,2,194,Trousers,Slim-Fit,S,orange,55,26,2021-06-01,Senior
Lyn Bouts,Female,20,Levihaven,Victoria,2021-03-05,2021-03-14,2714,109,1,109,Shirt,Mandarin Collar,M,blue,76,9,2021-03-01,Young
Lyn Bouts,Female,20,Levihaven,Victoria,2021-03-05,2021-03-14,2715,100,1,100,Jacket,Bomber,XS,blue,44,9,2021-03-01,Young
Lyn Bouts,Female,20,Levihaven,Victoria,2021-03-05,2021-03-14,2716,112,3,336,Jacket,Cardigan,S,blue,53,9,2021-03-01,Young
Lyn Bouts,Female,20,Levihaven,Victoria,2021-03-05,2021-03-14,2717,93,3,279,Trousers,Joggers,XS,violet,50,9,2021-03-01,Young
Lyn Bouts,Female,20,Levihaven,Victoria,2021-03-05,2021-03-14,2718,118,2,236,Shirt,Flannel,XS,orange,42,9,2021-03-01,Young
Lyn Bouts,Female,20,Levihaven,Victoria,2021-03-05,2021-03-14,2719,93,3,279,Jacket,Coach,S,red,76,9,2021-03-01,Young
Lyn Bouts,Female,20,Levihaven,Victoria,2021-03-05,2021-03-14,2720,94,2,188,Shirt,Henley,XS,red,62,9,2021-03-01,Young
Mycah Rodie,Genderfluid,25,Port Abigail,Western Australia,2021-07-17,2021-07-26,2746,91,3,273,Shirt,Linen,S,red,67,9,2021-07-01,Young
Mycah Rodie,Genderfluid,25,Port Abigail,Western Australia,2021-07-17,2021-07-26,2747,117,2,234,Jacket,Shearling,S,indigo,45,9,2021-07-01,Young
Mycah Rodie,Genderfluid,25,Port Abigail,Western Australia,2021-10-03,2021-10-16,3614,117,3,351,Jacket,Shearling,S,violet,49,13,2021-10-01,Young
Mycah Rodie,Genderfluid,25,Port Abigail,Western Australia,2021-10-03,2021-10-16,3615,106,1,106,Trousers,Wool,XL,indigo,51,13,2021-10-01,Young
Mycah Rodie,Genderfluid,25,Port Abigail,Western Australia,2021-10-03,2021-10-16,3616,93,3,279,Trousers,Joggers,XS,red,65,13,2021-10-01,Young
Mycah Rodie,Genderfluid,25,Port Abigail,Western Australia,2021-10-03,2021-10-16,3617,98,3,294,Jacket,Leather,XS,indigo,78,13,2021-10-01,Young
Timothy Compston,Genderqueer,50,New Oliverside,New South Wales,2021-08-04,2021-08-09,2749,104,3,312,Shirt,Dress,L,indigo,71,5,2021-08-01,Middle Aged
Timothy Compston,Genderqueer,50,New Oliverside,New South Wales,2021-08-04,2021-08-09,2750,119,2,238,Jacket,Trench Coat,M,orange,43,5,2021-08-01,Middle Aged
Timothy Compston,Genderqueer,50,New Oliverside,New South Wales,2021-08-04,2021-08-09,2751,119,1,119,Shirt,Casual Slim Fit,XL,yellow,78,5,2021-08-01,Middle Aged
Timothy Compston,Genderqueer,50,New Oliverside,New South Wales,2021-08-04,2021-08-09,2752,112,2,224,Jacket,Cardigan,L,indigo,40,5,2021-08-01,Middle Aged
Timothy Compston,Genderqueer,50,New Oliverside,New South Wales,2021-08-04,2021-08-09,2753,112,3,336,Trousers,Tracksuit Bottoms,L,orange,73,5,2021-08-01,Middle Aged
Timothy Compston,Genderqueer,50,New Oliverside,New South Wales,2021-08-04,2021-08-09,2754,118,1,118,Shirt,Flannel,M,indigo,69,5,2021-08-01,Middle Aged
Alayne Ipplett,Agender,34,Ellieshire,Australian Capital Territory,2021-01-24,2021-02-15,280,91,2,182,Jacket,Pullover,S,violet,74,22,2021-01-01,Young
Alayne Ipplett,Agender,34,Ellieshire,Australian Capital Territory,2021-01-24,2021-02-15,281,112,2,224,Jacket,Cardigan,L,indigo,40,22,2021-01-01,Young
Alayne Ipplett,Agender,34,Ellieshire,Australian Capital Territory,2021-01-24,2021-02-15,282,106,1,106,Trousers,Wool,M,violet,51,22,2021-01-01,Young
Alayne Ipplett,Agender,34,Ellieshire,Australian Capital Territory,2021-01-24,2021-02-15,283,113,2,226,Jacket,Parka,XS,green,75,22,2021-01-01,Young
Lucas Cromly,Polygender,67,O'connertown,Tasmania,2021-05-01,2021-05-11,36,98,1,98,Shirt,Camp Collared,L,indigo,72,10,2021-05-01,Senior
Lucas Cromly,Polygender,67,O'connertown,Tasmania,2021-05-01,2021-05-11,37,118,2,236,Jacket,Puffer,S,violet,46,10,2021-05-01,Senior
Lucas Cromly,Polygender,67,O'connertown,Tasmania,2021-05-01,2021-05-11,38,119,1,119,Jacket,Trench Coat,L,orange,70,10,2021-05-01,Senior
Lucas Cromly,Polygender,67,O'connertown,Tasmania,2021-05-01,2021-05-11,39,90,2,180,Trousers,Relaxed Leg,XS,indigo,60,10,2021-05-01,Senior
Lucas Cromly,Polygender,67,O'connertown,Tasmania,2021-05-01,2021-05-11,40,96,3,288,Trousers,Drawstring,M,orange,76,10,2021-05-01,Senior
Lucas Cromly,Polygender,67,O'connertown,Tasmania,2021-05-01,2021-05-11,41,93,2,186,Trousers,Joggers,S,yellow,76,10,2021-05-01,Senior
Lucas Cromly,Polygender,67,O'connertown,Tasmania,2021-05-01,2021-05-11,42,104,2,208,Shirt,Dress,XS,red,63,10,2021-05-01,Senior
Henrietta Briatt,Agender,24,New Hannah,Australian Capital Territory,2021-08-28,2021-09-15,1438,98,1,98,Jacket,Leather,XL,yellow,67,18,2021-08-01,Young
Henrietta Briatt,Agender,24,New Hannah,Australian Capital Territory,2021-08-28,2021-09-15,1439,100,3,300,Jacket,Bomber,S,orange,49,18,2021-08-01,Young
Henrietta Briatt,Agender,24,New Hannah,Australian Capital Territory,2021-08-28,2021-09-15,1440,112,2,224,Trousers,Tracksuit Bottoms,S,green,72,18,2021-08-01,Young
Henrietta Briatt,Agender,24,New Hannah,Australian Capital Territory,2021-08-28,2021-09-15,1441,98,1,98,Shirt,Camp Collared,S,orange,62,18,2021-08-01,Young
Henrietta Briatt,Agender,24,New Hannah,Australian Capital Territory,2021-08-28,2021-09-15,1442,96,1,96,Shirt,Oxford Cloth,XS,indigo,61,18,2021-08-01,Young
Henrietta Briatt,Agender,24,New Hannah,Australian Capital Territory,2021-08-28,2021-09-15,1443,105,1,105,Trousers,Pleated,XL,indigo,45,18,2021-08-01,Young
Whitney Scarman,Female,27,Trompview,Tasmania,2021-07-07,2021-07-26,139,119,2,238,Shirt,Casual Slim Fit,M,blue,61,19,2021-07-01,Young
Whitney Scarman,Female,27,Trompview,Tasmania,2021-07-07,2021-07-26,140,109,2,218,Shirt,Mandarin Collar,XS,yellow,45,19,2021-07-01,Young
Whitney Scarman,Female,27,Trompview,Tasmania,2021-07-07,2021-07-26,141,96,1,96,Shirt,Oxford Cloth,M,red,54,19,2021-07-01,Young
Whitney Scarman,Female,27,Trompview,Tasmania,2021-07-07,2021-07-26,142,119,2,238,Shirt,Casual Slim Fit,S,indigo,65,19,2021-07-01,Young
Whitney Scarman,Female,27,Trompview,Tasmania,2021-07-07,2021-07-26,143,99,1,99,Trousers,High-Waisted,M,yellow,45,19,2021-07-01,Young
Whitney Scarman,Female,27,Trompview,Tasmania,2021-07-07,2021-07-26,144,118,3,354,Jacket,Puffer,M,orange,61,19,2021-07-01,Young
Barclay Kinsella,Male,47,Lincolnbury,Victoria,2021-09-16,2021-09-18,2755,115,3,345,Trousers,Cropped,S,orange,78,2,2021-09-01,Middle Aged
Daren Airs,Female,75,West Thomas,Victoria,2021-06-20,2021-07-15,616,95,1,95,Shirt,Polo,XS,orange,75,25,2021-06-01,Senior
Vite Durrant,Male,40,Port Michael,Queensland,2021-01-10,2021-01-17,2756,112,2,224,Jacket,Cardigan,XS,green,40,7,2021-01-01,Middle Aged
Vite Durrant,Male,40,Port Michael,Queensland,2021-01-10,2021-01-17,2757,113,3,339,Trousers,Chinos,M,green,49,7,2021-01-01,Middle Aged
Vite Durrant,Male,40,Port Michael,Queensland,2021-01-10,2021-01-17,2758,94,2,188,Trousers,Cords,L,blue,77,7,2021-01-01,Middle Aged
Vite Durrant,Male,40,Port Michael,Queensland,2021-01-10,2021-01-17,2759,102,2,204,Trousers,Cargo Pants,L,green,42,7,2021-01-01,Middle Aged
Vite Durrant,Male,40,Port Michael,Queensland,2021-01-10,2021-01-17,2760,115,3,345,Trousers,Cropped,XL,indigo,58,7,2021-01-01,Middle Aged
Vite Durrant,Male,40,Port Michael,Queensland,2021-01-10,2021-01-17,2761,118,3,354,Shirt,Flannel,XL,yellow,72,7,2021-01-01,Middle Aged
Benny Songist,Non-binary,47,North Lukeshire,Tasmania,2021-03-14,2021-03-31,4489,112,3,336,Jacket,Cardigan,S,indigo,61,17,2021-03-01,Middle Aged
Benny Songist,Non-binary,47,North Lukeshire,Tasmania,2021-03-14,2021-03-31,4490,119,2,238,Shirt,Casual Slim Fit,L,red,78,17,2021-03-01,Middle Aged
Benny Songist,Non-binary,47,North Lukeshire,Tasmania,2021-03-14,2021-03-31,4491,92,2,184,Shirt,Denim,XL,green,52,17,2021-03-01,Middle Aged
Benny Songist,Non-binary,47,North Lukeshire,Tasmania,2021-03-14,2021-03-31,4492,93,1,93,Trousers,Joggers,M,blue,78,17,2021-03-01,Middle Aged
Benny Songist,Non-binary,47,North Lukeshire,Tasmania,2021-03-14,2021-03-31,4493,94,1,94,Trousers,Cords,XS,violet,76,17,2021-03-01,Middle Aged
Seana Hearons,Non-binary,31,South Callum,Tasmania,2021-05-13,2021-05-14,3065,112,2,224,Jacket,Cardigan,XS,blue,54,1,2021-05-01,Young
Seana Hearons,Non-binary,31,South Callum,Tasmania,2021-05-13,2021-05-14,3066,106,2,212,Shirt,Chambray,XS,orange,76,1,2021-05-01,Young
Seana Hearons,Non-binary,31,South Callum,Tasmania,2021-05-13,2021-05-14,3067,112,1,112,Trousers,Tracksuit Bottoms,M,indigo,59,1,2021-05-01,Young
Seana Hearons,Non-binary,31,South Callum,Tasmania,2021-05-13,2021-05-14,3068,107,3,321,Jacket,Denim,M,red,43,1,2021-05-01,Young
Conny Chowne,Female,67,West Hayleyhaven,New South Wales,2021-03-03,2021-03-15,2793,105,2,210,Shirt,Cuban Collar,XS,indigo,50,12,2021-03-01,Senior
Conny Chowne,Female,67,West Hayleyhaven,New South Wales,2021-03-03,2021-03-15,2794,98,3,294,Shirt,Camp Collared,XS,yellow,55,12,2021-03-01,Senior
Conny Chowne,Female,67,West Hayleyhaven,New South Wales,2021-03-03,2021-03-15,2795,98,2,196,Jacket,Leather,M,orange,80,12,2021-03-01,Senior
Conny Chowne,Female,67,West Hayleyhaven,New South Wales,2021-03-03,2021-03-15,2796,100,1,100,Jacket,Bomber,L,orange,71,12,2021-03-01,Senior
Conny Chowne,Female,67,West Hayleyhaven,New South Wales,2021-03-03,2021-03-15,2797,98,2,196,Jacket,Leather,XS,indigo,78,12,2021-03-01,Senior
Conny Chowne,Female,67,West Hayleyhaven,New South Wales,2021-03-03,2021-03-15,2798,119,3,357,Jacket,Trench Coat,XL,indigo,64,12,2021-03-01,Senior
Conny Chowne,Female,67,West Hayleyhaven,New South Wales,2021-03-03,2021-03-15,2799,97,2,194,Trousers,Slim-Fit,L,blue,49,12,2021-03-01,Senior
Matthiew Hinckes,Female,51,Lake Hannah,Queensland,2021-02-05,2021-02-22,1300,105,3,315,Trousers,Pleated,XS,blue,62,17,2021-02-01,Middle Aged
Matthiew Hinckes,Female,51,Lake Hannah,Queensland,2021-02-05,2021-02-22,1301,119,3,357,Jacket,Trench Coat,XS,violet,64,17,2021-02-01,Middle Aged
Matthiew Hinckes,Female,51,Lake Hannah,Queensland,2021-02-05,2021-02-22,1302,118,2,236,Shirt,Flannel,L,violet,76,17,2021-02-01,Middle Aged
Delia Mably,Female,55,Doylebury,Victoria,2021-04-03,2021-04-21,4656,107,2,214,Jacket,Denim,L,violet,50,18,2021-04-01,Middle Aged
Delia Mably,Female,55,Doylebury,Victoria,2021-04-03,2021-04-21,4657,98,1,98,Shirt,Camp Collared,M,indigo,52,18,2021-04-01,Middle Aged
Delia Mably,Female,55,Doylebury,Victoria,2021-04-03,2021-04-21,4658,99,1,99,Trousers,High-Waisted,XS,yellow,64,18,2021-04-01,Middle Aged
Delia Mably,Female,55,Doylebury,Victoria,2021-04-03,2021-04-21,4659,105,1,105,Trousers,Pleated,XL,red,58,18,2021-04-01,Middle Aged
Delia Mably,Female,55,Doylebury,Victoria,2021-04-03,2021-04-21,4660,118,3,354,Shirt,Flannel,M,yellow,59,18,2021-04-01,Middle Aged
Delia Mably,Female,55,Doylebury,Victoria,2021-04-03,2021-04-21,4661,92,2,184,Shirt,Denim,L,orange,45,18,2021-04-01,Middle Aged
Thorny Nornable,Genderqueer,76,Rubyfort,Tasmania,2021-09-30,2021-10-17,3104,102,3,306,Jacket,Windbreaker,L,red,40,17,2021-09-01,Senior
Thorny Nornable,Genderqueer,76,Rubyfort,Tasmania,2021-09-30,2021-10-17,3105,96,3,288,Trousers,Drawstring,XL,blue,60,17,2021-09-01,Senior
Thorny Nornable,Genderqueer,76,Rubyfort,Tasmania,2021-09-30,2021-10-17,3106,90,1,90,Trousers,Relaxed Leg,XS,indigo,60,17,2021-09-01,Senior
Thorny Nornable,Genderqueer,76,Rubyfort,Tasmania,2021-04-25,2021-05-15,1507,93,2,186,Jacket,Coach,XS,yellow,52,20,2021-04-01,Senior
Thorny Nornable,Genderqueer,76,Rubyfort,Tasmania,2021-04-25,2021-05-15,1508,90,2,180,Trousers,Relaxed Leg,S,blue,57,20,2021-04-01,Senior
Thorny Nornable,Genderqueer,76,Rubyfort,Tasmania,2021-04-25,2021-05-15,1509,118,1,118,Shirt,Flannel,L,orange,59,20,2021-04-01,Senior
Thorny Nornable,Genderqueer,76,Rubyfort,Tasmania,2021-04-25,2021-05-15,1510,115,3,345,Trousers,Cropped,XS,blue,47,20,2021-04-01,Senior
Thorny Nornable,Genderqueer,76,Rubyfort,Tasmania,2021-04-25,2021-05-15,1511,113,2,226,Trousers,Chinos,XS,violet,72,20,2021-04-01,Senior
Conny Chowne,Female,67,West Hayleyhaven,New South Wales,2021-07-04,2021-07-16,2810,91,1,91,Jacket,Pullover,L,indigo,50,12,2021-07-01,Senior
Conny Chowne,Female,67,West Hayleyhaven,New South Wales,2021-07-04,2021-07-16,2811,90,3,270,Trousers,Relaxed Leg,XS,violet,49,12,2021-07-01,Senior
Conny Chowne,Female,67,West Hayleyhaven,New South Wales,2021-07-04,2021-07-16,2812,91,3,273,Shirt,Linen,XL,blue,47,12,2021-07-01,Senior
Conny Chowne,Female,67,West Hayleyhaven,New South Wales,2021-07-04,2021-07-16,2813,119,1,119,Shirt,Casual Slim Fit,XL,blue,68,12,2021-07-01,Senior
Conny Chowne,Female,67,West Hayleyhaven,New South Wales,2021-07-04,2021-07-16,2814,106,2,212,Trousers,Wool,XS,indigo,43,12,2021-07-01,Senior
Conny Chowne,Female,67,West Hayleyhaven,New South Wales,2021-07-04,2021-07-16,2815,96,1,96,Trousers,Drawstring,XS,blue,45,12,2021-07-01,Senior
Conny Chowne,Female,67,West Hayleyhaven,New South Wales,2021-07-04,2021-07-16,2816,102,2,204,Jacket,Windbreaker,M,violet,64,12,2021-07-01,Senior
Tobin Jeffryes,Non-binary,40,Lake Alice,Victoria,2021-02-20,2021-02-22,545,94,1,94,Shirt,Henley,XS,yellow,42,2,2021-02-01,Middle Aged
Tobin Jeffryes,Non-binary,40,Lake Alice,Victoria,2021-02-20,2021-02-22,546,118,1,118,Shirt,Flannel,XL,indigo,57,2,2021-02-01,Middle Aged
Tobin Jeffryes,Non-binary,40,Lake Alice,Victoria,2021-02-20,2021-02-22,547,92,1,92,Shirt,Denim,XS,orange,45,2,2021-02-01,Middle Aged
Tobin Jeffryes,Non-binary,40,Lake Alice,Victoria,2021-02-20,2021-02-22,548,112,2,224,Jacket,Cardigan,L,orange,79,2,2021-02-01,Middle Aged
Michaeline McIndrew,Agender,39,Georgeland,Northern Territory,2021-05-28,2021-06-05,2800,91,2,182,Shirt,Linen,XL,red,47,8,2021-05-01,Middle Aged
Michaeline McIndrew,Agender,39,Georgeland,Northern Territory,2021-05-28,2021-06-05,2801,100,2,200,Jacket,Bomber,XS,violet,75,8,2021-05-01,Middle Aged
Ninetta Phizakarley,Agender,77,Ernserland,Northern Territory,2021-08-16,2021-09-06,4148,98,1,98,Jacket,Leather,XL,indigo,52,21,2021-08-01,Senior
Ninetta Phizakarley,Agender,77,Ernserland,Northern Territory,2021-08-16,2021-09-06,4149,98,2,196,Jacket,Leather,M,blue,60,21,2021-08-01,Senior
Jakob Munks,Non-binary,59,Durgantown,Queensland,2021-04-29,2021-05-06,549,98,2,196,Jacket,Leather,S,indigo,40,7,2021-04-01,Senior
Jakob Munks,Non-binary,59,Durgantown,Queensland,2021-04-29,2021-05-06,550,96,1,96,Trousers,Drawstring,S,red,64,7,2021-04-01,Senior
Jakob Munks,Non-binary,59,Durgantown,Queensland,2021-04-29,2021-05-06,551,104,1,104,Shirt,Dress,S,violet,69,7,2021-04-01,Senior
Jakob Munks,Non-binary,59,Durgantown,Queensland,2021-04-29,2021-05-06,552,104,1,104,Shirt,Dress,L,indigo,71,7,2021-04-01,Senior
Marthena Matterson,Bigender,36,Goodwinmouth,South Australia,2021-09-26,2021-10-05,3625,95,3,285,Shirt,Polo,XS,blue,56,9,2021-09-01,Middle Aged
Marthena Matterson,Bigender,36,Goodwinmouth,South Australia,2021-09-26,2021-10-05,3626,96,1,96,Shirt,Oxford Cloth,M,violet,65,9,2021-09-01,Middle Aged
Marthena Matterson,Bigender,36,Goodwinmouth,South Australia,2021-09-26,2021-10-05,3627,105,3,315,Trousers,Pleated,M,indigo,48,9,2021-09-01,Middle Aged
Marthena Matterson,Bigender,36,Goodwinmouth,South Australia,2021-09-26,2021-10-05,3628,112,1,112,Trousers,Tracksuit Bottoms,XL,orange,42,9,2021-09-01,Middle Aged
Brod Phifer,Polygender,32,Hettingerfort,Western Australia,2021-02-15,2021-03-13,2802,93,3,279,Trousers,Joggers,M,green,54,26,2021-02-01,Young
Brod Phifer,Polygender,32,Hettingerfort,Western Australia,2021-02-15,2021-03-13,2803,94,1,94,Trousers,Cords,L,red,53,26,2021-02-01,Young
Brod Phifer,Polygender,32,Hettingerfort,Western Australia,2021-02-15,2021-03-13,2804,113,3,339,Jacket,Parka,M,orange,51,26,2021-02-01,Young
Terri Lunny,Bigender,75,New Callumtown,Western Australia,2021-03-07,2021-04-03,4593,98,3,294,Jacket,Leather,XL,yellow,67,27,2021-03-01,Senior
Terri Lunny,Bigender,75,New Callumtown,Western Australia,2021-03-07,2021-04-03,4594,115,2,230,Trousers,Cropped,XL,violet,64,27,2021-03-01,Senior
Harrietta Burchatt,Genderfluid,20,Port Elliechester,Australian Capital Territory,2021-10-19,2021-10-30,2737,102,3,306,Jacket,Windbreaker,L,orange,68,11,2021-10-01,Young
Harrietta Burchatt,Genderfluid,20,Port Elliechester,Australian Capital Territory,2021-10-19,2021-10-30,2738,99,3,297,Trousers,High-Waisted,M,orange,69,11,2021-10-01,Young
Harrietta Burchatt,Genderfluid,20,Port Elliechester,Australian Capital Territory,2021-10-19,2021-10-30,2739,99,3,297,Trousers,High-Waisted,L,yellow,77,11,2021-10-01,Young
Harrietta Burchatt,Genderfluid,20,Port Elliechester,Australian Capital Territory,2021-10-19,2021-10-30,2740,96,3,288,Trousers,Drawstring,S,violet,40,11,2021-10-01,Young
Harrietta Burchatt,Genderfluid,20,Port Elliechester,Australian Capital Territory,2021-10-19,2021-10-30,2741,94,1,94,Shirt,Henley,XL,violet,77,11,2021-10-01,Young
Harrietta Burchatt,Genderfluid,20,Port Elliechester,Australian Capital Territory,2021-10-19,2021-10-30,2742,112,3,336,Trousers,Tracksuit Bottoms,XS,blue,42,11,2021-10-01,Young
Harrietta Burchatt,Genderfluid,20,Port Elliechester,Australian Capital Territory,2021-10-19,2021-10-30,2743,118,2,236,Jacket,Puffer,XL,blue,80,11,2021-10-01,Young
Harrietta Burchatt,Genderfluid,20,Port Elliechester,Australian Capital Territory,2021-10-19,2021-10-30,2744,99,1,99,Trousers,High-Waisted,M,orange,69,11,2021-10-01,Young
Harrietta Burchatt,Genderfluid,20,Port Elliechester,Australian Capital Territory,2021-10-19,2021-10-30,2745,104,2,208,Shirt,Dress,L,yellow,56,11,2021-10-01,Young
Brod Phifer,Polygender,32,Hettingerfort,Western Australia,2021-10-22,2021-10-24,4075,97,1,97,Trousers,Slim-Fit,S,violet,46,2,2021-10-01,Young
Brod Phifer,Polygender,32,Hettingerfort,Western Australia,2021-10-22,2021-10-24,4076,102,2,204,Jacket,Windbreaker,S,violet,46,2,2021-10-01,Young
Brod Phifer,Polygender,32,Hettingerfort,Western Australia,2021-10-22,2021-10-24,4077,105,3,315,Shirt,Cuban Collar,M,orange,49,2,2021-10-01,Young
Tommie Benoy,Polygender,35,New Harry,Western Australia,2021-02-06,2021-02-25,1781,118,3,354,Jacket,Puffer,XS,yellow,55,19,2021-02-01,Young
Tommie Benoy,Polygender,35,New Harry,Western Australia,2021-02-06,2021-02-25,1782,113,1,113,Jacket,Parka,XS,blue,67,19,2021-02-01,Young
Tommie Benoy,Polygender,35,New Harry,Western Australia,2021-02-06,2021-02-25,1783,106,2,212,Trousers,Wool,M,yellow,43,19,2021-02-01,Young
Tommie Benoy,Polygender,35,New Harry,Western Australia,2021-02-06,2021-02-25,1784,91,1,91,Jacket,Pullover,XL,violet,69,19,2021-02-01,Young
Tommie Benoy,Polygender,35,New Harry,Western Australia,2021-02-06,2021-02-25,1785,93,2,186,Trousers,Joggers,XL,blue,52,19,2021-02-01,Young
Tommie Benoy,Polygender,35,New Harry,Western Australia,2021-02-06,2021-02-25,1786,90,1,90,Trousers,Relaxed Leg,M,indigo,45,19,2021-02-01,Young
Darby Jeffries,Agender,55,South Anthonyburgh,Northern Territory,2021-09-19,2021-10-03,2805,109,2,218,Shirt,Mandarin Collar,S,blue,44,14,2021-09-01,Middle Aged
Darby Jeffries,Agender,55,South Anthonyburgh,Northern Territory,2021-09-19,2021-10-03,2806,105,2,210,Trousers,Pleated,S,indigo,41,14,2021-09-01,Middle Aged
Darby Jeffries,Agender,55,South Anthonyburgh,Northern Territory,2021-09-19,2021-10-03,2807,94,3,282,Shirt,Henley,XS,indigo,58,14,2021-09-01,Middle Aged
Darby Jeffries,Agender,55,South Anthonyburgh,Northern Territory,2021-09-19,2021-10-03,2808,112,3,336,Jacket,Cardigan,L,violet,66,14,2021-09-01,Middle Aged
Darby Jeffries,Agender,55,South Anthonyburgh,Northern Territory,2021-09-19,2021-10-03,2809,106,3,318,Shirt,Chambray,XS,red,48,14,2021-09-01,Middle Aged
Arlie Bowman,Genderqueer,34,Port Annabelle,Northern Territory,2021-07-29,2021-08-02,198,113,1,113,Trousers,Chinos,S,indigo,67,4,2021-07-01,Young
Arlie Bowman,Genderqueer,34,Port Annabelle,Northern Territory,2021-07-29,2021-08-02,199,97,2,194,Trousers,Slim-Fit,L,violet,58,4,2021-07-01,Young
Arlie Bowman,Genderqueer,34,Port Annabelle,Northern Territory,2021-07-29,2021-08-02,200,109,1,109,Shirt,Mandarin Collar,XS,green,63,4,2021-07-01,Young
Arlie Bowman,Genderqueer,34,Port Annabelle,Northern Territory,2021-07-29,2021-08-02,201,112,1,112,Trousers,Tracksuit Bottoms,XS,red,55,4,2021-07-01,Young
Carla Walework,Male,75,East George,Northern Territory,2021-02-02,2021-02-10,258,93,3,279,Trousers,Joggers,L,blue,75,8,2021-02-01,Senior
Carla Walework,Male,75,East George,Northern Territory,2021-02-02,2021-02-10,259,94,2,188,Trousers,Cords,L,orange,74,8,2021-02-01,Senior
Katinka Currier,Non-binary,75,Smythland,South Australia,2021-02-04,2021-02-17,510,119,2,238,Shirt,Casual Slim Fit,S,green,72,13,2021-02-01,Senior
Katinka Currier,Non-binary,75,Smythland,South Australia,2021-02-04,2021-02-17,511,99,1,99,Trousers,High-Waisted,S,yellow,56,13,2021-02-01,Senior
Katinka Currier,Non-binary,75,Smythland,South Australia,2021-02-04,2021-02-17,512,94,3,282,Trousers,Cords,XL,orange,72,13,2021-02-01,Senior
Katinka Currier,Non-binary,75,Smythland,South Australia,2021-02-04,2021-02-17,513,109,2,218,Jacket,Peacoat,XS,blue,48,13,2021-02-01,Senior
Katinka Currier,Non-binary,75,Smythland,South Australia,2021-02-04,2021-02-17,514,95,1,95,Shirt,Polo,XL,yellow,46,13,2021-02-01,Senior
Katinka Currier,Non-binary,75,Smythland,South Australia,2021-02-04,2021-02-17,515,112,1,112,Trousers,Tracksuit Bottoms,XS,blue,42,13,2021-02-01,Senior
Meade Yglesia,Genderfluid,54,New Masonport,Northern Territory,2021-01-31,2021-02-20,592,113,1,113,Jacket,Parka,L,yellow,72,20,2021-01-01,Middle Aged
Meade Yglesia,Genderfluid,54,New Masonport,Northern Territory,2021-01-31,2021-02-20,593,105,2,210,Shirt,Cuban Collar,M,violet,67,20,2021-01-01,Middle Aged
Meade Yglesia,Genderfluid,54,New Masonport,Northern Territory,2021-01-31,2021-02-20,594,107,2,214,Jacket,Denim,XL,blue,80,20,2021-01-01,Middle Aged
Meade Yglesia,Genderfluid,54,New Masonport,Northern Territory,2021-01-31,2021-02-20,595,96,2,192,Shirt,Oxford Cloth,L,violet,73,20,2021-01-01,Middle Aged
Meade Yglesia,Genderfluid,54,New Masonport,Northern Territory,2021-01-31,2021-02-20,596,112,2,224,Jacket,Cardigan,L,green,63,20,2021-01-01,Middle Aged
Meade Yglesia,Genderfluid,54,New Masonport,Northern Territory,2021-01-31,2021-02-20,597,105,3,315,Shirt,Cuban Collar,XS,violet,49,20,2021-01-01,Middle Aged
Esteban Hensmans,Genderfluid,45,West Finnberg,Australian Capital Territory,2021-01-11,2021-02-05,1217,91,1,91,Jacket,Pullover,M,red,55,25,2021-01-01,Middle Aged
Esteban Hensmans,Genderfluid,45,West Finnberg,Australian Capital Territory,2021-01-11,2021-02-05,1218,119,2,238,Shirt,Casual Slim Fit,M,yellow,76,25,2021-01-01,Middle Aged
Esteban Hensmans,Genderfluid,45,West Finnberg,Australian Capital Territory,2021-01-11,2021-02-05,1219,102,2,204,Jacket,Windbreaker,XL,violet,54,25,2021-01-01,Middle Aged
Esteban Hensmans,Genderfluid,45,West Finnberg,Australian Capital Territory,2021-01-11,2021-02-05,1220,93,3,279,Jacket,Coach,M,violet,74,25,2021-01-01,Middle Aged
Esteban Hensmans,Genderfluid,45,West Finnberg,Australian Capital Territory,2021-01-11,2021-02-05,1221,119,3,357,Jacket,Trench Coat,L,indigo,71,25,2021-01-01,Middle Aged
Esteban Hensmans,Genderfluid,45,West Finnberg,Australian Capital Territory,2021-01-11,2021-02-05,1222,113,2,226,Trousers,Chinos,XL,green,50,25,2021-01-01,Middle Aged
Esteban Hensmans,Genderfluid,45,West Finnberg,Australian Capital Territory,2021-01-11,2021-02-05,1223,112,3,336,Jacket,Cardigan,M,violet,75,25,2021-01-01,Middle Aged
Esteban Hensmans,Genderfluid,45,West Finnberg,Australian Capital Territory,2021-01-11,2021-02-05,1224,118,3,354,Shirt,Flannel,L,indigo,62,25,2021-01-01,Middle Aged
Esteban Hensmans,Genderfluid,45,West Finnberg,Australian Capital Territory,2021-01-11,2021-02-05,1225,94,3,282,Shirt,Henley,XL,yellow,55,25,2021-01-01,Middle Aged
Esteban Hensmans,Genderfluid,45,West Finnberg,Australian Capital Territory,2021-01-11,2021-02-05,1226,115,2,230,Trousers,Cropped,XL,green,49,25,2021-01-01,Middle Aged
Dame Popov,Genderfluid,38,New Mayaburgh,Northern Territory,2021-06-26,2021-07-22,284,99,3,297,Trousers,High-Waisted,XL,indigo,57,26,2021-06-01,Middle Aged
Dame Popov,Genderfluid,38,New Mayaburgh,Northern Territory,2021-06-26,2021-07-22,285,109,3,327,Jacket,Peacoat,XL,orange,69,26,2021-06-01,Middle Aged
Crin Johnikin,Polygender,66,South Clairetown,Queensland,2021-05-03,2021-05-11,2029,91,2,182,Jacket,Pullover,M,red,55,8,2021-05-01,Senior
Crin Johnikin,Polygender,66,South Clairetown,Queensland,2021-05-03,2021-05-11,2030,100,3,300,Jacket,Bomber,XL,green,79,8,2021-05-01,Senior
Crin Johnikin,Polygender,66,South Clairetown,Queensland,2021-05-03,2021-05-11,2031,102,2,204,Trousers,Cargo Pants,S,blue,63,8,2021-05-01,Senior
Crin Johnikin,Polygender,66,South Clairetown,Queensland,2021-05-03,2021-05-11,2032,95,3,285,Shirt,Polo,XL,violet,79,8,2021-05-01,Senior
Crin Johnikin,Polygender,66,South Clairetown,Queensland,2021-05-03,2021-05-11,2033,112,3,336,Trousers,Tracksuit Bottoms,XS,orange,57,8,2021-05-01,Senior
Gibbie Beardall,Polygender,67,South Levi,New South Wales,2021-06-14,2021-06-15,3400,106,2,212,Shirt,Chambray,S,orange,69,1,2021-06-01,Senior
Gibbie Beardall,Polygender,67,South Levi,New South Wales,2021-06-14,2021-06-15,3401,104,2,208,Shirt,Dress,M,red,57,1,2021-06-01,Senior
Gibbie Beardall,Polygender,67,South Levi,New South Wales,2021-06-14,2021-06-15,3402,96,3,288,Trousers,Drawstring,M,red,70,1,2021-06-01,Senior
Dannie Fidler,Genderfluid,32,East Max,Tasmania,2021-07-26,2021-08-15,4483,118,3,354,Shirt,Flannel,XL,green,77,20,2021-07-01,Young
Dannie Fidler,Genderfluid,32,East Max,Tasmania,2021-07-26,2021-08-15,4484,117,1,117,Jacket,Shearling,XS,violet,75,20,2021-07-01,Young
Dannie Fidler,Genderfluid,32,East Max,Tasmania,2021-07-26,2021-08-15,4485,112,2,224,Jacket,Cardigan,XS,orange,46,20,2021-07-01,Young
Dannie Fidler,Genderfluid,32,East Max,Tasmania,2021-07-26,2021-08-15,4486,93,1,93,Jacket,Coach,L,yellow,53,20,2021-07-01,Young
Dannie Fidler,Genderfluid,32,East Max,Tasmania,2021-07-26,2021-08-15,4487,118,2,236,Shirt,Flannel,XS,red,42,20,2021-07-01,Young
Dannie Fidler,Genderfluid,32,East Max,Tasmania,2021-07-26,2021-08-15,4488,119,1,119,Jacket,Trench Coat,XS,red,78,20,2021-07-01,Young
Darby Jeffries,Agender,55,South Anthonyburgh,Northern Territory,2021-06-03,2021-06-15,3793,93,1,93,Jacket,Coach,XL,orange,46,12,2021-06-01,Middle Aged
Darby Jeffries,Agender,55,South Anthonyburgh,Northern Territory,2021-06-03,2021-06-15,3794,112,1,112,Trousers,Tracksuit Bottoms,M,blue,61,12,2021-06-01,Middle Aged
Darby Jeffries,Agender,55,South Anthonyburgh,Northern Territory,2021-06-03,2021-06-15,3795,95,1,95,Shirt,Polo,L,green,68,12,2021-06-01,Middle Aged
Gorden Seago,Genderfluid,80,Port Aaronton,Queensland,2021-04-25,2021-05-04,114,117,2,234,Jacket,Shearling,L,red,40,9,2021-04-01,Senior
Gorden Seago,Genderfluid,80,Port Aaronton,Queensland,2021-04-25,2021-05-04,115,91,3,273,Shirt,Linen,XL,yellow,54,9,2021-04-01,Senior
Gorden Seago,Genderfluid,80,Port Aaronton,Queensland,2021-04-25,2021-05-04,116,107,1,107,Jacket,Denim,L,violet,50,9,2021-04-01,Senior
Sonny Tremollet,Male,78,Port Blake,Queensland,2021-04-08,2021-04-13,658,119,3,357,Jacket,Trench Coat,S,red,54,5,2021-04-01,Senior
Sonny Tremollet,Male,78,Port Blake,Queensland,2021-04-08,2021-04-13,659,97,1,97,Trousers,Slim-Fit,XS,yellow,59,5,2021-04-01,Senior
Sonny Tremollet,Male,78,Port Blake,Queensland,2021-04-08,2021-04-13,660,100,1,100,Jacket,Bomber,XS,green,48,5,2021-04-01,Senior
Sonny Tremollet,Male,78,Port Blake,Queensland,2021-04-08,2021-04-13,661,98,2,196,Jacket,Leather,L,orange,78,5,2021-04-01,Senior
Sonny Tremollet,Male,78,Port Blake,Queensland,2021-04-08,2021-04-13,662,113,3,339,Jacket,Parka,M,blue,54,5,2021-04-01,Senior
Sonny Tremollet,Male,78,Port Blake,Queensland,2021-04-08,2021-04-13,663,112,1,112,Jacket,Cardigan,L,violet,66,5,2021-04-01,Senior
Sonny Tremollet,Male,78,Port Blake,Queensland,2021-04-08,2021-04-13,664,102,3,306,Trousers,Cargo Pants,XS,yellow,68,5,2021-04-01,Senior
Darby Aistrop,Genderqueer,47,Hannahberg,Australian Capital Territory,2021-06-05,2021-06-20,1855,98,2,196,Jacket,Leather,M,violet,40,15,2021-06-01,Middle Aged
Darby Aistrop,Genderqueer,47,Hannahberg,Australian Capital Territory,2021-06-05,2021-06-20,1856,118,2,236,Shirt,Flannel,S,green,57,15,2021-06-01,Middle Aged
Darby Aistrop,Genderqueer,47,Hannahberg,Australian Capital Territory,2021-06-05,2021-06-20,1857,98,3,294,Shirt,Camp Collared,M,orange,65,15,2021-06-01,Middle Aged
Darby Aistrop,Genderqueer,47,Hannahberg,Australian Capital Territory,2021-06-05,2021-06-20,1858,99,3,297,Trousers,High-Waisted,M,indigo,61,15,2021-06-01,Middle Aged
Darby Aistrop,Genderqueer,47,Hannahberg,Australian Capital Territory,2021-06-05,2021-06-20,1859,109,3,327,Shirt,Mandarin Collar,S,red,48,15,2021-06-01,Middle Aged
Darby Aistrop,Genderqueer,47,Hannahberg,Australian Capital Territory,2021-06-05,2021-06-20,1860,95,3,285,Shirt,Polo,S,blue,76,15,2021-06-01,Middle Aged
Darby Aistrop,Genderqueer,47,Hannahberg,Australian Capital Territory,2021-06-05,2021-06-20,1861,112,1,112,Trousers,Tracksuit Bottoms,XS,orange,57,15,2021-06-01,Middle Aged
Prissie Dumelow,Genderqueer,52,Leomouth,Northern Territory,2021-08-23,2021-09-19,2817,106,1,106,Trousers,Wool,S,yellow,69,27,2021-08-01,Middle Aged
Prissie Dumelow,Genderqueer,52,Leomouth,Northern Territory,2021-08-23,2021-09-19,2818,117,3,351,Jacket,Shearling,L,violet,61,27,2021-08-01,Middle Aged
Prissie Dumelow,Genderqueer,52,Leomouth,Northern Territory,2021-08-23,2021-09-19,2819,94,2,188,Trousers,Cords,L,violet,74,27,2021-08-01,Middle Aged
Hobie Anfusso,Polygender,26,Port Chloe,New South Wales,2021-02-25,2021-03-15,2820,115,1,115,Trousers,Cropped,XS,green,48,18,2021-02-01,Young
Hobie Anfusso,Polygender,26,Port Chloe,New South Wales,2021-02-25,2021-03-15,2821,117,1,117,Jacket,Shearling,L,indigo,66,18,2021-02-01,Young
Hobie Anfusso,Polygender,26,Port Chloe,New South Wales,2021-02-25,2021-03-15,2822,117,2,234,Jacket,Shearling,S,indigo,45,18,2021-02-01,Young
Hobie Anfusso,Polygender,26,Port Chloe,New South Wales,2021-02-25,2021-03-15,2823,112,1,112,Trousers,Tracksuit Bottoms,XL,green,49,18,2021-02-01,Young
Hobie Anfusso,Polygender,26,Port Chloe,New South Wales,2021-02-25,2021-03-15,2824,112,1,112,Jacket,Cardigan,XS,green,40,18,2021-02-01,Young
Melissa Partkya,Male,23,O'keefeton,Tasmania,2021-07-30,2021-08-01,2775,98,2,196,Shirt,Camp Collared,M,indigo,52,2,2021-07-01,Young
Melissa Partkya,Male,23,O'keefeton,Tasmania,2021-07-30,2021-08-01,2776,118,2,236,Jacket,Puffer,XL,red,41,2,2021-07-01,Young
Melissa Partkya,Male,23,O'keefeton,Tasmania,2021-07-30,2021-08-01,2777,112,2,224,Jacket,Cardigan,XS,red,51,2,2021-07-01,Young
Melissa Partkya,Male,23,O'keefeton,Tasmania,2021-07-30,2021-08-01,2778,98,2,196,Jacket,Leather,XS,orange,63,2,2021-07-01,Young
Melissa Partkya,Male,23,O'keefeton,Tasmania,2021-07-30,2021-08-01,2779,97,3,291,Trousers,Slim-Fit,L,blue,49,2,2021-07-01,Young
Melissa Partkya,Male,23,O'keefeton,Tasmania,2021-07-30,2021-08-01,2780,106,2,212,Shirt,Chambray,L,indigo,79,2,2021-07-01,Young
Romy Cuberley,Genderqueer,42,Mayaview,Queensland,2021-02-14,2021-03-03,1923,93,3,279,Trousers,Joggers,XL,yellow,69,17,2021-02-01,Middle Aged
Romy Cuberley,Genderqueer,42,Mayaview,Queensland,2021-02-14,2021-03-03,1924,97,2,194,Trousers,Slim-Fit,S,indigo,41,17,2021-02-01,Middle Aged
Romy Cuberley,Genderqueer,42,Mayaview,Queensland,2021-02-14,2021-03-03,1925,109,2,218,Jacket,Peacoat,XL,orange,69,17,2021-02-01,Middle Aged
Leroi Weal,Polygender,63,Lake Rose,Western Australia,2021-08-13,2021-08-15,3030,100,3,300,Jacket,Bomber,M,yellow,71,2,2021-08-01,Senior
Leroi Weal,Polygender,63,Lake Rose,Western Australia,2021-08-13,2021-08-15,3031,95,3,285,Shirt,Polo,XS,blue,56,2,2021-08-01,Senior
Nanny Franey,Agender,73,Joelland,Australian Capital Territory,2021-06-21,2021-06-23,2829,112,1,112,Trousers,Tracksuit Bottoms,XL,orange,42,2,2021-06-01,Senior
Nanny Franey,Agender,73,Joelland,Australian Capital Territory,2021-06-21,2021-06-23,2830,98,1,98,Jacket,Leather,S,violet,65,2,2021-06-01,Senior
Nanny Franey,Agender,73,Joelland,Australian Capital Territory,2021-06-21,2021-06-23,2831,112,1,112,Trousers,Tracksuit Bottoms,S,yellow,49,2,2021-06-01,Senior
Nanny Franey,Agender,73,Joelland,Australian Capital Territory,2021-06-21,2021-06-23,2832,117,1,117,Jacket,Shearling,M,blue,73,2,2021-06-01,Senior
Nanny Franey,Agender,73,Joelland,Australian Capital Territory,2021-06-21,2021-06-23,2833,96,2,192,Shirt,Oxford Cloth,L,red,69,2,2021-06-01,Senior
Nanny Franey,Agender,73,Joelland,Australian Capital Territory,2021-06-21,2021-06-23,2834,91,1,91,Jacket,Pullover,L,orange,56,2,2021-06-01,Senior
Nanny Franey,Agender,73,Joelland,Australian Capital Territory,2021-06-21,2021-06-23,2835,97,1,97,Trousers,Slim-Fit,L,orange,66,2,2021-06-01,Senior
Ninnetta Lammin,Bigender,74,Lake Jesse,New South Wales,2021-10-03,2021-10-16,3669,118,3,354,Jacket,Puffer,S,indigo,62,13,2021-10-01,Senior
Ninnetta Lammin,Bigender,74,Lake Jesse,New South Wales,2021-10-03,2021-10-16,3670,96,1,96,Trousers,Drawstring,L,indigo,77,13,2021-10-01,Senior
Ninnetta Lammin,Bigender,74,Lake Jesse,New South Wales,2021-10-03,2021-10-16,3671,107,3,321,Jacket,Denim,L,blue,42,13,2021-10-01,Senior
Ninnetta Lammin,Bigender,74,Lake Jesse,New South Wales,2021-10-03,2021-10-16,3672,119,2,238,Jacket,Trench Coat,XL,orange,71,13,2021-10-01,Senior
Ninnetta Lammin,Bigender,74,Lake Jesse,New South Wales,2021-10-03,2021-10-16,3673,98,3,294,Shirt,Camp Collared,XL,orange,48,13,2021-10-01,Senior
Myrle Kelby,Male,80,Port Sophia,New South Wales,2021-02-08,2021-03-01,2137,106,1,106,Trousers,Wool,XL,orange,56,21,2021-02-01,Senior
Myrle Kelby,Male,80,Port Sophia,New South Wales,2021-02-08,2021-03-01,2138,91,1,91,Jacket,Pullover,M,orange,60,21,2021-02-01,Senior
Myrle Kelby,Male,80,Port Sophia,New South Wales,2021-02-08,2021-03-01,2139,115,2,230,Trousers,Cropped,XS,orange,78,21,2021-02-01,Senior
North Diamond,Male,27,Charlotteborough,Victoria,2021-01-15,2021-01-20,1193,102,2,204,Trousers,Cargo Pants,S,red,63,5,2021-01-01,Young
North Diamond,Male,27,Charlotteborough,Victoria,2021-01-15,2021-01-20,1194,117,3,351,Jacket,Shearling,XS,violet,75,5,2021-01-01,Young
North Diamond,Male,27,Charlotteborough,Victoria,2021-01-15,2021-01-20,1195,113,3,339,Jacket,Parka,XL,blue,47,5,2021-01-01,Young
North Diamond,Male,27,Charlotteborough,Victoria,2021-01-15,2021-01-20,1196,94,2,188,Trousers,Cords,XL,yellow,65,5,2021-01-01,Young
North Diamond,Male,27,Charlotteborough,Victoria,2021-01-15,2021-01-20,1197,99,3,297,Trousers,High-Waisted,S,green,73,5,2021-01-01,Young
North Diamond,Male,27,Charlotteborough,Victoria,2021-01-15,2021-01-20,1198,98,1,98,Shirt,Camp Collared,M,green,41,5,2021-01-01,Young
North Diamond,Male,27,Charlotteborough,Victoria,2021-01-15,2021-01-20,1199,95,1,95,Shirt,Polo,XL,orange,43,5,2021-01-01,Young
North Diamond,Male,27,Charlotteborough,Victoria,2021-01-15,2021-01-20,1200,95,1,95,Shirt,Polo,M,green,62,5,2021-01-01,Young
Hughie Trelease,Bigender,63,Haydentown,Australian Capital Territory,2021-05-22,2021-05-28,683,113,1,113,Jacket,Parka,L,violet,53,6,2021-05-01,Senior
Hughie Trelease,Bigender,63,Haydentown,Australian Capital Territory,2021-05-22,2021-05-28,684,105,3,315,Shirt,Cuban Collar,XS,green,63,6,2021-05-01,Senior
Hughie Trelease,Bigender,63,Haydentown,Australian Capital Territory,2021-05-22,2021-05-28,685,118,2,236,Jacket,Puffer,S,orange,69,6,2021-05-01,Senior
Hughie Trelease,Bigender,63,Haydentown,Australian Capital Territory,2021-05-22,2021-05-28,686,113,2,226,Jacket,Parka,XS,green,75,6,2021-05-01,Senior
Lanny Wardale,Female,30,Spencerborough,Western Australia,2021-03-09,2021-03-14,2844,107,1,107,Jacket,Denim,S,violet,73,5,2021-03-01,Young
Lanny Wardale,Female,30,Spencerborough,Western Australia,2021-03-09,2021-03-14,2845,92,2,184,Shirt,Denim,S,orange,69,5,2021-03-01,Young
Lanny Wardale,Female,30,Spencerborough,Western Australia,2021-03-09,2021-03-14,2846,92,2,184,Shirt,Denim,XS,blue,76,5,2021-03-01,Young
Lanny Wardale,Female,30,Spencerborough,Western Australia,2021-03-09,2021-03-14,2847,98,1,98,Jacket,Leather,XL,indigo,52,5,2021-03-01,Young
Lanny Wardale,Female,30,Spencerborough,Western Australia,2021-03-09,2021-03-14,2848,96,3,288,Shirt,Oxford Cloth,L,blue,59,5,2021-03-01,Young
Lanny Wardale,Female,30,Spencerborough,Western Australia,2021-03-09,2021-03-14,2849,118,1,118,Jacket,Puffer,M,red,62,5,2021-03-01,Young
Lanny Wardale,Female,30,Spencerborough,Western Australia,2021-03-09,2021-03-14,2850,112,3,336,Trousers,Tracksuit Bottoms,S,yellow,49,5,2021-03-01,Young
Lanny Wardale,Female,30,Spencerborough,Western Australia,2021-03-09,2021-03-14,2851,91,3,273,Jacket,Pullover,M,indigo,72,5,2021-03-01,Young
Ellene Dedam,Agender,25,Islamouth,Western Australia,2021-02-20,2021-03-12,2877,91,3,273,Jacket,Pullover,L,orange,56,20,2021-02-01,Young
Ellene Dedam,Agender,25,Islamouth,Western Australia,2021-02-20,2021-03-12,2878,112,2,224,Trousers,Tracksuit Bottoms,XL,blue,68,20,2021-02-01,Young
Ellene Dedam,Agender,25,Islamouth,Western Australia,2021-02-20,2021-03-12,2879,94,2,188,Shirt,Henley,M,blue,42,20,2021-02-01,Young
Ellene Dedam,Agender,25,Islamouth,Western Australia,2021-02-20,2021-03-12,2880,93,3,279,Trousers,Joggers,S,orange,43,20,2021-02-01,Young
Ellene Dedam,Agender,25,Islamouth,Western Australia,2021-02-20,2021-03-12,2881,93,3,279,Trousers,Joggers,M,indigo,66,20,2021-02-01,Young
Ellene Dedam,Agender,25,Islamouth,Western Australia,2021-02-20,2021-03-12,2882,98,3,294,Shirt,Camp Collared,L,indigo,72,20,2021-02-01,Young
Ellene Dedam,Agender,25,Islamouth,Western Australia,2021-02-20,2021-03-12,2883,109,2,218,Jacket,Peacoat,S,indigo,49,20,2021-02-01,Young
Lanny Wardale,Female,30,Spencerborough,Western Australia,2021-05-10,2021-05-18,4324,98,2,196,Shirt,Camp Collared,XL,green,61,8,2021-05-01,Young
Lanny Wardale,Female,30,Spencerborough,Western Australia,2021-05-10,2021-05-18,4325,118,3,354,Jacket,Puffer,M,green,72,8,2021-05-01,Young
Lanny Wardale,Female,30,Spencerborough,Western Australia,2021-05-10,2021-05-18,4326,91,1,91,Jacket,Pullover,L,yellow,43,8,2021-05-01,Young
Lanny Wardale,Female,30,Spencerborough,Western Australia,2021-05-10,2021-05-18,4327,93,3,279,Jacket,Coach,XS,blue,51,8,2021-05-01,Young
Hal Saker,Male,57,Parisianmouth,Queensland,2021-02-02,2021-02-10,2852,102,3,306,Jacket,Windbreaker,XL,green,71,8,2021-02-01,Senior
Hal Saker,Male,57,Parisianmouth,Queensland,2021-02-02,2021-02-10,2853,93,2,186,Trousers,Joggers,M,violet,72,8,2021-02-01,Senior
Hal Saker,Male,57,Parisianmouth,Queensland,2021-02-02,2021-02-10,2854,113,2,226,Trousers,Chinos,XS,orange,53,8,2021-02-01,Senior
Hal Saker,Male,57,Parisianmouth,Queensland,2021-02-02,2021-02-10,2855,105,3,315,Shirt,Cuban Collar,XL,green,60,8,2021-02-01,Senior
Hal Saker,Male,57,Parisianmouth,Queensland,2021-02-02,2021-02-10,2856,119,3,357,Shirt,Casual Slim Fit,M,violet,46,8,2021-02-01,Senior
Hal Saker,Male,57,Parisianmouth,Queensland,2021-02-02,2021-02-10,2857,93,1,93,Jacket,Coach,L,red,80,8,2021-02-01,Senior
Hal Saker,Male,57,Parisianmouth,Queensland,2021-05-02,2021-05-08,3934,91,3,273,Shirt,Linen,M,indigo,72,6,2021-05-01,Senior
Hal Saker,Male,57,Parisianmouth,Queensland,2021-05-02,2021-05-08,3935,104,1,104,Shirt,Dress,S,yellow,56,6,2021-05-01,Senior
Hal Saker,Male,57,Parisianmouth,Queensland,2021-05-02,2021-05-08,3936,112,2,224,Trousers,Tracksuit Bottoms,XS,violet,67,6,2021-05-01,Senior
Hal Saker,Male,57,Parisianmouth,Queensland,2021-05-02,2021-05-08,3937,102,2,204,Trousers,Cargo Pants,S,violet,79,6,2021-05-01,Senior
Hal Saker,Male,57,Parisianmouth,Queensland,2021-05-02,2021-05-08,3938,105,1,105,Trousers,Pleated,XS,blue,62,6,2021-05-01,Senior
Hal Saker,Male,57,Parisianmouth,Queensland,2021-05-02,2021-05-08,3939,119,3,357,Jacket,Trench Coat,S,blue,64,6,2021-05-01,Senior
Hal Saker,Male,57,Parisianmouth,Queensland,2021-05-02,2021-05-08,3940,113,1,113,Trousers,Chinos,XS,green,75,6,2021-05-01,Senior
Dunc Swynley,Genderqueer,20,Mullerberg,Western Australia,2021-01-01,2021-01-06,2858,106,2,212,Shirt,Chambray,XS,violet,47,5,2021-01-01,Young
Dunc Swynley,Genderqueer,20,Mullerberg,Western Australia,2021-01-01,2021-01-06,2859,94,2,188,Trousers,Cords,S,violet,65,5,2021-01-01,Young
Dunc Swynley,Genderqueer,20,Mullerberg,Western Australia,2021-01-01,2021-01-06,2860,109,3,327,Shirt,Mandarin Collar,S,red,48,5,2021-01-01,Young
Dunc Swynley,Genderqueer,20,Mullerberg,Western Australia,2021-01-01,2021-01-06,2861,118,3,354,Shirt,Flannel,XS,blue,62,5,2021-01-01,Young
Dunc Swynley,Genderqueer,20,Mullerberg,Western Australia,2021-07-22,2021-07-28,3259,119,1,119,Jacket,Trench Coat,XS,red,78,6,2021-07-01,Young
Dunc Swynley,Genderqueer,20,Mullerberg,Western Australia,2021-07-22,2021-07-28,3260,113,1,113,Jacket,Parka,S,blue,72,6,2021-07-01,Young
Dunc Swynley,Genderqueer,20,Mullerberg,Western Australia,2021-07-22,2021-07-28,3261,99,3,297,Trousers,High-Waisted,XS,violet,72,6,2021-07-01,Young
Terri Lunny,Bigender,75,New Callumtown,Western Australia,2021-07-24,2021-08-19,316,118,3,354,Jacket,Puffer,M,yellow,44,26,2021-07-01,Senior
Terri Lunny,Bigender,75,New Callumtown,Western Australia,2021-07-24,2021-08-19,317,102,1,102,Trousers,Cargo Pants,XS,green,63,26,2021-07-01,Senior
Terri Lunny,Bigender,75,New Callumtown,Western Australia,2021-07-24,2021-08-19,318,106,1,106,Trousers,Wool,XL,violet,40,26,2021-07-01,Senior
Terri Lunny,Bigender,75,New Callumtown,Western Australia,2021-07-24,2021-08-19,319,99,3,297,Trousers,High-Waisted,L,violet,68,26,2021-07-01,Senior
Terri Lunny,Bigender,75,New Callumtown,Western Australia,2021-07-24,2021-08-19,320,118,2,236,Shirt,Flannel,XS,red,42,26,2021-07-01,Senior
Corri Womack,Non-binary,39,Port Ali,Tasmania,2021-08-30,2021-09-10,87,118,1,118,Shirt,Flannel,S,red,59,11,2021-08-01,Middle Aged
Corri Womack,Non-binary,39,Port Ali,Tasmania,2021-08-30,2021-09-10,88,109,2,218,Shirt,Mandarin Collar,M,violet,76,11,2021-08-01,Middle Aged
Corri Womack,Non-binary,39,Port Ali,Tasmania,2021-08-30,2021-09-10,89,109,2,218,Shirt,Mandarin Collar,S,red,48,11,2021-08-01,Middle Aged
Corri Womack,Non-binary,39,Port Ali,Tasmania,2021-08-30,2021-09-10,90,117,3,351,Jacket,Shearling,XL,red,42,11,2021-08-01,Middle Aged
Corri Womack,Non-binary,39,Port Ali,Tasmania,2021-08-30,2021-09-10,91,113,3,339,Jacket,Parka,M,green,71,11,2021-08-01,Middle Aged
Wren Helgass,Female,59,Port Hannahburgh,Australian Capital Territory,2021-01-27,2021-02-10,2123,95,2,190,Shirt,Polo,S,blue,76,14,2021-01-01,Senior
Wren Helgass,Female,59,Port Hannahburgh,Australian Capital Territory,2021-01-27,2021-02-10,2124,112,3,336,Trousers,Tracksuit Bottoms,S,orange,59,14,2021-01-01,Senior
Wren Helgass,Female,59,Port Hannahburgh,Australian Capital Territory,2021-01-27,2021-02-10,2125,109,3,327,Jacket,Peacoat,M,green,49,14,2021-01-01,Senior
Wren Helgass,Female,59,Port Hannahburgh,Australian Capital Territory,2021-01-27,2021-02-10,2126,97,3,291,Trousers,Slim-Fit,XL,blue,47,14,2021-01-01,Senior
Wren Helgass,Female,59,Port Hannahburgh,Australian Capital Territory,2021-01-27,2021-02-10,2127,109,1,109,Jacket,Peacoat,S,violet,73,14,2021-01-01,Senior
Wren Helgass,Female,59,Port Hannahburgh,Australian Capital Territory,2021-01-27,2021-02-10,2128,100,2,200,Jacket,Bomber,S,indigo,41,14,2021-01-01,Senior
Wren Helgass,Female,59,Port Hannahburgh,Australian Capital Territory,2021-01-27,2021-02-10,2129,96,3,288,Shirt,Oxford Cloth,M,indigo,62,14,2021-01-01,Senior
Wren Helgass,Female,59,Port Hannahburgh,Australian Capital Territory,2021-01-27,2021-02-10,2130,118,3,354,Shirt,Flannel,XS,blue,62,14,2021-01-01,Senior
Wren Helgass,Female,59,Port Hannahburgh,Australian Capital Territory,2021-01-27,2021-02-10,2131,119,2,238,Jacket,Trench Coat,XS,yellow,78,14,2021-01-01,Senior
Pietro Duling,Female,36,Shieldschester,Tasmania,2021-03-21,2021-04-01,3720,105,1,105,Trousers,Pleated,XL,red,58,11,2021-03-01,Middle Aged
Pietro Duling,Female,36,Shieldschester,Tasmania,2021-03-21,2021-04-01,3721,109,2,218,Jacket,Peacoat,XL,red,58,11,2021-03-01,Middle Aged
Pietro Duling,Female,36,Shieldschester,Tasmania,2021-03-21,2021-04-01,3722,109,2,218,Jacket,Peacoat,M,blue,71,11,2021-03-01,Middle Aged
Pietro Duling,Female,36,Shieldschester,Tasmania,2021-03-21,2021-04-01,3723,90,3,270,Trousers,Relaxed Leg,S,indigo,40,11,2021-03-01,Middle Aged
Pietro Duling,Female,36,Shieldschester,Tasmania,2021-03-21,2021-04-01,3724,106,3,318,Shirt,Chambray,M,orange,43,11,2021-03-01,Middle Aged
Pietro Duling,Female,36,Shieldschester,Tasmania,2021-03-21,2021-04-01,3725,115,3,345,Trousers,Cropped,L,yellow,60,11,2021-03-01,Middle Aged
Pietro Duling,Female,36,Shieldschester,Tasmania,2021-03-21,2021-04-01,3726,96,1,96,Shirt,Oxford Cloth,XS,blue,47,11,2021-03-01,Middle Aged
Pietro Duling,Female,36,Shieldschester,Tasmania,2021-03-21,2021-04-01,3727,105,2,210,Trousers,Pleated,S,red,78,11,2021-03-01,Middle Aged
Pietro Duling,Female,36,Shieldschester,Tasmania,2021-03-21,2021-04-01,3728,115,2,230,Trousers,Cropped,XS,indigo,55,11,2021-03-01,Middle Aged
Marci Borrett,Agender,20,West Amber,Western Australia,2021-06-21,2021-07-03,2865,115,3,345,Trousers,Cropped,XS,yellow,41,12,2021-06-01,Young
Marci Borrett,Agender,20,West Amber,Western Australia,2021-06-21,2021-07-03,2866,90,1,90,Trousers,Relaxed Leg,L,blue,61,12,2021-06-01,Young
Marci Borrett,Agender,20,West Amber,Western Australia,2021-06-21,2021-07-03,2867,98,1,98,Shirt,Camp Collared,XS,blue,47,12,2021-06-01,Young
Dulsea Collet,Genderqueer,74,South Charles,New South Wales,2021-07-14,2021-07-19,2055,98,2,196,Shirt,Camp Collared,XS,green,66,5,2021-07-01,Senior
Dulsea Collet,Genderqueer,74,South Charles,New South Wales,2021-07-14,2021-07-19,2056,102,2,204,Jacket,Windbreaker,XL,red,48,5,2021-07-01,Senior
Dulsea Collet,Genderqueer,74,South Charles,New South Wales,2021-07-14,2021-07-19,2057,117,2,234,Jacket,Shearling,L,indigo,66,5,2021-07-01,Senior
Dulsea Collet,Genderqueer,74,South Charles,New South Wales,2021-07-14,2021-07-19,2058,118,2,236,Jacket,Puffer,M,violet,43,5,2021-07-01,Senior
Dulsea Collet,Genderqueer,74,South Charles,New South Wales,2021-07-14,2021-07-19,2059,95,2,190,Shirt,Polo,XS,green,45,5,2021-07-01,Senior
Dulsea Collet,Genderqueer,74,South Charles,New South Wales,2021-07-14,2021-07-19,2060,97,1,97,Trousers,Slim-Fit,S,red,71,5,2021-07-01,Senior
Dulsea Collet,Genderqueer,74,South Charles,New South Wales,2021-07-14,2021-07-19,2061,106,1,106,Trousers,Wool,L,red,74,5,2021-07-01,Senior
Dulsea Collet,Genderqueer,74,South Charles,New South Wales,2021-07-14,2021-07-19,2062,102,2,204,Trousers,Cargo Pants,XL,indigo,64,5,2021-07-01,Senior
Tore Caras,Genderqueer,62,West Alyssa,Queensland,2021-08-14,2021-08-16,2868,109,1,109,Jacket,Peacoat,L,green,73,2,2021-08-01,Senior
Tore Caras,Genderqueer,62,West Alyssa,Queensland,2021-08-14,2021-08-16,2869,91,2,182,Jacket,Pullover,L,blue,66,2,2021-08-01,Senior
Tore Caras,Genderqueer,62,West Alyssa,Queensland,2021-08-14,2021-08-16,2870,118,3,354,Shirt,Flannel,L,orange,59,2,2021-08-01,Senior
Tore Caras,Genderqueer,62,West Alyssa,Queensland,2021-08-14,2021-08-16,2871,98,2,196,Jacket,Leather,M,yellow,77,2,2021-08-01,Senior
Lacee Denyukin,Genderfluid,45,North Nicholaston,Victoria,2021-05-15,2021-06-02,638,92,1,92,Shirt,Denim,S,red,57,18,2021-05-01,Middle Aged
Lacee Denyukin,Genderfluid,45,North Nicholaston,Victoria,2021-05-15,2021-06-02,639,119,2,238,Jacket,Trench Coat,XS,violet,64,18,2021-05-01,Middle Aged
Lacee Denyukin,Genderfluid,45,North Nicholaston,Victoria,2021-05-15,2021-06-02,640,93,2,186,Jacket,Coach,XL,blue,46,18,2021-05-01,Middle Aged
Lacee Denyukin,Genderfluid,45,North Nicholaston,Victoria,2021-05-15,2021-06-02,641,94,1,94,Shirt,Henley,S,indigo,45,18,2021-05-01,Middle Aged
Cacilie Forrestill,Bigender,53,O'reillychester,South Australia,2021-01-07,2021-01-23,2646,93,3,279,Trousers,Joggers,L,blue,75,16,2021-01-01,Middle Aged
Cacilie Forrestill,Bigender,53,O'reillychester,South Australia,2021-01-07,2021-01-23,2647,95,2,190,Shirt,Polo,XL,indigo,56,16,2021-01-01,Middle Aged
Cacilie Forrestill,Bigender,53,O'reillychester,South Australia,2021-01-07,2021-01-23,2648,109,3,327,Jacket,Peacoat,M,blue,71,16,2021-01-01,Middle Aged
Cacilie Forrestill,Bigender,53,O'reillychester,South Australia,2021-01-07,2021-01-23,2649,95,2,190,Shirt,Polo,M,violet,77,16,2021-01-01,Middle Aged
Cacilie Forrestill,Bigender,53,O'reillychester,South Australia,2021-01-07,2021-01-23,2650,119,1,119,Jacket,Trench Coat,L,green,73,16,2021-01-01,Middle Aged
Cacilie Forrestill,Bigender,53,O'reillychester,South Australia,2021-01-07,2021-01-23,2651,102,3,306,Trousers,Cargo Pants,XL,red,45,16,2021-01-01,Middle Aged
Cacilie Forrestill,Bigender,53,O'reillychester,South Australia,2021-01-07,2021-01-23,2652,93,1,93,Jacket,Coach,M,indigo,64,16,2021-01-01,Middle Aged
Cacilie Forrestill,Bigender,53,O'reillychester,South Australia,2021-01-07,2021-01-23,2653,119,2,238,Jacket,Trench Coat,L,red,70,16,2021-01-01,Middle Aged
Cacilie Forrestill,Bigender,53,O'reillychester,South Australia,2021-01-07,2021-01-23,2654,118,2,236,Jacket,Puffer,L,red,44,16,2021-01-01,Middle Aged
Cacilie Forrestill,Bigender,53,O'reillychester,South Australia,2021-01-07,2021-01-23,2655,119,3,357,Jacket,Trench Coat,XL,green,53,16,2021-01-01,Middle Aged
Cacilie Forrestill,Bigender,53,O'reillychester,South Australia,2021-01-07,2021-01-23,2656,115,1,115,Trousers,Cropped,M,yellow,41,16,2021-01-01,Middle Aged
Phillipe Gatecliffe,Male,35,Jettstad,Australian Capital Territory,2021-04-16,2021-04-23,224,97,1,97,Trousers,Slim-Fit,XS,green,74,7,2021-04-01,Young
Phillipe Gatecliffe,Male,35,Jettstad,Australian Capital Territory,2021-04-16,2021-04-23,225,113,3,339,Jacket,Parka,L,green,55,7,2021-04-01,Young
Bucky Cragell,Non-binary,23,Gracemouth,Northern Territory,2021-07-31,2021-08-06,750,109,1,109,Jacket,Peacoat,XS,violet,54,6,2021-07-01,Young
Bucky Cragell,Non-binary,23,Gracemouth,Northern Territory,2021-07-31,2021-08-06,751,92,1,92,Shirt,Denim,M,yellow,67,6,2021-07-01,Young
Bucky Cragell,Non-binary,23,Gracemouth,Northern Territory,2021-07-31,2021-08-06,752,118,1,118,Shirt,Flannel,XL,blue,61,6,2021-07-01,Young
Bucky Cragell,Non-binary,23,Gracemouth,Northern Territory,2021-07-31,2021-08-06,753,105,1,105,Trousers,Pleated,L,blue,79,6,2021-07-01,Young
Bucky Cragell,Non-binary,23,Gracemouth,Northern Territory,2021-07-31,2021-08-06,754,107,2,214,Jacket,Denim,M,green,79,6,2021-07-01,Young
Bucky Cragell,Non-binary,23,Gracemouth,Northern Territory,2021-07-31,2021-08-06,755,115,1,115,Trousers,Cropped,M,green,65,6,2021-07-01,Young
Bucky Cragell,Non-binary,23,Gracemouth,Northern Territory,2021-07-31,2021-08-06,756,92,2,184,Shirt,Denim,M,green,66,6,2021-07-01,Young
Bucky Cragell,Non-binary,23,Gracemouth,Northern Territory,2021-07-31,2021-08-06,757,94,2,188,Trousers,Cords,L,red,53,6,2021-07-01,Young
Bucky Cragell,Non-binary,23,Gracemouth,Northern Territory,2021-07-31,2021-08-06,758,92,3,276,Shirt,Denim,XL,indigo,58,6,2021-07-01,Young
Bucky Cragell,Non-binary,23,Gracemouth,Northern Territory,2021-07-31,2021-08-06,759,97,1,97,Trousers,Slim-Fit,S,orange,55,6,2021-07-01,Young
Geraldine Naulty,Agender,64,Youngview,Victoria,2021-06-05,2021-06-23,470,99,1,99,Trousers,High-Waisted,M,indigo,61,18,2021-06-01,Senior
Geraldine Naulty,Agender,64,Youngview,Victoria,2021-06-05,2021-06-23,471,104,3,312,Shirt,Dress,M,violet,41,18,2021-06-01,Senior
Geraldine Naulty,Agender,64,Youngview,Victoria,2021-06-05,2021-06-23,472,93,1,93,Trousers,Joggers,S,green,76,18,2021-06-01,Senior
Geraldine Naulty,Agender,64,Youngview,Victoria,2021-06-05,2021-06-23,473,96,3,288,Trousers,Drawstring,M,green,52,18,2021-06-01,Senior
Geraldine Naulty,Agender,64,Youngview,Victoria,2021-06-05,2021-06-23,474,119,1,119,Shirt,Casual Slim Fit,XS,red,49,18,2021-06-01,Senior
Geraldine Naulty,Agender,64,Youngview,Victoria,2021-06-05,2021-06-23,475,115,2,230,Trousers,Cropped,L,yellow,60,18,2021-06-01,Senior
Sigismundo Basek,Male,53,Amberland,Western Australia,2021-03-08,2021-03-26,410,94,2,188,Trousers,Cords,L,orange,74,18,2021-03-01,Middle Aged
Sigismundo Basek,Male,53,Amberland,Western Australia,2021-03-08,2021-03-26,411,93,3,279,Trousers,Joggers,L,blue,75,18,2021-03-01,Middle Aged
Sigismundo Basek,Male,53,Amberland,Western Australia,2021-03-08,2021-03-26,412,106,2,212,Shirt,Chambray,M,red,48,18,2021-03-01,Middle Aged
Sigismundo Basek,Male,53,Amberland,Western Australia,2021-03-08,2021-03-26,413,118,3,354,Jacket,Puffer,L,red,44,18,2021-03-01,Middle Aged
Sigismundo Basek,Male,53,Amberland,Western Australia,2021-03-08,2021-03-26,414,96,2,192,Trousers,Drawstring,XL,indigo,41,18,2021-03-01,Middle Aged
Pietro Duling,Female,36,Shieldschester,Tasmania,2021-04-27,2021-05-08,2391,94,3,282,Shirt,Henley,L,orange,77,11,2021-04-01,Middle Aged
Pietro Duling,Female,36,Shieldschester,Tasmania,2021-04-27,2021-05-08,2392,99,1,99,Trousers,High-Waisted,XL,indigo,57,11,2021-04-01,Middle Aged
Pietro Duling,Female,36,Shieldschester,Tasmania,2021-04-27,2021-05-08,2393,93,3,279,Trousers,Joggers,M,red,43,11,2021-04-01,Middle Aged
Pietro Duling,Female,36,Shieldschester,Tasmania,2021-04-27,2021-05-08,2394,94,1,94,Shirt,Henley,XL,orange,52,11,2021-04-01,Middle Aged
Hadley Baddam,Non-binary,79,West Noah,Queensland,2021-07-09,2021-07-23,1099,119,2,238,Jacket,Trench Coat,S,yellow,59,14,2021-07-01,Senior
Hadley Baddam,Non-binary,79,West Noah,Queensland,2021-07-09,2021-07-23,1100,102,3,306,Trousers,Cargo Pants,L,orange,78,14,2021-07-01,Senior
Hadley Baddam,Non-binary,79,West Noah,Queensland,2021-07-09,2021-07-23,1101,98,1,98,Shirt,Camp Collared,S,violet,80,14,2021-07-01,Senior
Hadley Baddam,Non-binary,79,West Noah,Queensland,2021-07-09,2021-07-23,1102,97,1,97,Trousers,Slim-Fit,M,indigo,67,14,2021-07-01,Senior
Hadley Baddam,Non-binary,79,West Noah,Queensland,2021-07-09,2021-07-23,1103,113,3,339,Trousers,Chinos,XS,blue,69,14,2021-07-01,Senior
Hadley Baddam,Non-binary,79,West Noah,Queensland,2021-07-09,2021-07-23,1104,113,2,226,Jacket,Parka,L,green,55,14,2021-07-01,Senior
Hadley Baddam,Non-binary,79,West Noah,Queensland,2021-07-09,2021-07-23,1105,94,2,188,Trousers,Cords,XS,indigo,47,14,2021-07-01,Senior
Hadley Baddam,Non-binary,79,West Noah,Queensland,2021-07-09,2021-07-23,1106,102,2,204,Jacket,Windbreaker,M,blue,70,14,2021-07-01,Senior
Hadley Baddam,Non-binary,79,West Noah,Queensland,2021-07-09,2021-07-23,1107,102,1,102,Jacket,Windbreaker,M,indigo,56,14,2021-07-01,Senior
Barclay Beswick,Male,50,Gleasonburgh,Northern Territory,2021-04-21,2021-04-23,559,96,2,192,Trousers,Drawstring,XS,yellow,41,2,2021-04-01,Middle Aged
Barclay Beswick,Male,50,Gleasonburgh,Northern Territory,2021-04-21,2021-04-23,560,104,1,104,Shirt,Dress,L,blue,61,2,2021-04-01,Middle Aged
Barclay Beswick,Male,50,Gleasonburgh,Northern Territory,2021-04-21,2021-04-23,561,100,2,200,Jacket,Bomber,L,orange,71,2,2021-04-01,Middle Aged
Barclay Beswick,Male,50,Gleasonburgh,Northern Territory,2021-04-21,2021-04-23,562,105,1,105,Trousers,Pleated,XS,yellow,75,2,2021-04-01,Middle Aged
Barclay Beswick,Male,50,Gleasonburgh,Northern Territory,2021-04-21,2021-04-23,563,104,2,208,Shirt,Dress,XS,indigo,56,2,2021-04-01,Middle Aged
Barclay Beswick,Male,50,Gleasonburgh,Northern Territory,2021-04-21,2021-04-23,564,95,2,190,Shirt,Polo,S,blue,76,2,2021-04-01,Middle Aged
Barclay Beswick,Male,50,Gleasonburgh,Northern Territory,2021-04-21,2021-04-23,565,105,3,315,Trousers,Pleated,M,violet,45,2,2021-04-01,Middle Aged
Barclay Beswick,Male,50,Gleasonburgh,Northern Territory,2021-04-21,2021-04-23,566,102,1,102,Trousers,Cargo Pants,S,orange,60,2,2021-04-01,Middle Aged
Tore Caras,Genderqueer,62,West Alyssa,Queensland,2021-07-04,2021-07-22,4714,118,1,118,Jacket,Puffer,M,red,62,18,2021-07-01,Senior
Tore Caras,Genderqueer,62,West Alyssa,Queensland,2021-07-04,2021-07-22,4715,106,3,318,Trousers,Wool,L,indigo,41,18,2021-07-01,Senior
Tore Caras,Genderqueer,62,West Alyssa,Queensland,2021-07-04,2021-07-22,4716,117,2,234,Jacket,Shearling,M,yellow,60,18,2021-07-01,Senior
Tore Caras,Genderqueer,62,West Alyssa,Queensland,2021-07-04,2021-07-22,4717,100,2,200,Jacket,Bomber,XS,blue,44,18,2021-07-01,Senior
Tore Caras,Genderqueer,62,West Alyssa,Queensland,2021-07-04,2021-07-22,4718,94,2,188,Trousers,Cords,XL,blue,65,18,2021-07-01,Senior
Worthington Knapton,Non-binary,78,Lake Lucas,Queensland,2021-04-26,2021-05-05,2872,93,1,93,Trousers,Joggers,L,blue,75,9,2021-04-01,Senior
Worthington Knapton,Non-binary,78,Lake Lucas,Queensland,2021-04-26,2021-05-05,2873,112,3,336,Jacket,Cardigan,XS,yellow,46,9,2021-04-01,Senior
Worthington Knapton,Non-binary,78,Lake Lucas,Queensland,2021-04-26,2021-05-05,2874,97,2,194,Trousers,Slim-Fit,L,blue,49,9,2021-04-01,Senior
Worthington Knapton,Non-binary,78,Lake Lucas,Queensland,2021-04-26,2021-05-05,2875,109,3,327,Jacket,Peacoat,L,yellow,63,9,2021-04-01,Senior
Worthington Knapton,Non-binary,78,Lake Lucas,Queensland,2021-04-26,2021-05-05,2876,119,1,119,Shirt,Casual Slim Fit,XS,yellow,63,9,2021-04-01,Senior
Hillary Guiness,Agender,27,Harrismouth,Queensland,2021-04-13,2021-04-17,952,102,3,306,Jacket,Windbreaker,XS,orange,70,4,2021-04-01,Young
Hillary Guiness,Agender,27,Harrismouth,Queensland,2021-04-13,2021-04-17,953,105,2,210,Trousers,Pleated,M,blue,66,4,2021-04-01,Young
Hillary Guiness,Agender,27,Harrismouth,Queensland,2021-04-13,2021-04-17,954,94,2,188,Shirt,Henley,XS,blue,61,4,2021-04-01,Young
Archibaldo Taffurelli,Genderqueer,73,Kiehnchester,Tasmania,2021-03-28,2021-04-20,2894,106,2,212,Shirt,Chambray,M,yellow,62,23,2021-03-01,Senior
Archibaldo Taffurelli,Genderqueer,73,Kiehnchester,Tasmania,2021-03-28,2021-04-20,2895,106,2,212,Trousers,Wool,XL,orange,56,23,2021-03-01,Senior
Archibaldo Taffurelli,Genderqueer,73,Kiehnchester,Tasmania,2021-03-28,2021-04-20,2896,118,1,118,Jacket,Puffer,M,blue,60,23,2021-03-01,Senior
Archibaldo Taffurelli,Genderqueer,73,Kiehnchester,Tasmania,2021-03-28,2021-04-20,2897,93,1,93,Trousers,Joggers,XL,yellow,69,23,2021-03-01,Senior
Archibaldo Taffurelli,Genderqueer,73,Kiehnchester,Tasmania,2021-03-28,2021-04-20,2898,104,1,104,Shirt,Dress,M,red,57,23,2021-03-01,Senior
Archibaldo Taffurelli,Genderqueer,73,Kiehnchester,Tasmania,2021-03-28,2021-04-20,2899,107,1,107,Jacket,Denim,XL,yellow,56,23,2021-03-01,Senior
Archibaldo Taffurelli,Genderqueer,73,Kiehnchester,Tasmania,2021-10-05,2021-10-23,4030,119,2,238,Jacket,Trench Coat,S,green,53,18,2021-10-01,Senior
Mariellen Medendorp,Agender,80,South Gabriel,Western Australia,2021-04-30,2021-05-09,2900,107,2,214,Jacket,Denim,L,yellow,44,9,2021-04-01,Senior
Mariellen Medendorp,Agender,80,South Gabriel,Western Australia,2021-04-30,2021-05-09,2901,104,2,208,Shirt,Dress,M,red,57,9,2021-04-01,Senior
Mariellen Medendorp,Agender,80,South Gabriel,Western Australia,2021-04-30,2021-05-09,2902,91,2,182,Shirt,Linen,XL,green,51,9,2021-04-01,Senior
Mariellen Medendorp,Agender,80,South Gabriel,Western Australia,2021-04-30,2021-05-09,2903,93,1,93,Jacket,Coach,M,indigo,64,9,2021-04-01,Senior
Debee Lording,Genderfluid,51,West Olivertown,Western Australia,2021-05-09,2021-05-29,2904,119,2,238,Jacket,Trench Coat,S,blue,64,20,2021-05-01,Middle Aged
Debee Lording,Genderfluid,51,West Olivertown,Western Australia,2021-05-09,2021-05-29,2905,92,1,92,Shirt,Denim,XL,indigo,58,20,2021-05-01,Middle Aged
Debee Lording,Genderfluid,51,West Olivertown,Western Australia,2021-05-09,2021-05-29,2906,93,2,186,Trousers,Joggers,L,yellow,58,20,2021-05-01,Middle Aged
Debee Lording,Genderfluid,51,West Olivertown,Western Australia,2021-05-09,2021-05-29,2907,105,2,210,Shirt,Cuban Collar,XS,yellow,78,20,2021-05-01,Middle Aged
Alia Rapinett,Male,67,West Siennaland,Tasmania,2021-04-07,2021-04-10,2914,91,3,273,Jacket,Pullover,S,violet,74,3,2021-04-01,Senior
Alia Rapinett,Male,67,West Siennaland,Tasmania,2021-04-07,2021-04-10,2915,92,2,184,Shirt,Denim,XL,green,52,3,2021-04-01,Senior
Alia Rapinett,Male,67,West Siennaland,Tasmania,2021-04-07,2021-04-10,2916,109,2,218,Shirt,Mandarin Collar,M,yellow,58,3,2021-04-01,Senior
Alia Rapinett,Male,67,West Siennaland,Tasmania,2021-04-07,2021-04-10,2917,106,3,318,Shirt,Chambray,XL,yellow,53,3,2021-04-01,Senior
Alia Rapinett,Male,67,West Siennaland,Tasmania,2021-04-07,2021-04-10,2918,105,2,210,Shirt,Cuban Collar,XL,violet,44,3,2021-04-01,Senior
Alia Rapinett,Male,67,West Siennaland,Tasmania,2021-04-07,2021-04-10,2919,90,1,90,Trousers,Relaxed Leg,M,violet,46,3,2021-04-01,Senior
Alia Rapinett,Male,67,West Siennaland,Tasmania,2021-04-07,2021-04-10,2920,106,2,212,Trousers,Wool,XS,violet,80,3,2021-04-01,Senior
Alia Rapinett,Male,67,West Siennaland,Tasmania,2021-04-07,2021-04-10,2921,102,1,102,Trousers,Cargo Pants,S,yellow,48,3,2021-04-01,Senior
Alia Rapinett,Male,67,West Siennaland,Tasmania,2021-04-07,2021-04-10,2922,91,1,91,Jacket,Pullover,XL,yellow,67,3,2021-04-01,Senior
Alia Rapinett,Male,67,West Siennaland,Tasmania,2021-04-07,2021-04-10,2923,109,3,327,Jacket,Peacoat,S,violet,73,3,2021-04-01,Senior
Alia Rapinett,Male,67,West Siennaland,Tasmania,2021-04-07,2021-04-10,2924,119,1,119,Jacket,Trench Coat,S,green,53,3,2021-04-01,Senior
Valerie D'Errico,Bigender,75,Chelseaview,South Australia,2021-06-29,2021-07-01,2925,94,1,94,Shirt,Henley,M,orange,70,2,2021-06-01,Senior
Valerie D'Errico,Bigender,75,Chelseaview,South Australia,2021-06-29,2021-07-01,2926,117,2,234,Jacket,Shearling,M,indigo,74,2,2021-06-01,Senior
Valerie D'Errico,Bigender,75,Chelseaview,South Australia,2021-06-29,2021-07-01,2927,93,2,186,Jacket,Coach,XS,violet,58,2,2021-06-01,Senior
Valerie D'Errico,Bigender,75,Chelseaview,South Australia,2021-06-29,2021-07-01,2928,100,2,200,Jacket,Bomber,L,indigo,51,2,2021-06-01,Senior
Marget Kells,Non-binary,39,Baumbachtown,Victoria,2021-03-16,2021-04-06,1147,96,2,192,Shirt,Oxford Cloth,M,green,60,21,2021-03-01,Middle Aged
Marget Kells,Non-binary,39,Baumbachtown,Victoria,2021-03-16,2021-04-06,1148,106,1,106,Trousers,Wool,XL,indigo,51,21,2021-03-01,Middle Aged
Marget Kells,Non-binary,39,Baumbachtown,Victoria,2021-03-16,2021-04-06,1149,95,2,190,Shirt,Polo,L,blue,77,21,2021-03-01,Middle Aged
Marget Kells,Non-binary,39,Baumbachtown,Victoria,2021-03-16,2021-04-06,1150,102,2,204,Jacket,Windbreaker,M,yellow,52,21,2021-03-01,Middle Aged
Marget Kells,Non-binary,39,Baumbachtown,Victoria,2021-03-16,2021-04-06,1151,118,3,354,Shirt,Flannel,XL,red,72,21,2021-03-01,Middle Aged
Gallard Mangan,Bigender,64,Chloeville,Tasmania,2021-07-24,2021-08-07,2421,90,3,270,Trousers,Relaxed Leg,L,indigo,48,14,2021-07-01,Senior
Gallard Mangan,Bigender,64,Chloeville,Tasmania,2021-07-24,2021-08-07,2422,94,3,282,Shirt,Henley,XL,indigo,52,14,2021-07-01,Senior
Gallard Mangan,Bigender,64,Chloeville,Tasmania,2021-07-24,2021-08-07,2423,105,2,210,Trousers,Pleated,XS,green,58,14,2021-07-01,Senior
Gallard Mangan,Bigender,64,Chloeville,Tasmania,2021-07-24,2021-08-07,2424,117,1,117,Jacket,Shearling,M,violet,74,14,2021-07-01,Senior
Gallard Mangan,Bigender,64,Chloeville,Tasmania,2021-07-24,2021-08-07,2425,90,1,90,Trousers,Relaxed Leg,L,orange,78,14,2021-07-01,Senior
Gallard Mangan,Bigender,64,Chloeville,Tasmania,2021-07-24,2021-08-07,2426,93,2,186,Jacket,Coach,XS,red,71,14,2021-07-01,Senior
Gallard Mangan,Bigender,64,Chloeville,Tasmania,2021-07-24,2021-08-07,2427,96,3,288,Shirt,Oxford Cloth,S,violet,41,14,2021-07-01,Senior
Lorelle Lancastle,Genderqueer,63,Alexandraville,South Australia,2021-03-20,2021-03-23,2929,107,2,214,Jacket,Denim,M,indigo,52,3,2021-03-01,Senior
Lorelle Lancastle,Genderqueer,63,Alexandraville,South Australia,2021-03-20,2021-03-23,2930,94,2,188,Trousers,Cords,S,yellow,68,3,2021-03-01,Senior
Lorelle Lancastle,Genderqueer,63,Alexandraville,South Australia,2021-03-20,2021-03-23,2931,118,3,354,Jacket,Puffer,S,red,62,3,2021-03-01,Senior
Lorelle Lancastle,Genderqueer,63,Alexandraville,South Australia,2021-03-20,2021-03-23,2932,119,2,238,Shirt,Casual Slim Fit,S,green,72,3,2021-03-01,Senior
Lorelle Lancastle,Genderqueer,63,Alexandraville,South Australia,2021-03-20,2021-03-23,2933,109,1,109,Shirt,Mandarin Collar,L,yellow,78,3,2021-03-01,Senior
Lorelle Lancastle,Genderqueer,63,Alexandraville,South Australia,2021-07-20,2021-07-21,3508,102,1,102,Jacket,Windbreaker,XL,red,48,1,2021-07-01,Senior
Lorelle Lancastle,Genderqueer,63,Alexandraville,South Australia,2021-07-20,2021-07-21,3509,90,2,180,Trousers,Relaxed Leg,XS,green,80,1,2021-07-01,Senior
Lorelle Lancastle,Genderqueer,63,Alexandraville,South Australia,2021-07-20,2021-07-21,3510,94,1,94,Shirt,Henley,S,orange,46,1,2021-07-01,Senior
Lorelle Lancastle,Genderqueer,63,Alexandraville,South Australia,2021-07-20,2021-07-21,3511,106,2,212,Shirt,Chambray,XL,red,42,1,2021-07-01,Senior
Lorelle Lancastle,Genderqueer,63,Alexandraville,South Australia,2021-07-20,2021-07-21,3512,97,1,97,Trousers,Slim-Fit,XL,orange,78,1,2021-07-01,Senior
Zak Titterton,Non-binary,22,West Cooper,Tasmania,2021-09-08,2021-09-11,2942,102,2,204,Jacket,Windbreaker,M,yellow,52,3,2021-09-01,Young
Zak Titterton,Non-binary,22,West Cooper,Tasmania,2021-09-08,2021-09-11,2943,95,1,95,Shirt,Polo,M,indigo,62,3,2021-09-01,Young
Zak Titterton,Non-binary,22,West Cooper,Tasmania,2021-09-08,2021-09-11,2944,90,2,180,Trousers,Relaxed Leg,XL,yellow,54,3,2021-09-01,Young
Zak Titterton,Non-binary,22,West Cooper,Tasmania,2021-09-08,2021-09-11,2945,94,3,282,Shirt,Henley,S,red,60,3,2021-09-01,Young
Zak Titterton,Non-binary,22,West Cooper,Tasmania,2021-09-08,2021-09-11,2946,112,3,336,Trousers,Tracksuit Bottoms,L,orange,73,3,2021-09-01,Young
Zak Titterton,Non-binary,22,West Cooper,Tasmania,2021-09-08,2021-09-11,2947,107,1,107,Jacket,Denim,XS,violet,65,3,2021-09-01,Young
Daria Embleton,Genderfluid,63,North Sophie,Australian Capital Territory,2021-04-05,2021-04-25,1542,113,1,113,Jacket,Parka,M,yellow,46,20,2021-04-01,Senior
Daria Embleton,Genderfluid,63,North Sophie,Australian Capital Territory,2021-04-05,2021-04-25,1543,115,1,115,Trousers,Cropped,XL,red,78,20,2021-04-01,Senior
Daria Embleton,Genderfluid,63,North Sophie,Australian Capital Territory,2021-04-05,2021-04-25,1544,91,3,273,Shirt,Linen,XS,orange,70,20,2021-04-01,Senior
Herschel Verdey,Female,26,Jacobport,New South Wales,2021-08-29,2021-09-15,1835,118,1,118,Jacket,Puffer,XS,blue,57,17,2021-08-01,Young
Herschel Verdey,Female,26,Jacobport,New South Wales,2021-08-29,2021-09-15,1836,105,2,210,Shirt,Cuban Collar,S,yellow,41,17,2021-08-01,Young
Herschel Verdey,Female,26,Jacobport,New South Wales,2021-08-29,2021-09-15,1837,91,3,273,Shirt,Linen,M,orange,42,17,2021-08-01,Young
Herschel Verdey,Female,26,Jacobport,New South Wales,2021-08-29,2021-09-15,1838,112,2,224,Jacket,Cardigan,L,violet,66,17,2021-08-01,Young
Herschel Verdey,Female,26,Jacobport,New South Wales,2021-08-29,2021-09-15,1839,93,2,186,Jacket,Coach,L,yellow,53,17,2021-08-01,Young
Herschel Verdey,Female,26,Jacobport,New South Wales,2021-08-29,2021-09-15,1840,98,3,294,Jacket,Leather,XS,green,57,17,2021-08-01,Young
Herschel Verdey,Female,26,Jacobport,New South Wales,2021-08-29,2021-09-15,1841,106,1,106,Trousers,Wool,L,violet,61,17,2021-08-01,Young
Shermy Mulbry,Polygender,79,West Alyssaton,Victoria,2021-05-13,2021-05-29,346,119,3,357,Jacket,Trench Coat,L,violet,76,16,2021-05-01,Senior
Shermy Mulbry,Polygender,79,West Alyssaton,Victoria,2021-05-13,2021-05-29,347,115,2,230,Trousers,Cropped,S,red,47,16,2021-05-01,Senior
Shermy Mulbry,Polygender,79,West Alyssaton,Victoria,2021-05-13,2021-05-29,348,106,2,212,Trousers,Wool,S,blue,55,16,2021-05-01,Senior
Tucky Kitchaside,Female,57,East Zacharystad,Queensland,2021-10-07,2021-11-03,1314,94,2,188,Trousers,Cords,XL,yellow,65,27,2021-10-01,Senior
Tucky Kitchaside,Female,57,East Zacharystad,Queensland,2021-10-07,2021-11-03,1315,109,1,109,Jacket,Peacoat,XL,yellow,53,27,2021-10-01,Senior
Tucky Kitchaside,Female,57,East Zacharystad,Queensland,2021-10-07,2021-11-03,1316,112,3,336,Jacket,Cardigan,S,red,47,27,2021-10-01,Senior
Tucky Kitchaside,Female,57,East Zacharystad,Queensland,2021-10-07,2021-11-03,1317,102,1,102,Jacket,Windbreaker,M,violet,64,27,2021-10-01,Senior
Jermaine Goranov,Genderfluid,64,Kreigerbury,Northern Territory,2021-08-31,2021-09-07,160,106,2,212,Trousers,Wool,S,yellow,69,7,2021-08-01,Senior
Jermaine Goranov,Genderfluid,64,Kreigerbury,Northern Territory,2021-08-31,2021-09-07,161,98,1,98,Jacket,Leather,M,red,54,7,2021-08-01,Senior
Jermaine Goranov,Genderfluid,64,Kreigerbury,Northern Territory,2021-08-31,2021-09-07,162,112,2,224,Trousers,Tracksuit Bottoms,M,violet,73,7,2021-08-01,Senior
Jermaine Goranov,Genderfluid,64,Kreigerbury,Northern Territory,2021-08-31,2021-09-07,163,90,1,90,Trousers,Relaxed Leg,L,indigo,48,7,2021-08-01,Senior
Jermaine Goranov,Genderfluid,64,Kreigerbury,Northern Territory,2021-08-31,2021-09-07,164,98,1,98,Jacket,Leather,XL,blue,67,7,2021-08-01,Senior
Jermaine Goranov,Genderfluid,64,Kreigerbury,Northern Territory,2021-08-31,2021-09-07,165,105,1,105,Shirt,Cuban Collar,M,blue,55,7,2021-08-01,Senior
Jermaine Goranov,Genderfluid,64,Kreigerbury,Northern Territory,2021-08-31,2021-09-07,166,113,3,339,Jacket,Parka,S,orange,72,7,2021-08-01,Senior
Zak Titterton,Non-binary,22,West Cooper,Tasmania,2021-08-20,2021-09-06,3016,100,3,300,Jacket,Bomber,XL,yellow,50,17,2021-08-01,Young
Zak Titterton,Non-binary,22,West Cooper,Tasmania,2021-08-20,2021-09-06,3017,106,3,318,Shirt,Chambray,M,yellow,62,17,2021-08-01,Young
Zak Titterton,Non-binary,22,West Cooper,Tasmania,2021-08-20,2021-09-06,3018,91,2,182,Shirt,Linen,S,green,58,17,2021-08-01,Young
Leann Kittow,Female,35,Angelinastad,South Australia,2021-05-26,2021-06-20,2948,109,1,109,Shirt,Mandarin Collar,XL,green,79,25,2021-05-01,Young
Leann Kittow,Female,35,Angelinastad,South Australia,2021-05-26,2021-06-20,2949,117,2,234,Jacket,Shearling,S,red,75,25,2021-05-01,Young
Leann Kittow,Female,35,Angelinastad,South Australia,2021-05-26,2021-06-20,2950,105,1,105,Shirt,Cuban Collar,S,red,59,25,2021-05-01,Young
Leann Kittow,Female,35,Angelinastad,South Australia,2021-05-26,2021-06-20,2951,96,2,192,Shirt,Oxford Cloth,XL,orange,43,25,2021-05-01,Young
Leann Kittow,Female,35,Angelinastad,South Australia,2021-05-26,2021-06-20,2952,90,2,180,Trousers,Relaxed Leg,S,green,51,25,2021-05-01,Young
Hana Stitch,Male,65,Port Ella,New South Wales,2021-08-22,2021-09-12,1559,96,1,96,Trousers,Drawstring,XS,violet,62,21,2021-08-01,Senior
Hana Stitch,Male,65,Port Ella,New South Wales,2021-08-22,2021-09-12,1560,112,3,336,Jacket,Cardigan,S,red,47,21,2021-08-01,Senior
Hana Stitch,Male,65,Port Ella,New South Wales,2021-08-22,2021-09-12,1561,102,3,306,Trousers,Cargo Pants,M,green,78,21,2021-08-01,Senior
Hana Stitch,Male,65,Port Ella,New South Wales,2021-08-22,2021-09-12,1562,112,3,336,Trousers,Tracksuit Bottoms,XS,yellow,76,21,2021-08-01,Senior
Hana Stitch,Male,65,Port Ella,New South Wales,2021-08-22,2021-09-12,1563,117,1,117,Jacket,Shearling,S,violet,49,21,2021-08-01,Senior
Hana Stitch,Male,65,Port Ella,New South Wales,2021-08-22,2021-09-12,1564,113,2,226,Trousers,Chinos,XL,red,71,21,2021-08-01,Senior
Perceval Umbers,Bigender,20,Laraview,Tasmania,2021-06-25,2021-07-20,2953,109,2,218,Jacket,Peacoat,XL,green,68,25,2021-06-01,Young
Perceval Umbers,Bigender,20,Laraview,Tasmania,2021-06-25,2021-07-20,2954,100,1,100,Jacket,Bomber,S,orange,49,25,2021-06-01,Young
Perceval Umbers,Bigender,20,Laraview,Tasmania,2021-06-25,2021-07-20,2955,106,1,106,Trousers,Wool,XL,indigo,51,25,2021-06-01,Young
Perceval Umbers,Bigender,20,Laraview,Tasmania,2021-06-25,2021-07-20,2956,97,2,194,Trousers,Slim-Fit,XS,yellow,59,25,2021-06-01,Young
Perceval Umbers,Bigender,20,Laraview,Tasmania,2021-06-25,2021-07-20,2957,105,2,210,Shirt,Cuban Collar,L,red,45,25,2021-06-01,Young
Perceval Umbers,Bigender,20,Laraview,Tasmania,2021-06-25,2021-07-20,2958,92,1,92,Shirt,Denim,L,indigo,58,25,2021-06-01,Young
Perceval Umbers,Bigender,20,Laraview,Tasmania,2021-06-25,2021-07-20,2959,105,2,210,Trousers,Pleated,XL,violet,65,25,2021-06-01,Young
Perceval Umbers,Bigender,20,Laraview,Tasmania,2021-06-25,2021-07-20,2960,95,3,285,Shirt,Polo,XS,blue,56,25,2021-06-01,Young
Perceval Umbers,Bigender,20,Laraview,Tasmania,2021-06-25,2021-07-20,2961,119,1,119,Shirt,Casual Slim Fit,XL,green,41,25,2021-06-01,Young
Perceval Umbers,Bigender,20,Laraview,Tasmania,2021-06-25,2021-07-20,2962,118,3,354,Jacket,Puffer,L,violet,49,25,2021-06-01,Young
Perceval Umbers,Bigender,20,Laraview,Tasmania,2021-01-31,2021-02-08,3019,95,1,95,Shirt,Polo,S,orange,78,8,2021-01-01,Young
Perceval Umbers,Bigender,20,Laraview,Tasmania,2021-01-31,2021-02-08,3020,94,3,282,Shirt,Henley,M,blue,42,8,2021-01-01,Young
Perceval Umbers,Bigender,20,Laraview,Tasmania,2021-01-31,2021-02-08,3021,91,1,91,Shirt,Linen,L,blue,70,8,2021-01-01,Young
Perceval Umbers,Bigender,20,Laraview,Tasmania,2021-01-31,2021-02-08,3022,118,2,236,Jacket,Puffer,S,violet,46,8,2021-01-01,Young
Perceval Umbers,Bigender,20,Laraview,Tasmania,2021-01-31,2021-02-08,3023,118,3,354,Jacket,Puffer,M,green,72,8,2021-01-01,Young
Perceval Umbers,Bigender,20,Laraview,Tasmania,2021-01-31,2021-02-08,3024,91,1,91,Jacket,Pullover,M,yellow,49,8,2021-01-01,Young
Jania Sailes,Non-binary,44,West Annaton,Australian Capital Territory,2021-07-25,2021-08-18,2012,117,3,351,Jacket,Shearling,L,violet,61,24,2021-07-01,Middle Aged
Jania Sailes,Non-binary,44,West Annaton,Australian Capital Territory,2021-07-25,2021-08-18,2013,112,3,336,Trousers,Tracksuit Bottoms,L,violet,45,24,2021-07-01,Middle Aged
Jania Sailes,Non-binary,44,West Annaton,Australian Capital Territory,2021-07-25,2021-08-18,2014,96,1,96,Shirt,Oxford Cloth,S,indigo,59,24,2021-07-01,Middle Aged
Jania Sailes,Non-binary,44,West Annaton,Australian Capital Territory,2021-07-25,2021-08-18,2015,92,1,92,Shirt,Denim,S,green,49,24,2021-07-01,Middle Aged
Jania Sailes,Non-binary,44,West Annaton,Australian Capital Territory,2021-07-25,2021-08-18,2016,118,3,354,Shirt,Flannel,M,blue,73,24,2021-07-01,Middle Aged
Jania Sailes,Non-binary,44,West Annaton,Australian Capital Territory,2021-07-25,2021-08-18,2017,99,2,198,Trousers,High-Waisted,XL,indigo,57,24,2021-07-01,Middle Aged
Isahella Enrique,Polygender,59,West Phoenix,New South Wales,2021-07-03,2021-07-15,1356,93,1,93,Jacket,Coach,XL,green,48,12,2021-07-01,Senior
Isahella Enrique,Polygender,59,West Phoenix,New South Wales,2021-07-03,2021-07-15,1357,106,3,318,Trousers,Wool,XL,yellow,72,12,2021-07-01,Senior
Isahella Enrique,Polygender,59,West Phoenix,New South Wales,2021-07-03,2021-07-15,1358,118,3,354,Jacket,Puffer,S,violet,46,12,2021-07-01,Senior
Isahella Enrique,Polygender,59,West Phoenix,New South Wales,2021-07-03,2021-07-15,1359,93,1,93,Jacket,Coach,XL,orange,46,12,2021-07-01,Senior
Isahella Enrique,Polygender,59,West Phoenix,New South Wales,2021-07-03,2021-07-15,1360,99,3,297,Trousers,High-Waisted,M,red,59,12,2021-07-01,Senior
Isahella Enrique,Polygender,59,West Phoenix,New South Wales,2021-07-03,2021-07-15,1361,112,1,112,Jacket,Cardigan,XL,indigo,78,12,2021-07-01,Senior
Isahella Enrique,Polygender,59,West Phoenix,New South Wales,2021-07-03,2021-07-15,1362,109,1,109,Shirt,Mandarin Collar,S,orange,52,12,2021-07-01,Senior
Isahella Enrique,Polygender,59,West Phoenix,New South Wales,2021-07-03,2021-07-15,1363,94,3,282,Shirt,Henley,L,yellow,62,12,2021-07-01,Senior
Isahella Enrique,Polygender,59,West Phoenix,New South Wales,2021-07-03,2021-07-15,1364,104,3,312,Shirt,Dress,S,green,60,12,2021-07-01,Senior
Gorden Seago,Genderfluid,80,Port Aaronton,Queensland,2021-10-07,2021-10-28,1705,112,3,336,Jacket,Cardigan,XL,blue,57,21,2021-10-01,Senior
Gorden Seago,Genderfluid,80,Port Aaronton,Queensland,2021-10-07,2021-10-28,1706,109,3,327,Shirt,Mandarin Collar,XL,violet,71,21,2021-10-01,Senior
Gorden Seago,Genderfluid,80,Port Aaronton,Queensland,2021-10-07,2021-10-28,1707,113,3,339,Trousers,Chinos,S,green,61,21,2021-10-01,Senior
Gorden Seago,Genderfluid,80,Port Aaronton,Queensland,2021-10-07,2021-10-28,1708,109,2,218,Shirt,Mandarin Collar,XL,violet,71,21,2021-10-01,Senior
Gorden Seago,Genderfluid,80,Port Aaronton,Queensland,2021-10-07,2021-10-28,1709,117,3,351,Jacket,Shearling,L,indigo,66,21,2021-10-01,Senior
Gorden Seago,Genderfluid,80,Port Aaronton,Queensland,2021-10-07,2021-10-28,1710,94,2,188,Trousers,Cords,XS,orange,70,21,2021-10-01,Senior
Jillian Sauven,Bigender,41,Angelinaport,New South Wales,2021-07-06,2021-07-15,2963,93,2,186,Trousers,Joggers,S,orange,43,9,2021-07-01,Middle Aged
Jillian Sauven,Bigender,41,Angelinaport,New South Wales,2021-07-06,2021-07-15,2964,94,2,188,Shirt,Henley,XL,indigo,52,9,2021-07-01,Middle Aged
Jillian Sauven,Bigender,41,Angelinaport,New South Wales,2021-07-06,2021-07-15,2965,96,2,192,Trousers,Drawstring,XL,violet,80,9,2021-07-01,Middle Aged
Jillian Sauven,Bigender,41,Angelinaport,New South Wales,2021-07-06,2021-07-15,2966,119,1,119,Shirt,Casual Slim Fit,L,red,78,9,2021-07-01,Middle Aged
Robinetta Deners,Genderqueer,68,West Claudia,South Australia,2021-06-20,2021-07-16,377,118,3,354,Shirt,Flannel,L,indigo,62,26,2021-06-01,Senior
Robinetta Deners,Genderqueer,68,West Claudia,South Australia,2021-06-20,2021-07-16,378,95,1,95,Shirt,Polo,S,violet,43,26,2021-06-01,Senior
Robinetta Deners,Genderqueer,68,West Claudia,South Australia,2021-06-20,2021-07-16,379,95,2,190,Shirt,Polo,L,violet,76,26,2021-06-01,Senior
Robinetta Deners,Genderqueer,68,West Claudia,South Australia,2021-06-20,2021-07-16,380,91,2,182,Shirt,Linen,XL,violet,73,26,2021-06-01,Senior
Deedee Pashe,Bigender,28,Lake Abigailhaven,Western Australia,2021-08-23,2021-09-06,4572,97,1,97,Trousers,Slim-Fit,XL,violet,48,14,2021-08-01,Young
Deedee Pashe,Bigender,28,Lake Abigailhaven,Western Australia,2021-08-23,2021-09-06,4573,94,2,188,Shirt,Henley,M,blue,42,14,2021-08-01,Young
Deedee Pashe,Bigender,28,Lake Abigailhaven,Western Australia,2021-08-23,2021-09-06,4574,96,1,96,Trousers,Drawstring,XS,orange,41,14,2021-08-01,Young
Deedee Pashe,Bigender,28,Lake Abigailhaven,Western Australia,2021-08-23,2021-09-06,4575,118,1,118,Shirt,Flannel,M,green,66,14,2021-08-01,Young
Jillian Sauven,Bigender,41,Angelinaport,New South Wales,2021-09-22,2021-10-18,4444,92,2,184,Shirt,Denim,M,orange,50,26,2021-09-01,Middle Aged
Jillian Sauven,Bigender,41,Angelinaport,New South Wales,2021-09-22,2021-10-18,4445,119,3,357,Shirt,Casual Slim Fit,M,blue,61,26,2021-09-01,Middle Aged
Jillian Sauven,Bigender,41,Angelinaport,New South Wales,2021-09-22,2021-10-18,4446,118,3,354,Jacket,Puffer,S,yellow,48,26,2021-09-01,Middle Aged
Jillian Sauven,Bigender,41,Angelinaport,New South Wales,2021-09-22,2021-10-18,4447,91,2,182,Jacket,Pullover,M,blue,44,26,2021-09-01,Middle Aged
Jillian Sauven,Bigender,41,Angelinaport,New South Wales,2021-09-22,2021-10-18,4448,94,2,188,Shirt,Henley,M,orange,70,26,2021-09-01,Middle Aged
Waylen Swallwell,Non-binary,73,Sarahstad,Western Australia,2021-01-10,2021-01-19,911,92,3,276,Shirt,Denim,XL,blue,73,9,2021-01-01,Senior
Waylen Swallwell,Non-binary,73,Sarahstad,Western Australia,2021-01-10,2021-01-19,912,118,3,354,Shirt,Flannel,XS,indigo,46,9,2021-01-01,Senior
Waylen Swallwell,Non-binary,73,Sarahstad,Western Australia,2021-01-10,2021-01-19,913,104,1,104,Shirt,Dress,S,violet,69,9,2021-01-01,Senior
Waylen Swallwell,Non-binary,73,Sarahstad,Western Australia,2021-01-10,2021-01-19,914,93,3,279,Jacket,Coach,XL,yellow,68,9,2021-01-01,Senior
Waylen Swallwell,Non-binary,73,Sarahstad,Western Australia,2021-01-10,2021-01-19,915,91,2,182,Jacket,Pullover,S,red,46,9,2021-01-01,Senior
Lars Stading,Female,60,West Callumside,Tasmania,2021-06-29,2021-07-07,2968,119,1,119,Shirt,Casual Slim Fit,M,violet,46,8,2021-06-01,Senior
Lars Stading,Female,60,West Callumside,Tasmania,2021-06-29,2021-07-07,2969,113,1,113,Jacket,Parka,S,violet,67,8,2021-06-01,Senior
Lars Stading,Female,60,West Callumside,Tasmania,2021-06-29,2021-07-07,2970,102,3,306,Trousers,Cargo Pants,XL,green,65,8,2021-06-01,Senior
Lars Stading,Female,60,West Callumside,Tasmania,2021-06-29,2021-07-07,2971,102,2,204,Jacket,Windbreaker,S,blue,41,8,2021-06-01,Senior
Lars Stading,Female,60,West Callumside,Tasmania,2021-06-29,2021-07-07,2972,105,1,105,Shirt,Cuban Collar,XL,indigo,53,8,2021-06-01,Senior
Lars Stading,Female,60,West Callumside,Tasmania,2021-06-29,2021-07-07,2973,97,2,194,Trousers,Slim-Fit,XS,green,74,8,2021-06-01,Senior
Lars Stading,Female,60,West Callumside,Tasmania,2021-06-29,2021-07-07,2974,102,3,306,Jacket,Windbreaker,L,blue,41,8,2021-06-01,Senior
Lars Stading,Female,60,West Callumside,Tasmania,2021-06-29,2021-07-07,2975,115,2,230,Trousers,Cropped,XL,orange,61,8,2021-06-01,Senior
Lars Stading,Female,60,West Callumside,Tasmania,2021-06-29,2021-07-07,2976,100,2,200,Jacket,Bomber,XL,green,79,8,2021-06-01,Senior
Lars Stading,Female,60,West Callumside,Tasmania,2021-06-29,2021-07-07,2977,113,3,339,Trousers,Chinos,XS,violet,72,8,2021-06-01,Senior
Atlante Dissman,Male,37,Abbeyshire,South Australia,2021-03-09,2021-03-28,478,93,2,186,Jacket,Coach,XL,orange,46,19,2021-03-01,Middle Aged
Atlante Dissman,Male,37,Abbeyshire,South Australia,2021-03-09,2021-03-28,479,93,3,279,Trousers,Joggers,XL,green,56,19,2021-03-01,Middle Aged
Atlante Dissman,Male,37,Abbeyshire,South Australia,2021-03-09,2021-03-28,480,115,3,345,Trousers,Cropped,XS,blue,47,19,2021-03-01,Middle Aged
Myrle Kelby,Male,80,Port Sophia,New South Wales,2021-05-01,2021-05-25,3042,100,2,200,Jacket,Bomber,XS,blue,44,24,2021-05-01,Senior
Myrle Kelby,Male,80,Port Sophia,New South Wales,2021-05-01,2021-05-25,3043,92,2,184,Shirt,Denim,L,indigo,58,24,2021-05-01,Senior
Myrle Kelby,Male,80,Port Sophia,New South Wales,2021-05-01,2021-05-25,3044,94,3,282,Trousers,Cords,S,green,78,24,2021-05-01,Senior
Myrle Kelby,Male,80,Port Sophia,New South Wales,2021-05-01,2021-05-25,3045,91,3,273,Shirt,Linen,S,orange,42,24,2021-05-01,Senior
Benny Songist,Non-binary,47,North Lukeshire,Tasmania,2021-02-03,2021-02-22,1977,99,2,198,Trousers,High-Waisted,S,indigo,79,19,2021-02-01,Middle Aged
Benny Songist,Non-binary,47,North Lukeshire,Tasmania,2021-02-03,2021-02-22,1978,93,2,186,Trousers,Joggers,XS,violet,50,19,2021-02-01,Middle Aged
Benny Songist,Non-binary,47,North Lukeshire,Tasmania,2021-02-03,2021-02-22,1979,97,3,291,Trousers,Slim-Fit,L,green,43,19,2021-02-01,Middle Aged
Melissa Partkya,Male,23,O'keefeton,Tasmania,2021-10-19,2021-11-04,4252,91,1,91,Jacket,Pullover,XS,blue,61,16,2021-10-01,Young
Melissa Partkya,Male,23,O'keefeton,Tasmania,2021-10-19,2021-11-04,4253,100,2,200,Jacket,Bomber,L,violet,68,16,2021-10-01,Young
Melissa Partkya,Male,23,O'keefeton,Tasmania,2021-10-19,2021-11-04,4254,102,2,204,Jacket,Windbreaker,XS,yellow,50,16,2021-10-01,Young
Susanetta Wilshin,Bigender,70,Joelburgh,Western Australia,2021-03-09,2021-03-29,2990,90,3,270,Trousers,Relaxed Leg,L,orange,78,20,2021-03-01,Senior
Zeb Shipton,Genderfluid,70,West Madison,Northern Territory,2021-09-23,2021-10-17,2994,93,2,186,Jacket,Coach,XS,red,71,24,2021-09-01,Senior
Zeb Shipton,Genderfluid,70,West Madison,Northern Territory,2021-09-23,2021-10-17,2995,96,3,288,Shirt,Oxford Cloth,L,indigo,70,24,2021-09-01,Senior
Zeb Shipton,Genderfluid,70,West Madison,Northern Territory,2021-09-23,2021-10-17,2996,90,3,270,Trousers,Relaxed Leg,L,blue,61,24,2021-09-01,Senior
Zeb Shipton,Genderfluid,70,West Madison,Northern Territory,2021-09-23,2021-10-17,2997,115,1,115,Trousers,Cropped,S,blue,62,24,2021-09-01,Senior
Zeb Shipton,Genderfluid,70,West Madison,Northern Territory,2021-09-23,2021-10-17,2998,106,1,106,Trousers,Wool,S,orange,59,24,2021-09-01,Senior
Anny Midden,Non-binary,32,Lake Amelia,Victoria,2021-05-11,2021-05-28,3736,93,2,186,Trousers,Joggers,S,indigo,56,17,2021-05-01,Young
Anny Midden,Non-binary,32,Lake Amelia,Victoria,2021-05-11,2021-05-28,3737,113,1,113,Jacket,Parka,S,yellow,80,17,2021-05-01,Young
Anny Midden,Non-binary,32,Lake Amelia,Victoria,2021-05-11,2021-05-28,3738,119,3,357,Jacket,Trench Coat,XL,orange,71,17,2021-05-01,Young
Kristofor Roos,Agender,22,Jordanside,Australian Capital Territory,2021-04-10,2021-04-22,916,97,3,291,Trousers,Slim-Fit,S,green,70,12,2021-04-01,Young
Kristofor Roos,Agender,22,Jordanside,Australian Capital Territory,2021-04-10,2021-04-22,917,112,3,336,Trousers,Tracksuit Bottoms,S,blue,48,12,2021-04-01,Young
Kristofor Roos,Agender,22,Jordanside,Australian Capital Territory,2021-04-10,2021-04-22,918,115,1,115,Trousers,Cropped,XL,blue,51,12,2021-04-01,Young
Shaylyn Musla,Bigender,71,Josephland,South Australia,2021-09-05,2021-09-13,746,92,2,184,Shirt,Denim,L,yellow,75,8,2021-09-01,Senior
Shaylyn Musla,Bigender,71,Josephland,South Australia,2021-09-05,2021-09-13,747,91,2,182,Shirt,Linen,M,violet,44,8,2021-09-01,Senior
Shaylyn Musla,Bigender,71,Josephland,South Australia,2021-09-05,2021-09-13,748,98,2,196,Shirt,Camp Collared,XL,violet,40,8,2021-09-01,Senior
Shaylyn Musla,Bigender,71,Josephland,South Australia,2021-09-05,2021-09-13,749,119,3,357,Shirt,Casual Slim Fit,XS,indigo,57,8,2021-09-01,Senior
Kristofor Roos,Agender,22,Jordanside,Australian Capital Territory,2021-08-07,2021-09-03,1230,99,2,198,Trousers,High-Waisted,S,violet,45,27,2021-08-01,Young
Kristofor Roos,Agender,22,Jordanside,Australian Capital Territory,2021-08-07,2021-09-03,1231,117,1,117,Jacket,Shearling,S,yellow,48,27,2021-08-01,Young
Kristofor Roos,Agender,22,Jordanside,Australian Capital Territory,2021-08-07,2021-09-03,1232,98,2,196,Shirt,Camp Collared,XS,red,77,27,2021-08-01,Young
Kristofor Roos,Agender,22,Jordanside,Australian Capital Territory,2021-08-07,2021-09-03,1233,93,2,186,Jacket,Coach,XL,violet,60,27,2021-08-01,Young
Rorie Hof,Polygender,23,Kulasmouth,Western Australia,2021-07-17,2021-08-13,1666,99,3,297,Trousers,High-Waisted,XL,yellow,78,27,2021-07-01,Young
Rorie Hof,Polygender,23,Kulasmouth,Western Australia,2021-07-17,2021-08-13,1667,106,2,212,Trousers,Wool,S,blue,55,27,2021-07-01,Young
Rorie Hof,Polygender,23,Kulasmouth,Western Australia,2021-07-17,2021-08-13,1668,113,2,226,Jacket,Parka,S,violet,67,27,2021-07-01,Young
Gibbie Beardall,Polygender,67,South Levi,New South Wales,2021-09-09,2021-10-03,1392,97,1,97,Trousers,Slim-Fit,M,violet,51,24,2021-09-01,Senior
Gibbie Beardall,Polygender,67,South Levi,New South Wales,2021-09-09,2021-10-03,1393,112,3,336,Jacket,Cardigan,M,yellow,64,24,2021-09-01,Senior
Gibbie Beardall,Polygender,67,South Levi,New South Wales,2021-09-09,2021-10-03,1394,109,3,327,Jacket,Peacoat,XS,blue,48,24,2021-09-01,Senior
Meris Twitty,Agender,68,Bartolettiside,Australian Capital Territory,2021-04-14,2021-04-24,1752,118,2,236,Shirt,Flannel,M,red,68,10,2021-04-01,Senior
Meris Twitty,Agender,68,Bartolettiside,Australian Capital Territory,2021-04-14,2021-04-24,1753,92,2,184,Shirt,Denim,XL,indigo,58,10,2021-04-01,Senior
Meris Twitty,Agender,68,Bartolettiside,Australian Capital Territory,2021-04-14,2021-04-24,1754,94,1,94,Shirt,Henley,XL,indigo,52,10,2021-04-01,Senior
Meris Twitty,Agender,68,Bartolettiside,Australian Capital Territory,2021-04-14,2021-04-24,1755,98,2,196,Shirt,Camp Collared,XS,indigo,64,10,2021-04-01,Senior
Uriel Cottingham,Genderqueer,49,Lincolnchester,Queensland,2021-08-31,2021-09-13,966,91,3,273,Shirt,Linen,M,violet,44,13,2021-08-01,Middle Aged
Uriel Cottingham,Genderqueer,49,Lincolnchester,Queensland,2021-08-31,2021-09-13,967,98,2,196,Shirt,Camp Collared,XL,indigo,42,13,2021-08-01,Middle Aged
Uriel Cottingham,Genderqueer,49,Lincolnchester,Queensland,2021-08-31,2021-09-13,968,112,2,224,Trousers,Tracksuit Bottoms,XL,violet,60,13,2021-08-01,Middle Aged
Zeb Shipton,Genderfluid,70,West Madison,Northern Territory,2021-03-05,2021-03-22,3373,94,2,188,Shirt,Henley,XS,indigo,58,17,2021-03-01,Senior
Zeb Shipton,Genderfluid,70,West Madison,Northern Territory,2021-03-05,2021-03-22,3374,109,2,218,Shirt,Mandarin Collar,L,green,67,17,2021-03-01,Senior
Zeb Shipton,Genderfluid,70,West Madison,Northern Territory,2021-03-05,2021-03-22,3375,109,2,218,Jacket,Peacoat,XS,indigo,45,17,2021-03-01,Senior
Zeb Shipton,Genderfluid,70,West Madison,Northern Territory,2021-03-05,2021-03-22,3376,117,2,234,Jacket,Shearling,S,violet,49,17,2021-03-01,Senior
Robinetta Deners,Genderqueer,68,West Claudia,South Australia,2021-04-25,2021-05-09,2140,100,1,100,Jacket,Bomber,XS,yellow,57,14,2021-04-01,Senior
Robinetta Deners,Genderqueer,68,West Claudia,South Australia,2021-04-25,2021-05-09,2141,105,1,105,Trousers,Pleated,M,blue,66,14,2021-04-01,Senior
Robinetta Deners,Genderqueer,68,West Claudia,South Australia,2021-04-25,2021-05-09,2142,104,2,208,Shirt,Dress,XL,violet,77,14,2021-04-01,Senior
Robinetta Deners,Genderqueer,68,West Claudia,South Australia,2021-04-25,2021-05-09,2143,91,2,182,Shirt,Linen,XS,indigo,70,14,2021-04-01,Senior
Robinetta Deners,Genderqueer,68,West Claudia,South Australia,2021-04-25,2021-05-09,2144,109,1,109,Shirt,Mandarin Collar,XS,yellow,45,14,2021-04-01,Senior
Cherlyn Asmus,Female,34,Jasmineville,Victoria,2021-03-30,2021-04-12,3403,115,3,345,Trousers,Cropped,S,red,47,13,2021-03-01,Young
Cherlyn Asmus,Female,34,Jasmineville,Victoria,2021-03-30,2021-04-12,3404,100,1,100,Jacket,Bomber,XL,red,62,13,2021-03-01,Young
Cherlyn Asmus,Female,34,Jasmineville,Victoria,2021-03-30,2021-04-12,3405,91,2,182,Shirt,Linen,XL,yellow,54,13,2021-03-01,Young
Cherlyn Asmus,Female,34,Jasmineville,Victoria,2021-03-30,2021-04-12,3406,91,1,91,Jacket,Pullover,XL,indigo,43,13,2021-03-01,Young
Cherlyn Asmus,Female,34,Jasmineville,Victoria,2021-03-30,2021-04-12,3407,109,2,218,Jacket,Peacoat,L,violet,65,13,2021-03-01,Young
Cherlyn Asmus,Female,34,Jasmineville,Victoria,2021-03-30,2021-04-12,3408,113,2,226,Trousers,Chinos,XL,blue,48,13,2021-03-01,Young
Jammal Varcoe,Polygender,66,North Liamfort,Australian Capital Territory,2021-06-15,2021-07-12,4997,113,1,113,Trousers,Chinos,M,violet,54,27,2021-06-01,Senior
Jammal Varcoe,Polygender,66,North Liamfort,Australian Capital Territory,2021-06-15,2021-07-12,4998,106,2,212,Trousers,Wool,L,green,42,27,2021-06-01,Senior
Jammal Varcoe,Polygender,66,North Liamfort,Australian Capital Territory,2021-06-15,2021-07-12,4999,115,1,115,Trousers,Cropped,XS,blue,47,27,2021-06-01,Senior
Cindi McCague,Polygender,73,Port Zoeborough,Australian Capital Territory,2021-09-15,2021-09-16,2999,115,1,115,Trousers,Cropped,L,orange,79,1,2021-09-01,Senior
Cindi McCague,Polygender,73,Port Zoeborough,Australian Capital Territory,2021-09-15,2021-09-16,3000,91,2,182,Shirt,Linen,S,yellow,60,1,2021-09-01,Senior
Cindi McCague,Polygender,73,Port Zoeborough,Australian Capital Territory,2021-09-15,2021-09-16,3001,109,3,327,Jacket,Peacoat,XL,yellow,53,1,2021-09-01,Senior
Gabriella Nutman,Polygender,24,West Benjaminberg,Australian Capital Territory,2021-06-13,2021-06-28,3002,97,2,194,Trousers,Slim-Fit,S,indigo,41,15,2021-06-01,Young
Gabriella Nutman,Polygender,24,West Benjaminberg,Australian Capital Territory,2021-06-13,2021-06-28,3003,95,1,95,Shirt,Polo,L,violet,76,15,2021-06-01,Young
Gabriella Nutman,Polygender,24,West Benjaminberg,Australian Capital Territory,2021-06-13,2021-06-28,3004,113,3,339,Jacket,Parka,S,green,62,15,2021-06-01,Young
Gabriella Nutman,Polygender,24,West Benjaminberg,Australian Capital Territory,2021-06-13,2021-06-28,3005,109,2,218,Shirt,Mandarin Collar,M,violet,76,15,2021-06-01,Young
Gabriella Nutman,Polygender,24,West Benjaminberg,Australian Capital Territory,2021-06-13,2021-06-28,3006,102,3,306,Jacket,Windbreaker,L,indigo,67,15,2021-06-01,Young
Sonny Tremollet,Male,78,Port Blake,Queensland,2021-05-12,2021-05-23,1632,109,3,327,Jacket,Peacoat,M,indigo,52,11,2021-05-01,Senior
Sonny Tremollet,Male,78,Port Blake,Queensland,2021-05-12,2021-05-23,1633,91,3,273,Jacket,Pullover,M,orange,60,11,2021-05-01,Senior
Sonny Tremollet,Male,78,Port Blake,Queensland,2021-05-12,2021-05-23,1634,105,2,210,Shirt,Cuban Collar,M,red,53,11,2021-05-01,Senior
Sonny Tremollet,Male,78,Port Blake,Queensland,2021-05-12,2021-05-23,1635,102,2,204,Trousers,Cargo Pants,L,indigo,46,11,2021-05-01,Senior
Sonny Tremollet,Male,78,Port Blake,Queensland,2021-05-12,2021-05-23,1636,118,2,236,Shirt,Flannel,M,violet,71,11,2021-05-01,Senior
Sonny Tremollet,Male,78,Port Blake,Queensland,2021-05-12,2021-05-23,1637,112,1,112,Jacket,Cardigan,XL,red,54,11,2021-05-01,Senior
Sonny Tremollet,Male,78,Port Blake,Queensland,2021-05-12,2021-05-23,1638,99,1,99,Trousers,High-Waisted,L,violet,68,11,2021-05-01,Senior
Waylen Swallwell,Non-binary,73,Sarahstad,Western Australia,2021-10-24,2021-11-20,3609,94,2,188,Shirt,Henley,M,yellow,71,27,2021-10-01,Senior
Waylen Swallwell,Non-binary,73,Sarahstad,Western Australia,2021-10-24,2021-11-20,3610,109,2,218,Jacket,Peacoat,S,red,67,27,2021-10-01,Senior
Waylen Swallwell,Non-binary,73,Sarahstad,Western Australia,2021-10-24,2021-11-20,3611,117,2,234,Jacket,Shearling,L,violet,61,27,2021-10-01,Senior
Waylen Swallwell,Non-binary,73,Sarahstad,Western Australia,2021-10-24,2021-11-20,3612,93,1,93,Jacket,Coach,S,blue,47,27,2021-10-01,Senior
Waylen Swallwell,Non-binary,73,Sarahstad,Western Australia,2021-10-24,2021-11-20,3613,104,2,208,Shirt,Dress,XS,violet,63,27,2021-10-01,Senior
Sheela Dovey,Genderqueer,23,Lake Addisonland,South Australia,2021-01-31,2021-02-27,260,96,1,96,Trousers,Drawstring,L,green,43,27,2021-01-01,Young
Sheela Dovey,Genderqueer,23,Lake Addisonland,South Australia,2021-01-31,2021-02-27,261,113,2,226,Jacket,Parka,M,green,71,27,2021-01-01,Young
Sheela Dovey,Genderqueer,23,Lake Addisonland,South Australia,2021-01-31,2021-02-27,262,91,1,91,Jacket,Pullover,S,green,69,27,2021-01-01,Young
Grady Wipper,Genderfluid,70,Thompsonbury,New South Wales,2021-02-14,2021-03-07,3007,99,3,297,Trousers,High-Waisted,S,orange,42,21,2021-02-01,Senior
Grady Wipper,Genderfluid,70,Thompsonbury,New South Wales,2021-02-14,2021-03-07,3008,118,1,118,Shirt,Flannel,S,green,57,21,2021-02-01,Senior
Grady Wipper,Genderfluid,70,Thompsonbury,New South Wales,2021-03-16,2021-03-27,4304,107,2,214,Jacket,Denim,XL,green,59,11,2021-03-01,Senior
Grady Wipper,Genderfluid,70,Thompsonbury,New South Wales,2021-03-16,2021-03-27,4305,105,3,315,Shirt,Cuban Collar,S,red,59,11,2021-03-01,Senior
Grady Wipper,Genderfluid,70,Thompsonbury,New South Wales,2021-03-16,2021-03-27,4306,102,2,204,Trousers,Cargo Pants,XL,red,45,11,2021-03-01,Senior
Grady Wipper,Genderfluid,70,Thompsonbury,New South Wales,2021-03-16,2021-03-27,4307,119,3,357,Shirt,Casual Slim Fit,L,indigo,60,11,2021-03-01,Senior
Grady Wipper,Genderfluid,70,Thompsonbury,New South Wales,2021-03-16,2021-03-27,4308,91,1,91,Jacket,Pullover,XL,indigo,43,11,2021-03-01,Senior
Grady Wipper,Genderfluid,70,Thompsonbury,New South Wales,2021-03-16,2021-03-27,4309,119,1,119,Shirt,Casual Slim Fit,M,yellow,76,11,2021-03-01,Senior
Camellia Heatherington,Bigender,78,Taylorfurt,New South Wales,2021-04-03,2021-04-08,3107,118,1,118,Shirt,Flannel,XL,blue,61,5,2021-04-01,Senior
Camellia Heatherington,Bigender,78,Taylorfurt,New South Wales,2021-04-03,2021-04-08,3108,93,2,186,Trousers,Joggers,XL,blue,52,5,2021-04-01,Senior
Tomaso Mullin,Genderqueer,25,New Ava,Queensland,2021-09-23,2021-10-13,2042,90,2,180,Trousers,Relaxed Leg,XL,green,64,20,2021-09-01,Young
Tomaso Mullin,Genderqueer,25,New Ava,Queensland,2021-09-23,2021-10-13,2043,105,1,105,Shirt,Cuban Collar,XL,violet,44,20,2021-09-01,Young
Tomaso Mullin,Genderqueer,25,New Ava,Queensland,2021-09-23,2021-10-13,2044,106,2,212,Shirt,Chambray,M,blue,66,20,2021-09-01,Young
Tomaso Mullin,Genderqueer,25,New Ava,Queensland,2021-09-23,2021-10-13,2045,119,1,119,Jacket,Trench Coat,S,blue,64,20,2021-09-01,Young
Ellynn Korba,Genderqueer,34,West Jonathanshire,Tasmania,2021-10-08,2021-11-03,12,104,1,104,Shirt,Dress,XL,green,52,26,2021-10-01,Young
Ellynn Korba,Genderqueer,34,West Jonathanshire,Tasmania,2021-10-08,2021-11-03,13,96,2,192,Shirt,Oxford Cloth,S,orange,72,26,2021-10-01,Young
Ellynn Korba,Genderqueer,34,West Jonathanshire,Tasmania,2021-10-08,2021-11-03,14,106,2,212,Trousers,Wool,XS,violet,80,26,2021-10-01,Young
Gates Torrance,Male,48,Miafort,Australian Capital Territory,2021-07-13,2021-07-25,1255,117,2,234,Jacket,Shearling,L,blue,64,12,2021-07-01,Middle Aged
Gates Torrance,Male,48,Miafort,Australian Capital Territory,2021-07-13,2021-07-25,1256,115,1,115,Trousers,Cropped,XS,yellow,41,12,2021-07-01,Middle Aged
Gates Torrance,Male,48,Miafort,Australian Capital Territory,2021-07-13,2021-07-25,1257,105,2,210,Trousers,Pleated,L,blue,79,12,2021-07-01,Middle Aged
Gates Torrance,Male,48,Miafort,Australian Capital Territory,2021-07-13,2021-07-25,1258,106,2,212,Shirt,Chambray,S,violet,52,12,2021-07-01,Middle Aged
Gates Torrance,Male,48,Miafort,Australian Capital Territory,2021-07-13,2021-07-25,1259,100,1,100,Jacket,Bomber,L,red,50,12,2021-07-01,Middle Aged
Gates Torrance,Male,48,Miafort,Australian Capital Territory,2021-07-13,2021-07-25,1260,115,2,230,Trousers,Cropped,S,yellow,65,12,2021-07-01,Middle Aged
Delia Mably,Female,55,Doylebury,Victoria,2021-06-13,2021-06-15,355,104,3,312,Shirt,Dress,XS,blue,41,2,2021-06-01,Middle Aged
Delia Mably,Female,55,Doylebury,Victoria,2021-06-13,2021-06-15,356,106,2,212,Trousers,Wool,M,orange,75,2,2021-06-01,Middle Aged
Delia Mably,Female,55,Doylebury,Victoria,2021-06-13,2021-06-15,357,99,1,99,Trousers,High-Waisted,XS,blue,51,2,2021-06-01,Middle Aged
Delia Mably,Female,55,Doylebury,Victoria,2021-06-13,2021-06-15,358,91,1,91,Shirt,Linen,M,red,78,2,2021-06-01,Middle Aged
Delia Mably,Female,55,Doylebury,Victoria,2021-06-13,2021-06-15,359,91,3,273,Shirt,Linen,L,red,80,2,2021-06-01,Middle Aged
Delia Mably,Female,55,Doylebury,Victoria,2021-06-13,2021-06-15,360,112,1,112,Jacket,Cardigan,S,violet,49,2,2021-06-01,Middle Aged
Kristel Klaaassen,Female,57,East Matthewville,New South Wales,2021-08-17,2021-09-10,2164,100,3,300,Jacket,Bomber,L,blue,64,24,2021-08-01,Senior
Kristel Klaaassen,Female,57,East Matthewville,New South Wales,2021-08-17,2021-09-10,2165,100,1,100,Jacket,Bomber,XL,green,79,24,2021-08-01,Senior
Ernaline Luce,Genderqueer,75,Olivershire,Victoria,2021-04-22,2021-05-08,3032,98,2,196,Jacket,Leather,S,yellow,41,16,2021-04-01,Senior
Ernaline Luce,Genderqueer,75,Olivershire,Victoria,2021-04-22,2021-05-08,3033,98,3,294,Shirt,Camp Collared,S,blue,75,16,2021-04-01,Senior
Ernaline Luce,Genderqueer,75,Olivershire,Victoria,2021-04-22,2021-05-08,3034,94,3,282,Trousers,Cords,XS,indigo,47,16,2021-04-01,Senior
Ernaline Luce,Genderqueer,75,Olivershire,Victoria,2021-04-22,2021-05-08,3035,98,1,98,Shirt,Camp Collared,M,red,64,16,2021-04-01,Senior
Ernaline Luce,Genderqueer,75,Olivershire,Victoria,2021-04-22,2021-05-08,3036,90,3,270,Trousers,Relaxed Leg,L,green,62,16,2021-04-01,Senior
Ernaline Luce,Genderqueer,75,Olivershire,Victoria,2021-04-22,2021-05-08,3037,113,1,113,Trousers,Chinos,M,violet,54,16,2021-04-01,Senior
Valentino Branney,Bigender,46,Port Alanamouth,Queensland,2021-08-04,2021-08-31,3038,102,1,102,Jacket,Windbreaker,M,orange,45,27,2021-08-01,Middle Aged
Valentino Branney,Bigender,46,Port Alanamouth,Queensland,2021-08-04,2021-08-31,3039,119,3,357,Shirt,Casual Slim Fit,XS,indigo,57,27,2021-08-01,Middle Aged
Valentino Branney,Bigender,46,Port Alanamouth,Queensland,2021-08-04,2021-08-31,3040,96,2,192,Trousers,Drawstring,XL,orange,68,27,2021-08-01,Middle Aged
Valentino Branney,Bigender,46,Port Alanamouth,Queensland,2021-08-04,2021-08-31,3041,100,2,200,Jacket,Bomber,S,yellow,64,27,2021-08-01,Middle Aged
Elga Corgenvin,Non-binary,47,New Sienna,South Australia,2021-02-05,2021-02-28,263,93,2,186,Trousers,Joggers,XL,red,58,23,2021-02-01,Middle Aged
Elga Corgenvin,Non-binary,47,New Sienna,South Australia,2021-02-05,2021-02-28,264,96,1,96,Trousers,Drawstring,S,green,73,23,2021-02-01,Middle Aged
Elga Corgenvin,Non-binary,47,New Sienna,South Australia,2021-02-05,2021-02-28,265,100,1,100,Jacket,Bomber,XS,violet,75,23,2021-02-01,Middle Aged
Elga Corgenvin,Non-binary,47,New Sienna,South Australia,2021-02-05,2021-02-28,266,98,3,294,Shirt,Camp Collared,L,indigo,72,23,2021-02-01,Middle Aged
Elga Corgenvin,Non-binary,47,New Sienna,South Australia,2021-02-05,2021-02-28,267,96,1,96,Trousers,Drawstring,L,red,73,23,2021-02-01,Middle Aged
Elga Corgenvin,Non-binary,47,New Sienna,South Australia,2021-02-05,2021-02-28,268,107,3,321,Jacket,Denim,S,violet,73,23,2021-02-01,Middle Aged
Alexis Cheake,Agender,66,Port Lillian,Northern Territory,2021-05-10,2021-05-12,3046,94,1,94,Trousers,Cords,XS,blue,60,2,2021-05-01,Senior
Alexis Cheake,Agender,66,Port Lillian,Northern Territory,2021-05-10,2021-05-12,3047,117,3,351,Jacket,Shearling,L,indigo,66,2,2021-05-01,Senior
Alexis Cheake,Agender,66,Port Lillian,Northern Territory,2021-05-10,2021-05-12,3048,93,3,279,Jacket,Coach,XS,violet,58,2,2021-05-01,Senior
Ellynn Korba,Genderqueer,34,West Jonathanshire,Tasmania,2021-03-30,2021-04-05,1738,96,2,192,Shirt,Oxford Cloth,L,green,52,6,2021-03-01,Young
Ellynn Korba,Genderqueer,34,West Jonathanshire,Tasmania,2021-03-30,2021-04-05,1739,119,1,119,Shirt,Casual Slim Fit,S,yellow,45,6,2021-03-01,Young
Ellynn Korba,Genderqueer,34,West Jonathanshire,Tasmania,2021-03-30,2021-04-05,1740,91,3,273,Shirt,Linen,XL,violet,73,6,2021-03-01,Young
Ellynn Korba,Genderqueer,34,West Jonathanshire,Tasmania,2021-03-30,2021-04-05,1741,96,3,288,Shirt,Oxford Cloth,S,red,53,6,2021-03-01,Young
Ellynn Korba,Genderqueer,34,West Jonathanshire,Tasmania,2021-03-30,2021-04-05,1742,118,3,354,Shirt,Flannel,M,green,66,6,2021-03-01,Young
Ellynn Korba,Genderqueer,34,West Jonathanshire,Tasmania,2021-03-30,2021-04-05,1743,97,1,97,Trousers,Slim-Fit,L,red,80,6,2021-03-01,Young
Ellynn Korba,Genderqueer,34,West Jonathanshire,Tasmania,2021-03-30,2021-04-05,1744,100,1,100,Jacket,Bomber,XL,violet,53,6,2021-03-01,Young
Courtnay Cornewell,Agender,24,South Pipermouth,South Australia,2021-08-09,2021-08-12,1236,93,1,93,Trousers,Joggers,S,red,71,3,2021-08-01,Young
Courtnay Cornewell,Agender,24,South Pipermouth,South Australia,2021-08-09,2021-08-12,1237,98,3,294,Shirt,Camp Collared,L,red,52,3,2021-08-01,Young
Courtnay Cornewell,Agender,24,South Pipermouth,South Australia,2021-08-09,2021-08-12,1238,92,3,276,Shirt,Denim,L,yellow,75,3,2021-08-01,Young
Courtnay Cornewell,Agender,24,South Pipermouth,South Australia,2021-08-09,2021-08-12,1239,90,1,90,Trousers,Relaxed Leg,L,red,63,3,2021-08-01,Young
Courtnay Cornewell,Agender,24,South Pipermouth,South Australia,2021-08-09,2021-08-12,1240,104,2,208,Shirt,Dress,S,red,72,3,2021-08-01,Young
Felic Marrian,Male,75,Samanthaberg,South Australia,2021-03-29,2021-04-12,59,105,2,210,Trousers,Pleated,M,yellow,54,14,2021-03-01,Senior
Felic Marrian,Male,75,Samanthaberg,South Australia,2021-03-29,2021-04-12,60,106,3,318,Shirt,Chambray,M,green,56,14,2021-03-01,Senior
Felic Marrian,Male,75,Samanthaberg,South Australia,2021-03-29,2021-04-12,61,92,2,184,Shirt,Denim,L,red,52,14,2021-03-01,Senior
Felic Marrian,Male,75,Samanthaberg,South Australia,2021-03-29,2021-04-12,62,118,3,354,Shirt,Flannel,S,blue,43,14,2021-03-01,Senior
Felic Marrian,Male,75,Samanthaberg,South Australia,2021-03-29,2021-04-12,63,94,2,188,Trousers,Cords,XL,violet,73,14,2021-03-01,Senior
Alon Abramsky,Polygender,27,Sofiahaven,Western Australia,2021-05-23,2021-06-07,3049,119,1,119,Shirt,Casual Slim Fit,XS,blue,55,15,2021-05-01,Young
Alon Abramsky,Polygender,27,Sofiahaven,Western Australia,2021-05-23,2021-06-07,3050,91,1,91,Jacket,Pullover,M,orange,60,15,2021-05-01,Young
Alon Abramsky,Polygender,27,Sofiahaven,Western Australia,2021-05-23,2021-06-07,3051,112,1,112,Jacket,Cardigan,XL,indigo,78,15,2021-05-01,Young
Alon Abramsky,Polygender,27,Sofiahaven,Western Australia,2021-05-23,2021-06-07,3052,119,2,238,Shirt,Casual Slim Fit,XS,blue,55,15,2021-05-01,Young
Alon Abramsky,Polygender,27,Sofiahaven,Western Australia,2021-05-23,2021-06-07,3053,115,3,345,Trousers,Cropped,S,blue,62,15,2021-05-01,Young
Alon Abramsky,Polygender,27,Sofiahaven,Western Australia,2021-05-23,2021-06-07,3054,107,3,321,Jacket,Denim,L,indigo,67,15,2021-05-01,Young
Normy Anlay,Male,26,Alexanderland,Queensland,2021-04-30,2021-05-24,1610,90,2,180,Trousers,Relaxed Leg,S,indigo,40,24,2021-04-01,Young
Normy Anlay,Male,26,Alexanderland,Queensland,2021-04-30,2021-05-24,1611,115,1,115,Trousers,Cropped,XS,indigo,55,24,2021-04-01,Young
Normy Anlay,Male,26,Alexanderland,Queensland,2021-04-30,2021-05-24,1612,94,1,94,Trousers,Cords,M,yellow,58,24,2021-04-01,Young
Normy Anlay,Male,26,Alexanderland,Queensland,2021-04-30,2021-05-24,1613,109,1,109,Jacket,Peacoat,S,green,41,24,2021-04-01,Young
Normy Anlay,Male,26,Alexanderland,Queensland,2021-04-30,2021-05-24,1614,98,3,294,Shirt,Camp Collared,S,yellow,66,24,2021-04-01,Young
Normy Anlay,Male,26,Alexanderland,Queensland,2021-04-30,2021-05-24,1615,106,1,106,Shirt,Chambray,XS,yellow,57,24,2021-04-01,Young
Alina Strotton,Female,54,West Chasemouth,Australian Capital Territory,2021-01-19,2021-01-22,4119,113,2,226,Trousers,Chinos,L,red,44,3,2021-01-01,Middle Aged
Alina Strotton,Female,54,West Chasemouth,Australian Capital Territory,2021-01-19,2021-01-22,4120,92,2,184,Shirt,Denim,XL,red,63,3,2021-01-01,Middle Aged
Alina Strotton,Female,54,West Chasemouth,Australian Capital Territory,2021-01-19,2021-01-22,4121,102,2,204,Trousers,Cargo Pants,XL,blue,57,3,2021-01-01,Middle Aged
Alina Strotton,Female,54,West Chasemouth,Australian Capital Territory,2021-01-19,2021-01-22,4122,92,3,276,Shirt,Denim,XS,indigo,79,3,2021-01-01,Middle Aged
Elbertina Gaish,Polygender,22,Dickensshire,Victoria,2021-08-17,2021-09-12,1574,106,2,212,Shirt,Chambray,S,indigo,59,26,2021-08-01,Young
Elbertina Gaish,Polygender,22,Dickensshire,Victoria,2021-08-17,2021-09-12,1575,91,2,182,Jacket,Pullover,M,indigo,72,26,2021-08-01,Young
Elbertina Gaish,Polygender,22,Dickensshire,Victoria,2021-08-17,2021-09-12,1576,106,2,212,Trousers,Wool,M,green,41,26,2021-08-01,Young
Elbertina Gaish,Polygender,22,Dickensshire,Victoria,2021-08-17,2021-09-12,1577,97,1,97,Trousers,Slim-Fit,M,blue,75,26,2021-08-01,Young
Elbertina Gaish,Polygender,22,Dickensshire,Victoria,2021-08-17,2021-09-12,1578,98,2,196,Jacket,Leather,M,yellow,77,26,2021-08-01,Young
Elbertina Gaish,Polygender,22,Dickensshire,Victoria,2021-08-17,2021-09-12,1579,109,1,109,Shirt,Mandarin Collar,L,violet,54,26,2021-08-01,Young
Elbertina Gaish,Polygender,22,Dickensshire,Victoria,2021-08-17,2021-09-12,1580,91,3,273,Shirt,Linen,M,yellow,59,26,2021-08-01,Young
Arlie Bowman,Genderqueer,34,Port Annabelle,Northern Territory,2021-01-31,2021-02-10,3060,97,3,291,Trousers,Slim-Fit,L,red,80,10,2021-01-01,Young
Arlie Bowman,Genderqueer,34,Port Annabelle,Northern Territory,2021-01-31,2021-02-10,3061,102,3,306,Jacket,Windbreaker,S,red,54,10,2021-01-01,Young
Arlie Bowman,Genderqueer,34,Port Annabelle,Northern Territory,2021-01-31,2021-02-10,3062,105,3,315,Trousers,Pleated,L,blue,79,10,2021-01-01,Young
Arlie Bowman,Genderqueer,34,Port Annabelle,Northern Territory,2021-01-31,2021-02-10,3063,119,1,119,Shirt,Casual Slim Fit,XS,red,49,10,2021-01-01,Young
Arlie Bowman,Genderqueer,34,Port Annabelle,Northern Territory,2021-01-31,2021-02-10,3064,91,2,182,Jacket,Pullover,M,yellow,49,10,2021-01-01,Young
Monty Gowen,Genderfluid,75,Muellerfurt,Queensland,2021-02-25,2021-03-04,3075,92,1,92,Shirt,Denim,XS,indigo,79,7,2021-02-01,Senior
Monty Gowen,Genderfluid,75,Muellerfurt,Queensland,2021-02-25,2021-03-04,3076,95,3,285,Shirt,Polo,S,orange,78,7,2021-02-01,Senior
Monty Gowen,Genderfluid,75,Muellerfurt,Queensland,2021-02-25,2021-03-04,3077,96,1,96,Trousers,Drawstring,M,yellow,55,7,2021-02-01,Senior
Aldin Moline,Male,25,West Aidenview,Victoria,2021-05-09,2021-06-05,4150,91,1,91,Shirt,Linen,XL,indigo,66,27,2021-05-01,Young
Aldin Moline,Male,25,West Aidenview,Victoria,2021-05-09,2021-06-05,4151,113,1,113,Trousers,Chinos,L,violet,62,27,2021-05-01,Young
Aldin Moline,Male,25,West Aidenview,Victoria,2021-05-09,2021-06-05,4152,94,1,94,Shirt,Henley,L,yellow,62,27,2021-05-01,Young
Aldin Moline,Male,25,West Aidenview,Victoria,2021-05-09,2021-06-05,4153,96,1,96,Trousers,Drawstring,XL,orange,68,27,2021-05-01,Young
Aldin Moline,Male,25,West Aidenview,Victoria,2021-05-09,2021-06-05,4154,100,3,300,Jacket,Bomber,XL,indigo,50,27,2021-05-01,Young
Aldin Moline,Male,25,West Aidenview,Victoria,2021-05-09,2021-06-05,4155,118,1,118,Jacket,Puffer,L,violet,49,27,2021-05-01,Young
Aldin Moline,Male,25,West Aidenview,Victoria,2021-05-09,2021-06-05,4156,112,3,336,Jacket,Cardigan,XL,orange,75,27,2021-05-01,Young
Aldin Moline,Male,25,West Aidenview,Victoria,2021-05-09,2021-06-05,4157,109,2,218,Jacket,Peacoat,S,red,67,27,2021-05-01,Young
Aldin Moline,Male,25,West Aidenview,Victoria,2021-05-09,2021-06-05,4158,106,1,106,Trousers,Wool,M,violet,51,27,2021-05-01,Young
Monty Gowen,Genderfluid,75,Muellerfurt,Queensland,2021-10-19,2021-11-12,3561,112,1,112,Jacket,Cardigan,L,red,41,24,2021-10-01,Senior
Monty Gowen,Genderfluid,75,Muellerfurt,Queensland,2021-10-19,2021-11-12,3562,117,3,351,Jacket,Shearling,S,indigo,45,24,2021-10-01,Senior
Monty Gowen,Genderfluid,75,Muellerfurt,Queensland,2021-10-19,2021-11-12,3563,105,3,315,Trousers,Pleated,XL,blue,55,24,2021-10-01,Senior
Monty Gowen,Genderfluid,75,Muellerfurt,Queensland,2021-10-19,2021-11-12,3564,100,3,300,Jacket,Bomber,L,blue,64,24,2021-10-01,Senior
Monty Gowen,Genderfluid,75,Muellerfurt,Queensland,2021-10-19,2021-11-12,3565,112,3,336,Jacket,Cardigan,M,yellow,64,24,2021-10-01,Senior
Duncan Walliker,Genderfluid,37,West Zoe,Victoria,2021-07-18,2021-07-31,1057,102,3,306,Trousers,Cargo Pants,XL,indigo,64,13,2021-07-01,Middle Aged
Duncan Walliker,Genderfluid,37,West Zoe,Victoria,2021-07-18,2021-07-31,1058,113,1,113,Trousers,Chinos,XS,indigo,61,13,2021-07-01,Middle Aged
Duncan Walliker,Genderfluid,37,West Zoe,Victoria,2021-07-18,2021-07-31,1059,113,3,339,Trousers,Chinos,S,violet,64,13,2021-07-01,Middle Aged
Duncan Walliker,Genderfluid,37,West Zoe,Victoria,2021-07-18,2021-07-31,1060,95,2,190,Shirt,Polo,XS,red,40,13,2021-07-01,Middle Aged
Duncan Walliker,Genderfluid,37,West Zoe,Victoria,2021-07-18,2021-07-31,1061,95,3,285,Shirt,Polo,M,violet,77,13,2021-07-01,Middle Aged
Duncan Walliker,Genderfluid,37,West Zoe,Victoria,2021-07-18,2021-07-31,1062,93,1,93,Trousers,Joggers,L,orange,49,13,2021-07-01,Middle Aged
Duncan Walliker,Genderfluid,37,West Zoe,Victoria,2021-07-18,2021-07-31,1063,90,3,270,Trousers,Relaxed Leg,XL,yellow,54,13,2021-07-01,Middle Aged
Glyn Tieman,Polygender,63,Georgiatown,Western Australia,2021-02-18,2021-03-10,4407,93,3,279,Trousers,Joggers,XL,orange,44,20,2021-02-01,Senior
Glyn Tieman,Polygender,63,Georgiatown,Western Australia,2021-02-18,2021-03-10,4408,104,1,104,Shirt,Dress,S,orange,69,20,2021-02-01,Senior
Glyn Tieman,Polygender,63,Georgiatown,Western Australia,2021-02-18,2021-03-10,4409,112,1,112,Trousers,Tracksuit Bottoms,L,violet,45,20,2021-02-01,Senior
Glyn Tieman,Polygender,63,Georgiatown,Western Australia,2021-02-18,2021-03-10,4410,102,2,204,Trousers,Cargo Pants,S,red,63,20,2021-02-01,Senior
Glyn Tieman,Polygender,63,Georgiatown,Western Australia,2021-02-18,2021-03-10,4411,93,2,186,Trousers,Joggers,M,indigo,66,20,2021-02-01,Senior
Glyn Tieman,Polygender,63,Georgiatown,Western Australia,2021-02-18,2021-03-10,4412,113,1,113,Jacket,Parka,XS,violet,59,20,2021-02-01,Senior
Glyn Tieman,Polygender,63,Georgiatown,Western Australia,2021-02-18,2021-03-10,4413,98,1,98,Shirt,Camp Collared,M,red,64,20,2021-02-01,Senior
Glyn Tieman,Polygender,63,Georgiatown,Western Australia,2021-02-18,2021-03-10,4414,119,2,238,Jacket,Trench Coat,S,blue,64,20,2021-02-01,Senior
Glyn Tieman,Polygender,63,Georgiatown,Western Australia,2021-02-18,2021-03-10,4415,119,1,119,Jacket,Trench Coat,XL,indigo,64,20,2021-02-01,Senior
Gorden Seago,Genderfluid,80,Port Aaronton,Queensland,2021-04-13,2021-05-04,567,90,3,270,Trousers,Relaxed Leg,XS,red,52,21,2021-04-01,Senior
Gorden Seago,Genderfluid,80,Port Aaronton,Queensland,2021-04-13,2021-05-04,568,112,1,112,Jacket,Cardigan,S,blue,53,21,2021-04-01,Senior
Gorden Seago,Genderfluid,80,Port Aaronton,Queensland,2021-04-13,2021-05-04,569,95,1,95,Shirt,Polo,L,yellow,46,21,2021-04-01,Senior
Gorden Seago,Genderfluid,80,Port Aaronton,Queensland,2021-04-13,2021-05-04,570,119,2,238,Jacket,Trench Coat,M,yellow,54,21,2021-04-01,Senior
Calhoun Raphael,Polygender,57,Hoppetown,Queensland,2021-10-17,2021-10-31,2046,105,2,210,Trousers,Pleated,XL,yellow,52,14,2021-10-01,Senior
Calhoun Raphael,Polygender,57,Hoppetown,Queensland,2021-10-17,2021-10-31,2047,98,2,196,Jacket,Leather,M,red,54,14,2021-10-01,Senior
Calhoun Raphael,Polygender,57,Hoppetown,Queensland,2021-10-17,2021-10-31,2048,119,3,357,Jacket,Trench Coat,M,orange,43,14,2021-10-01,Senior
Calhoun Raphael,Polygender,57,Hoppetown,Queensland,2021-10-17,2021-10-31,2049,112,2,224,Trousers,Tracksuit Bottoms,XL,orange,42,14,2021-10-01,Senior
Calhoun Raphael,Polygender,57,Hoppetown,Queensland,2021-10-17,2021-10-31,2050,92,2,184,Shirt,Denim,XL,green,52,14,2021-10-01,Senior
Calhoun Raphael,Polygender,57,Hoppetown,Queensland,2021-10-17,2021-10-31,2051,105,3,315,Shirt,Cuban Collar,S,indigo,41,14,2021-10-01,Senior
Phillipe Gatecliffe,Male,35,Jettstad,Australian Capital Territory,2021-07-25,2021-07-28,1346,100,3,300,Jacket,Bomber,XS,red,76,3,2021-07-01,Young
Phillipe Gatecliffe,Male,35,Jettstad,Australian Capital Territory,2021-07-25,2021-07-28,1347,96,2,192,Shirt,Oxford Cloth,XS,green,68,3,2021-07-01,Young
Phillipe Gatecliffe,Male,35,Jettstad,Australian Capital Territory,2021-07-25,2021-07-28,1348,106,3,318,Trousers,Wool,M,green,41,3,2021-07-01,Young
Phillipe Gatecliffe,Male,35,Jettstad,Australian Capital Territory,2021-07-25,2021-07-28,1349,119,1,119,Jacket,Trench Coat,M,orange,43,3,2021-07-01,Young
Phillipe Gatecliffe,Male,35,Jettstad,Australian Capital Territory,2021-07-25,2021-07-28,1350,93,1,93,Trousers,Joggers,L,blue,75,3,2021-07-01,Young
Phillipe Gatecliffe,Male,35,Jettstad,Australian Capital Territory,2021-07-25,2021-07-28,1351,92,1,92,Shirt,Denim,S,violet,54,3,2021-07-01,Young
Phillipe Gatecliffe,Male,35,Jettstad,Australian Capital Territory,2021-07-25,2021-07-28,1352,109,3,327,Jacket,Peacoat,XS,blue,48,3,2021-07-01,Young
Kinny Roget,Non-binary,67,Alexandramouth,New South Wales,2021-04-25,2021-05-20,537,94,1,94,Shirt,Henley,XS,blue,61,25,2021-04-01,Senior
Kinny Roget,Non-binary,67,Alexandramouth,New South Wales,2021-04-25,2021-05-20,538,112,2,224,Jacket,Cardigan,S,indigo,61,25,2021-04-01,Senior
Jeff Curness,Genderqueer,49,East Michaelmouth,Australian Capital Territory,2021-08-20,2021-09-01,854,104,1,104,Shirt,Dress,XL,indigo,75,12,2021-08-01,Middle Aged
Jeff Curness,Genderqueer,49,East Michaelmouth,Australian Capital Territory,2021-08-20,2021-09-01,855,95,1,95,Shirt,Polo,S,yellow,77,12,2021-08-01,Middle Aged
Jeff Curness,Genderqueer,49,East Michaelmouth,Australian Capital Territory,2021-08-20,2021-09-01,856,95,2,190,Shirt,Polo,M,yellow,52,12,2021-08-01,Middle Aged
Jeff Curness,Genderqueer,49,East Michaelmouth,Australian Capital Territory,2021-08-20,2021-09-01,857,98,1,98,Shirt,Camp Collared,M,violet,41,12,2021-08-01,Middle Aged
Jeff Curness,Genderqueer,49,East Michaelmouth,Australian Capital Territory,2021-08-20,2021-09-01,858,97,3,291,Trousers,Slim-Fit,S,violet,46,12,2021-08-01,Middle Aged
Jeff Curness,Genderqueer,49,East Michaelmouth,Australian Capital Territory,2021-08-20,2021-09-01,859,93,3,279,Trousers,Joggers,XL,orange,44,12,2021-08-01,Middle Aged
Marvin Van Hault,Bigender,35,Robertstown,Western Australia,2021-10-20,2021-10-30,3091,96,1,96,Trousers,Drawstring,L,red,73,10,2021-10-01,Young
Marvin Van Hault,Bigender,35,Robertstown,Western Australia,2021-10-20,2021-10-30,3092,106,1,106,Trousers,Wool,M,green,41,10,2021-10-01,Young
Marvin Van Hault,Bigender,35,Robertstown,Western Australia,2021-10-20,2021-10-30,3093,94,2,188,Shirt,Henley,L,red,62,10,2021-10-01,Young
Ailina Kynan,Genderqueer,71,Handborough,South Australia,2021-07-16,2021-07-19,3216,118,3,354,Shirt,Flannel,XS,green,55,3,2021-07-01,Senior
Ailina Kynan,Genderqueer,71,Handborough,South Australia,2021-07-16,2021-07-19,3217,117,3,351,Jacket,Shearling,XS,violet,75,3,2021-07-01,Senior
Ailina Kynan,Genderqueer,71,Handborough,South Australia,2021-07-16,2021-07-19,3218,95,3,285,Shirt,Polo,M,yellow,52,3,2021-07-01,Senior
Beverly Burbridge,Non-binary,45,Krisland,Western Australia,2021-03-09,2021-04-04,2002,100,2,200,Jacket,Bomber,M,green,61,26,2021-03-01,Middle Aged
Sadye Pes,Agender,31,New Jayden,Tasmania,2021-03-13,2021-03-16,312,90,2,180,Trousers,Relaxed Leg,L,yellow,65,3,2021-03-01,Young
Sadye Pes,Agender,31,New Jayden,Tasmania,2021-03-13,2021-03-16,313,98,2,196,Jacket,Leather,L,blue,62,3,2021-03-01,Young
Sadye Pes,Agender,31,New Jayden,Tasmania,2021-03-13,2021-03-16,314,118,2,236,Shirt,Flannel,S,red,59,3,2021-03-01,Young
Sadye Pes,Agender,31,New Jayden,Tasmania,2021-03-13,2021-03-16,315,112,2,224,Jacket,Cardigan,S,red,47,3,2021-03-01,Young
Brade Caught,Genderqueer,56,Elijahburgh,Queensland,2021-07-09,2021-07-11,3805,119,1,119,Jacket,Trench Coat,XL,indigo,64,2,2021-07-01,Senior
Brade Caught,Genderqueer,56,Elijahburgh,Queensland,2021-07-09,2021-07-11,3806,102,1,102,Jacket,Windbreaker,M,yellow,52,2,2021-07-01,Senior
Brade Caught,Genderqueer,56,Elijahburgh,Queensland,2021-07-09,2021-07-11,3807,93,2,186,Jacket,Coach,S,violet,74,2,2021-07-01,Senior
Brade Caught,Genderqueer,56,Elijahburgh,Queensland,2021-07-09,2021-07-11,3808,112,1,112,Trousers,Tracksuit Bottoms,XL,orange,42,2,2021-07-01,Senior
Brade Caught,Genderqueer,56,Elijahburgh,Queensland,2021-07-09,2021-07-11,3809,105,2,210,Shirt,Cuban Collar,S,violet,43,2,2021-07-01,Senior
Brade Caught,Genderqueer,56,Elijahburgh,Queensland,2021-07-09,2021-07-11,3810,90,3,270,Trousers,Relaxed Leg,S,yellow,43,2,2021-07-01,Senior
Brade Caught,Genderqueer,56,Elijahburgh,Queensland,2021-07-09,2021-07-11,3811,99,1,99,Trousers,High-Waisted,L,violet,68,2,2021-07-01,Senior
Damiano Leyborne,Non-binary,50,Gabrielville,Western Australia,2021-03-19,2021-04-08,3094,109,1,109,Shirt,Mandarin Collar,S,red,48,20,2021-03-01,Middle Aged
Damiano Leyborne,Non-binary,50,Gabrielville,Western Australia,2021-03-19,2021-04-08,3095,106,3,318,Shirt,Chambray,XS,violet,47,20,2021-03-01,Middle Aged
Damiano Leyborne,Non-binary,50,Gabrielville,Western Australia,2021-03-19,2021-04-08,3096,113,3,339,Jacket,Parka,M,orange,51,20,2021-03-01,Middle Aged
Damiano Leyborne,Non-binary,50,Gabrielville,Western Australia,2021-03-19,2021-04-08,3097,94,3,282,Shirt,Henley,S,yellow,70,20,2021-03-01,Middle Aged
Damiano Leyborne,Non-binary,50,Gabrielville,Western Australia,2021-03-19,2021-04-08,3098,112,3,336,Trousers,Tracksuit Bottoms,L,red,43,20,2021-03-01,Middle Aged
Damiano Leyborne,Non-binary,50,Gabrielville,Western Australia,2021-03-19,2021-04-08,3099,90,2,180,Trousers,Relaxed Leg,XS,green,80,20,2021-03-01,Middle Aged
Damiano Leyborne,Non-binary,50,Gabrielville,Western Australia,2021-03-19,2021-04-08,3100,100,2,200,Jacket,Bomber,XS,violet,75,20,2021-03-01,Middle Aged
Glynda Dodshon,Male,20,New Aidenfurt,Northern Territory,2021-04-23,2021-04-26,1549,95,3,285,Shirt,Polo,XL,orange,43,3,2021-04-01,Young
Glynda Dodshon,Male,20,New Aidenfurt,Northern Territory,2021-04-23,2021-04-26,1550,119,2,238,Shirt,Casual Slim Fit,XL,indigo,40,3,2021-04-01,Young
Nelli Engall,Genderfluid,21,Chasemouth,Western Australia,2021-05-28,2021-06-09,102,96,1,96,Shirt,Oxford Cloth,XS,blue,47,12,2021-05-01,Young
Nelli Engall,Genderfluid,21,Chasemouth,Western Australia,2021-05-28,2021-06-09,103,90,2,180,Trousers,Relaxed Leg,XS,indigo,60,12,2021-05-01,Young
Nelli Engall,Genderfluid,21,Chasemouth,Western Australia,2021-05-28,2021-06-09,104,92,1,92,Shirt,Denim,XL,indigo,58,12,2021-05-01,Young
Nelli Engall,Genderfluid,21,Chasemouth,Western Australia,2021-05-28,2021-06-09,105,91,2,182,Shirt,Linen,M,violet,44,12,2021-05-01,Young
Nelli Engall,Genderfluid,21,Chasemouth,Western Australia,2021-05-28,2021-06-09,106,109,3,327,Shirt,Mandarin Collar,S,orange,52,12,2021-05-01,Young
Nelli Engall,Genderfluid,21,Chasemouth,Western Australia,2021-05-28,2021-06-09,107,96,1,96,Trousers,Drawstring,M,red,70,12,2021-05-01,Young
Ulla Crombie,Genderqueer,29,Lake Edward,Queensland,2021-03-22,2021-04-16,840,109,1,109,Shirt,Mandarin Collar,XL,yellow,43,25,2021-03-01,Young
Ulla Crombie,Genderqueer,29,Lake Edward,Queensland,2021-03-22,2021-04-16,841,91,1,91,Shirt,Linen,XS,indigo,70,25,2021-03-01,Young
Ulla Crombie,Genderqueer,29,Lake Edward,Queensland,2021-03-22,2021-04-16,842,97,3,291,Trousers,Slim-Fit,L,blue,49,25,2021-03-01,Young
Ulla Crombie,Genderqueer,29,Lake Edward,Queensland,2021-03-22,2021-04-16,843,105,3,315,Trousers,Pleated,M,green,41,25,2021-03-01,Young
Ulla Crombie,Genderqueer,29,Lake Edward,Queensland,2021-03-22,2021-04-16,844,94,3,282,Shirt,Henley,S,violet,43,25,2021-03-01,Young
Ulla Crombie,Genderqueer,29,Lake Edward,Queensland,2021-03-22,2021-04-16,845,94,3,282,Trousers,Cords,XS,green,50,25,2021-03-01,Young
Ulla Crombie,Genderqueer,29,Lake Edward,Queensland,2021-03-22,2021-04-16,846,104,1,104,Shirt,Dress,S,violet,69,25,2021-03-01,Young
Ulla Crombie,Genderqueer,29,Lake Edward,Queensland,2021-03-22,2021-04-16,847,93,1,93,Trousers,Joggers,M,red,43,25,2021-03-01,Young
Aurie Margett,Agender,39,Amelieburgh,New South Wales,2021-04-12,2021-05-01,34,109,1,109,Jacket,Peacoat,XS,violet,54,19,2021-04-01,Middle Aged
Aurie Margett,Agender,39,Amelieburgh,New South Wales,2021-04-12,2021-05-01,35,95,2,190,Shirt,Polo,S,yellow,77,19,2021-04-01,Middle Aged
Jillana Blankau,Genderfluid,54,Port Adamburgh,Northern Territory,2021-06-15,2021-06-30,46,94,2,188,Trousers,Cords,M,red,68,15,2021-06-01,Middle Aged
Jillana Blankau,Genderfluid,54,Port Adamburgh,Northern Territory,2021-06-15,2021-06-30,47,91,3,273,Jacket,Pullover,XS,yellow,65,15,2021-06-01,Middle Aged
Kayley Brosoli,Non-binary,52,South Evaport,Northern Territory,2021-04-01,2021-04-11,598,94,3,282,Shirt,Henley,XL,violet,77,10,2021-04-01,Middle Aged
Kayley Brosoli,Non-binary,52,South Evaport,Northern Territory,2021-04-01,2021-04-11,599,98,3,294,Jacket,Leather,XL,yellow,67,10,2021-04-01,Middle Aged
Kayley Brosoli,Non-binary,52,South Evaport,Northern Territory,2021-04-01,2021-04-11,600,102,1,102,Trousers,Cargo Pants,L,green,42,10,2021-04-01,Middle Aged
Kayley Brosoli,Non-binary,52,South Evaport,Northern Territory,2021-04-01,2021-04-11,601,96,1,96,Shirt,Oxford Cloth,XL,violet,54,10,2021-04-01,Middle Aged
Kayley Brosoli,Non-binary,52,South Evaport,Northern Territory,2021-04-01,2021-04-11,602,98,1,98,Jacket,Leather,M,green,45,10,2021-04-01,Middle Aged
Kayley Brosoli,Non-binary,52,South Evaport,Northern Territory,2021-04-01,2021-04-11,603,118,2,236,Jacket,Puffer,M,blue,60,10,2021-04-01,Middle Aged
Kayley Brosoli,Non-binary,52,South Evaport,Northern Territory,2021-04-01,2021-04-11,604,109,2,218,Shirt,Mandarin Collar,L,yellow,78,10,2021-04-01,Middle Aged
Kayley Brosoli,Non-binary,52,South Evaport,Northern Territory,2021-04-01,2021-04-11,605,92,1,92,Shirt,Denim,S,green,49,10,2021-04-01,Middle Aged
Harrietta Burchatt,Genderfluid,20,Port Elliechester,Australian Capital Territory,2021-02-27,2021-03-13,255,93,2,186,Trousers,Joggers,L,indigo,42,14,2021-02-01,Young
Harrietta Burchatt,Genderfluid,20,Port Elliechester,Australian Capital Territory,2021-02-27,2021-03-13,256,102,3,306,Trousers,Cargo Pants,L,indigo,46,14,2021-02-01,Young
Harrietta Burchatt,Genderfluid,20,Port Elliechester,Australian Capital Territory,2021-02-27,2021-03-13,257,117,1,117,Jacket,Shearling,L,red,40,14,2021-02-01,Young
Selestina Dauber,Polygender,44,Port Aliview,Western Australia,2021-03-15,2021-03-20,2382,98,1,98,Jacket,Leather,M,yellow,77,5,2021-03-01,Middle Aged
Selestina Dauber,Polygender,44,Port Aliview,Western Australia,2021-03-15,2021-03-20,2383,105,1,105,Trousers,Pleated,XL,green,55,5,2021-03-01,Middle Aged
Selestina Dauber,Polygender,44,Port Aliview,Western Australia,2021-03-15,2021-03-20,2384,91,3,273,Jacket,Pullover,XL,orange,69,5,2021-03-01,Middle Aged
Selestina Dauber,Polygender,44,Port Aliview,Western Australia,2021-03-15,2021-03-20,2385,117,1,117,Jacket,Shearling,M,orange,45,5,2021-03-01,Middle Aged
Selestina Dauber,Polygender,44,Port Aliview,Western Australia,2021-03-15,2021-03-20,2386,99,1,99,Trousers,High-Waisted,L,violet,68,5,2021-03-01,Middle Aged
Selestina Dauber,Polygender,44,Port Aliview,Western Australia,2021-03-15,2021-03-20,2387,119,1,119,Shirt,Casual Slim Fit,XS,violet,55,5,2021-03-01,Middle Aged
Selestina Dauber,Polygender,44,Port Aliview,Western Australia,2021-03-15,2021-03-20,2388,102,2,204,Jacket,Windbreaker,XS,green,57,5,2021-03-01,Middle Aged
Lori Briars,Male,61,Annaton,South Australia,2021-02-03,2021-02-13,6,96,1,96,Trousers,Drawstring,XS,orange,41,10,2021-02-01,Senior
Lori Briars,Male,61,Annaton,South Australia,2021-02-03,2021-02-13,7,113,1,113,Jacket,Parka,S,blue,72,10,2021-02-01,Senior
Lori Briars,Male,61,Annaton,South Australia,2021-02-03,2021-02-13,8,115,3,345,Trousers,Cropped,S,orange,78,10,2021-02-01,Senior
Lori Briars,Male,61,Annaton,South Australia,2021-02-03,2021-02-13,9,105,1,105,Trousers,Pleated,S,orange,72,10,2021-02-01,Senior
Lori Briars,Male,61,Annaton,South Australia,2021-02-03,2021-02-13,10,91,3,273,Shirt,Linen,M,green,42,10,2021-02-01,Senior
Lori Briars,Male,61,Annaton,South Australia,2021-02-03,2021-02-13,11,99,2,198,Trousers,High-Waisted,XL,green,78,10,2021-02-01,Senior
Sheff Ruoss,Non-binary,55,Laylabury,New South Wales,2021-06-02,2021-06-11,1527,98,3,294,Jacket,Leather,XS,green,57,9,2021-06-01,Middle Aged
Sheff Ruoss,Non-binary,55,Laylabury,New South Wales,2021-06-02,2021-06-11,1528,98,1,98,Shirt,Camp Collared,S,blue,75,9,2021-06-01,Middle Aged
Sheff Ruoss,Non-binary,55,Laylabury,New South Wales,2021-06-02,2021-06-11,1529,102,2,204,Trousers,Cargo Pants,XL,orange,61,9,2021-06-01,Middle Aged
Sheff Ruoss,Non-binary,55,Laylabury,New South Wales,2021-06-02,2021-06-11,1530,93,3,279,Trousers,Joggers,L,yellow,58,9,2021-06-01,Middle Aged
Sheff Ruoss,Non-binary,55,Laylabury,New South Wales,2021-06-02,2021-06-11,1531,107,2,214,Jacket,Denim,XS,red,60,9,2021-06-01,Middle Aged
Sheff Ruoss,Non-binary,55,Laylabury,New South Wales,2021-06-02,2021-06-11,1532,92,3,276,Shirt,Denim,L,green,71,9,2021-06-01,Middle Aged
Sheff Ruoss,Non-binary,55,Laylabury,New South Wales,2021-06-02,2021-06-11,1533,98,3,294,Jacket,Leather,M,red,54,9,2021-06-01,Middle Aged
Sheff Ruoss,Non-binary,55,Laylabury,New South Wales,2021-06-02,2021-06-11,1534,96,1,96,Shirt,Oxford Cloth,M,red,54,9,2021-06-01,Middle Aged
Beverlie Blance,Agender,33,Casperfurt,South Australia,2021-07-17,2021-07-28,3101,119,2,238,Shirt,Casual Slim Fit,XS,violet,55,11,2021-07-01,Young
Beverlie Blance,Agender,33,Casperfurt,South Australia,2021-07-17,2021-07-28,3102,92,2,184,Shirt,Denim,L,violet,78,11,2021-07-01,Young
Beverlie Blance,Agender,33,Casperfurt,South Australia,2021-07-17,2021-07-28,3103,105,2,210,Shirt,Cuban Collar,S,violet,43,11,2021-07-01,Young
Marena Lockhart,Male,47,Chelseahaven,Victoria,2021-10-08,2021-10-10,1732,93,2,186,Jacket,Coach,S,orange,55,2,2021-10-01,Middle Aged
Marena Lockhart,Male,47,Chelseahaven,Victoria,2021-10-08,2021-10-10,1733,112,1,112,Trousers,Tracksuit Bottoms,S,green,72,2,2021-10-01,Middle Aged
Marena Lockhart,Male,47,Chelseahaven,Victoria,2021-10-08,2021-10-10,1734,100,3,300,Jacket,Bomber,S,yellow,64,2,2021-10-01,Middle Aged
Marena Lockhart,Male,47,Chelseahaven,Victoria,2021-10-08,2021-10-10,1735,106,2,212,Shirt,Chambray,L,blue,69,2,2021-10-01,Middle Aged
Marena Lockhart,Male,47,Chelseahaven,Victoria,2021-10-08,2021-10-10,1736,91,2,182,Shirt,Linen,S,orange,42,2,2021-10-01,Middle Aged
Marena Lockhart,Male,47,Chelseahaven,Victoria,2021-10-08,2021-10-10,1737,94,2,188,Trousers,Cords,M,green,76,2,2021-10-01,Middle Aged
Fanchette Polak,Female,54,Andersonburgh,Tasmania,2021-09-08,2021-09-28,3109,105,2,210,Shirt,Cuban Collar,S,violet,43,20,2021-09-01,Middle Aged
Fanchette Polak,Female,54,Andersonburgh,Tasmania,2021-09-08,2021-09-28,3110,100,3,300,Jacket,Bomber,XL,green,79,20,2021-09-01,Middle Aged
Fanchette Polak,Female,54,Andersonburgh,Tasmania,2021-09-08,2021-09-28,3111,102,2,204,Jacket,Windbreaker,XL,red,48,20,2021-09-01,Middle Aged
Fanchette Polak,Female,54,Andersonburgh,Tasmania,2021-09-08,2021-09-28,3112,113,1,113,Jacket,Parka,XS,yellow,63,20,2021-09-01,Middle Aged
Fanchette Polak,Female,54,Andersonburgh,Tasmania,2021-09-08,2021-09-28,3113,112,1,112,Jacket,Cardigan,S,violet,49,20,2021-09-01,Middle Aged
Fanchette Polak,Female,54,Andersonburgh,Tasmania,2021-09-08,2021-09-28,3114,118,3,354,Shirt,Flannel,XL,orange,50,20,2021-09-01,Middle Aged
Fanchette Polak,Female,54,Andersonburgh,Tasmania,2021-09-08,2021-09-28,3115,105,1,105,Trousers,Pleated,XL,green,55,20,2021-09-01,Middle Aged
Fanchette Polak,Female,54,Andersonburgh,Tasmania,2021-09-08,2021-09-28,3116,94,3,282,Shirt,Henley,XL,violet,77,20,2021-09-01,Middle Aged
Caroljean Elstob,Agender,41,Lake Lukeberg,South Australia,2021-06-23,2021-07-20,786,99,3,297,Trousers,High-Waisted,XS,yellow,64,27,2021-06-01,Middle Aged
Caroljean Elstob,Agender,41,Lake Lukeberg,South Australia,2021-06-23,2021-07-20,787,90,1,90,Trousers,Relaxed Leg,XL,yellow,54,27,2021-06-01,Middle Aged
Caroljean Elstob,Agender,41,Lake Lukeberg,South Australia,2021-06-23,2021-07-20,788,92,2,184,Shirt,Denim,L,yellow,75,27,2021-06-01,Middle Aged
Caroljean Elstob,Agender,41,Lake Lukeberg,South Australia,2021-06-23,2021-07-20,789,119,1,119,Jacket,Trench Coat,XS,red,78,27,2021-06-01,Middle Aged
Caroljean Elstob,Agender,41,Lake Lukeberg,South Australia,2021-06-23,2021-07-20,790,113,1,113,Jacket,Parka,XL,yellow,44,27,2021-06-01,Middle Aged
Caroljean Elstob,Agender,41,Lake Lukeberg,South Australia,2021-06-23,2021-07-20,791,93,2,186,Trousers,Joggers,XS,yellow,62,27,2021-06-01,Middle Aged
Caroljean Elstob,Agender,41,Lake Lukeberg,South Australia,2021-06-23,2021-07-20,792,96,1,96,Shirt,Oxford Cloth,S,indigo,59,27,2021-06-01,Middle Aged
Selestina Dauber,Polygender,44,Port Aliview,Western Australia,2021-01-14,2021-02-08,2657,112,2,224,Jacket,Cardigan,S,green,62,25,2021-01-01,Middle Aged
Selestina Dauber,Polygender,44,Port Aliview,Western Australia,2021-01-14,2021-02-08,2658,117,2,234,Jacket,Shearling,XL,blue,79,25,2021-01-01,Middle Aged
Selestina Dauber,Polygender,44,Port Aliview,Western Australia,2021-01-14,2021-02-08,2659,118,2,236,Jacket,Puffer,S,yellow,48,25,2021-01-01,Middle Aged
Selestina Dauber,Polygender,44,Port Aliview,Western Australia,2021-01-14,2021-02-08,2660,99,3,297,Trousers,High-Waisted,XS,red,74,25,2021-01-01,Middle Aged
Sutherlan Stepto,Genderfluid,48,West Dylanport,Tasmania,2021-08-07,2021-08-20,3117,119,1,119,Jacket,Trench Coat,XS,yellow,78,13,2021-08-01,Middle Aged
Sutherlan Stepto,Genderfluid,48,West Dylanport,Tasmania,2021-08-07,2021-08-20,3118,117,3,351,Jacket,Shearling,XL,yellow,63,13,2021-08-01,Middle Aged
Sutherlan Stepto,Genderfluid,48,West Dylanport,Tasmania,2021-08-07,2021-08-20,3119,95,2,190,Shirt,Polo,XS,orange,75,13,2021-08-01,Middle Aged
Sutherlan Stepto,Genderfluid,48,West Dylanport,Tasmania,2021-08-07,2021-08-20,3120,118,3,354,Jacket,Puffer,XL,indigo,60,13,2021-08-01,Middle Aged
Frederich Duigenan,Genderfluid,31,Ellashire,Victoria,2021-04-14,2021-05-08,3126,113,1,113,Trousers,Chinos,XL,violet,77,24,2021-04-01,Young
Frederich Duigenan,Genderfluid,31,Ellashire,Victoria,2021-04-14,2021-05-08,3127,91,3,273,Jacket,Pullover,L,green,72,24,2021-04-01,Young
Frederich Duigenan,Genderfluid,31,Ellashire,Victoria,2021-04-14,2021-05-08,3128,102,3,306,Trousers,Cargo Pants,S,yellow,48,24,2021-04-01,Young
Frederich Duigenan,Genderfluid,31,Ellashire,Victoria,2021-04-14,2021-05-08,3129,105,1,105,Trousers,Pleated,S,violet,50,24,2021-04-01,Young
Millicent Stedson,Polygender,70,Port Kiara,Western Australia,2021-02-06,2021-02-19,930,113,2,226,Trousers,Chinos,L,blue,46,13,2021-02-01,Senior
Millicent Stedson,Polygender,70,Port Kiara,Western Australia,2021-02-06,2021-02-19,931,119,3,357,Shirt,Casual Slim Fit,XS,orange,43,13,2021-02-01,Senior
Millicent Stedson,Polygender,70,Port Kiara,Western Australia,2021-02-06,2021-02-19,932,106,3,318,Trousers,Wool,XS,yellow,67,13,2021-02-01,Senior
Millicent Stedson,Polygender,70,Port Kiara,Western Australia,2021-02-06,2021-02-19,933,96,3,288,Trousers,Drawstring,XS,yellow,41,13,2021-02-01,Senior
Millicent Stedson,Polygender,70,Port Kiara,Western Australia,2021-02-06,2021-02-19,934,96,3,288,Shirt,Oxford Cloth,XL,orange,43,13,2021-02-01,Senior
Millicent Stedson,Polygender,70,Port Kiara,Western Australia,2021-02-06,2021-02-19,935,93,1,93,Jacket,Coach,XL,violet,60,13,2021-02-01,Senior
Millicent Stedson,Polygender,70,Port Kiara,Western Australia,2021-02-06,2021-02-19,936,100,3,300,Jacket,Bomber,L,yellow,54,13,2021-02-01,Senior
Geri Renton,Female,45,Michaelfurt,Northern Territory,2021-04-11,2021-04-17,3130,90,2,180,Trousers,Relaxed Leg,S,indigo,40,6,2021-04-01,Middle Aged
Geri Renton,Female,45,Michaelfurt,Northern Territory,2021-04-11,2021-04-17,3131,98,3,294,Shirt,Camp Collared,S,green,60,6,2021-04-01,Middle Aged
Geri Renton,Female,45,Michaelfurt,Northern Territory,2021-04-11,2021-04-17,3132,119,2,238,Shirt,Casual Slim Fit,L,indigo,60,6,2021-04-01,Middle Aged
Geri Renton,Female,45,Michaelfurt,Northern Territory,2021-04-11,2021-04-17,3133,102,3,306,Trousers,Cargo Pants,L,yellow,71,6,2021-04-01,Middle Aged
Martin O'Mailey,Female,44,New Angelina,Queensland,2021-07-02,2021-07-13,3134,106,1,106,Trousers,Wool,L,yellow,46,11,2021-07-01,Middle Aged
Martin O'Mailey,Female,44,New Angelina,Queensland,2021-07-02,2021-07-13,3135,106,1,106,Trousers,Wool,L,orange,56,11,2021-07-01,Middle Aged
Martin O'Mailey,Female,44,New Angelina,Queensland,2021-07-02,2021-07-13,3136,94,3,282,Shirt,Henley,L,violet,51,11,2021-07-01,Middle Aged
Martin O'Mailey,Female,44,New Angelina,Queensland,2021-07-02,2021-07-13,3137,119,2,238,Jacket,Trench Coat,XS,blue,59,11,2021-07-01,Middle Aged
Martin O'Mailey,Female,44,New Angelina,Queensland,2021-07-02,2021-07-13,3138,95,2,190,Shirt,Polo,M,blue,49,11,2021-07-01,Middle Aged
Martin O'Mailey,Female,44,New Angelina,Queensland,2021-07-02,2021-07-13,3139,99,3,297,Trousers,High-Waisted,XL,blue,65,11,2021-07-01,Middle Aged
Martin O'Mailey,Female,44,New Angelina,Queensland,2021-07-02,2021-07-13,3140,106,2,212,Shirt,Chambray,XS,orange,76,11,2021-07-01,Middle Aged
Melissa Partkya,Male,23,O'keefeton,Tasmania,2021-03-22,2021-04-11,760,104,2,208,Shirt,Dress,L,yellow,56,20,2021-03-01,Young
Melissa Partkya,Male,23,O'keefeton,Tasmania,2021-03-22,2021-04-11,761,99,2,198,Trousers,High-Waisted,M,blue,52,20,2021-03-01,Young
Melissa Partkya,Male,23,O'keefeton,Tasmania,2021-03-22,2021-04-11,762,96,1,96,Trousers,Drawstring,S,indigo,46,20,2021-03-01,Young
Melissa Partkya,Male,23,O'keefeton,Tasmania,2021-03-22,2021-04-11,763,90,2,180,Trousers,Relaxed Leg,S,indigo,40,20,2021-03-01,Young
Melissa Partkya,Male,23,O'keefeton,Tasmania,2021-03-22,2021-04-11,764,118,2,236,Jacket,Puffer,L,indigo,61,20,2021-03-01,Young
Melissa Partkya,Male,23,O'keefeton,Tasmania,2021-03-22,2021-04-11,765,98,3,294,Jacket,Leather,XS,red,67,20,2021-03-01,Young
Melissa Partkya,Male,23,O'keefeton,Tasmania,2021-03-22,2021-04-11,766,104,3,312,Shirt,Dress,L,indigo,71,20,2021-03-01,Young
Melissa Partkya,Male,23,O'keefeton,Tasmania,2021-03-22,2021-04-11,767,102,2,204,Jacket,Windbreaker,M,indigo,56,20,2021-03-01,Young
Valery Pache,Polygender,53,South Claudialand,Western Australia,2021-01-05,2021-01-15,1324,96,3,288,Shirt,Oxford Cloth,XL,red,47,10,2021-01-01,Middle Aged
Valery Pache,Polygender,53,South Claudialand,Western Australia,2021-01-05,2021-01-15,1325,105,3,315,Trousers,Pleated,M,indigo,48,10,2021-01-01,Middle Aged
Valery Pache,Polygender,53,South Claudialand,Western Australia,2021-01-05,2021-01-15,1326,105,3,315,Trousers,Pleated,XS,red,42,10,2021-01-01,Middle Aged
Valery Pache,Polygender,53,South Claudialand,Western Australia,2021-01-05,2021-01-15,1327,107,2,214,Jacket,Denim,XS,red,60,10,2021-01-01,Middle Aged
Valery Pache,Polygender,53,South Claudialand,Western Australia,2021-01-05,2021-01-15,1328,113,1,113,Trousers,Chinos,M,indigo,64,10,2021-01-01,Middle Aged
Martin O'Mailey,Female,44,New Angelina,Queensland,2021-07-09,2021-07-13,4078,91,1,91,Jacket,Pullover,S,indigo,44,4,2021-07-01,Middle Aged
Martin O'Mailey,Female,44,New Angelina,Queensland,2021-07-09,2021-07-13,4079,96,3,288,Shirt,Oxford Cloth,M,orange,77,4,2021-07-01,Middle Aged
Martin O'Mailey,Female,44,New Angelina,Queensland,2021-07-09,2021-07-13,4080,119,2,238,Jacket,Trench Coat,M,green,67,4,2021-07-01,Middle Aged
Martin O'Mailey,Female,44,New Angelina,Queensland,2021-07-09,2021-07-13,4081,94,2,188,Trousers,Cords,XS,indigo,47,4,2021-07-01,Middle Aged
Martin O'Mailey,Female,44,New Angelina,Queensland,2021-06-30,2021-07-08,4214,102,2,204,Trousers,Cargo Pants,XL,green,65,8,2021-06-01,Middle Aged
Martin O'Mailey,Female,44,New Angelina,Queensland,2021-06-30,2021-07-08,4215,112,1,112,Jacket,Cardigan,XS,orange,46,8,2021-06-01,Middle Aged
Martin O'Mailey,Female,44,New Angelina,Queensland,2021-06-30,2021-07-08,4216,109,2,218,Jacket,Peacoat,M,blue,71,8,2021-06-01,Middle Aged
Martin O'Mailey,Female,44,New Angelina,Queensland,2021-06-30,2021-07-08,4217,98,1,98,Jacket,Leather,L,blue,62,8,2021-06-01,Middle Aged
Martin O'Mailey,Female,44,New Angelina,Queensland,2021-06-30,2021-07-08,4218,92,3,276,Shirt,Denim,L,red,52,8,2021-06-01,Middle Aged
Martin O'Mailey,Female,44,New Angelina,Queensland,2021-06-30,2021-07-08,4219,115,2,230,Trousers,Cropped,L,red,63,8,2021-06-01,Middle Aged
Jammal Varcoe,Polygender,66,North Liamfort,Australian Capital Territory,2021-05-24,2021-05-27,613,90,2,180,Trousers,Relaxed Leg,S,yellow,43,3,2021-05-01,Senior
Jammal Varcoe,Polygender,66,North Liamfort,Australian Capital Territory,2021-05-24,2021-05-27,614,100,1,100,Jacket,Bomber,XS,yellow,57,3,2021-05-01,Senior
Jammal Varcoe,Polygender,66,North Liamfort,Australian Capital Territory,2021-05-24,2021-05-27,615,113,2,226,Trousers,Chinos,M,violet,54,3,2021-05-01,Senior
Drusi Eagell,Polygender,34,Lake Mitchellbury,Australian Capital Territory,2021-07-22,2021-08-18,1022,119,3,357,Shirt,Casual Slim Fit,M,indigo,65,27,2021-07-01,Young
Drusi Eagell,Polygender,34,Lake Mitchellbury,Australian Capital Territory,2021-07-22,2021-08-18,1023,98,3,294,Jacket,Leather,S,blue,75,27,2021-07-01,Young
Lynda Seydlitz,Non-binary,71,Port Marcusshire,Western Australia,2021-10-13,2021-10-23,3141,99,3,297,Trousers,High-Waisted,XL,red,80,10,2021-10-01,Senior
Lynda Seydlitz,Non-binary,71,Port Marcusshire,Western Australia,2021-10-13,2021-10-23,3142,109,3,327,Jacket,Peacoat,XS,indigo,45,10,2021-10-01,Senior
Lynda Seydlitz,Non-binary,71,Port Marcusshire,Western Australia,2021-10-13,2021-10-23,3143,102,1,102,Trousers,Cargo Pants,L,red,61,10,2021-10-01,Senior
Lynda Seydlitz,Non-binary,71,Port Marcusshire,Western Australia,2021-10-13,2021-10-23,3144,93,3,279,Trousers,Joggers,S,green,76,10,2021-10-01,Senior
Lynda Seydlitz,Non-binary,71,Port Marcusshire,Western Australia,2021-10-13,2021-10-23,3145,113,1,113,Trousers,Chinos,M,orange,73,10,2021-10-01,Senior
Lynda Seydlitz,Non-binary,71,Port Marcusshire,Western Australia,2021-10-13,2021-10-23,3146,113,1,113,Trousers,Chinos,S,orange,58,10,2021-10-01,Senior
Lynda Seydlitz,Non-binary,71,Port Marcusshire,Western Australia,2021-10-13,2021-10-23,3147,119,2,238,Shirt,Casual Slim Fit,M,green,67,10,2021-10-01,Senior
Lynda Seydlitz,Non-binary,71,Port Marcusshire,Western Australia,2021-10-13,2021-10-23,3148,102,2,204,Trousers,Cargo Pants,XL,indigo,64,10,2021-10-01,Senior
Lynda Seydlitz,Non-binary,71,Port Marcusshire,Western Australia,2021-10-13,2021-10-23,3149,106,3,318,Shirt,Chambray,S,blue,61,10,2021-10-01,Senior
Lynda Seydlitz,Non-binary,71,Port Marcusshire,Western Australia,2021-10-13,2021-10-23,3150,97,1,97,Trousers,Slim-Fit,L,blue,49,10,2021-10-01,Senior
Cad Dominichetti,Non-binary,63,Lake Madelineton,Western Australia,2021-04-22,2021-05-02,242,117,3,351,Jacket,Shearling,XS,blue,62,10,2021-04-01,Senior
Cad Dominichetti,Non-binary,63,Lake Madelineton,Western Australia,2021-04-22,2021-05-02,243,104,1,104,Shirt,Dress,S,blue,46,10,2021-04-01,Senior
Cad Dominichetti,Non-binary,63,Lake Madelineton,Western Australia,2021-04-22,2021-05-02,244,118,1,118,Shirt,Flannel,M,blue,73,10,2021-04-01,Senior
Gorden Seago,Genderfluid,80,Port Aaronton,Queensland,2021-04-18,2021-05-03,3055,96,2,192,Shirt,Oxford Cloth,XS,yellow,72,15,2021-04-01,Senior
Gorden Seago,Genderfluid,80,Port Aaronton,Queensland,2021-04-18,2021-05-03,3056,112,3,336,Jacket,Cardigan,XS,blue,54,15,2021-04-01,Senior
Gorden Seago,Genderfluid,80,Port Aaronton,Queensland,2021-04-18,2021-05-03,3057,96,3,288,Shirt,Oxford Cloth,L,indigo,70,15,2021-04-01,Senior
Gorden Seago,Genderfluid,80,Port Aaronton,Queensland,2021-04-18,2021-05-03,3058,118,1,118,Jacket,Puffer,M,red,62,15,2021-04-01,Senior
Gorden Seago,Genderfluid,80,Port Aaronton,Queensland,2021-04-18,2021-05-03,3059,109,2,218,Jacket,Peacoat,XL,orange,69,15,2021-04-01,Senior
Lynda Seydlitz,Non-binary,71,Port Marcusshire,Western Australia,2021-02-07,2021-02-28,3491,92,2,184,Shirt,Denim,S,yellow,75,21,2021-02-01,Senior
Lynda Seydlitz,Non-binary,71,Port Marcusshire,Western Australia,2021-02-07,2021-02-28,3492,98,3,294,Shirt,Camp Collared,XS,violet,72,21,2021-02-01,Senior
Lynda Seydlitz,Non-binary,71,Port Marcusshire,Western Australia,2021-02-07,2021-02-28,3493,95,3,285,Shirt,Polo,XL,red,76,21,2021-02-01,Senior
Moore Oolahan,Genderqueer,63,East Aidan,Western Australia,2021-07-15,2021-08-05,3151,98,1,98,Shirt,Camp Collared,L,orange,63,21,2021-07-01,Senior
Moore Oolahan,Genderqueer,63,East Aidan,Western Australia,2021-07-15,2021-08-05,3152,113,2,226,Trousers,Chinos,L,red,44,21,2021-07-01,Senior
Moore Oolahan,Genderqueer,63,East Aidan,Western Australia,2021-07-15,2021-08-05,3153,118,1,118,Jacket,Puffer,XS,red,67,21,2021-07-01,Senior
Moore Oolahan,Genderqueer,63,East Aidan,Western Australia,2021-07-15,2021-08-05,3154,107,2,214,Jacket,Denim,XL,orange,79,21,2021-07-01,Senior
Moore Oolahan,Genderqueer,63,East Aidan,Western Australia,2021-07-15,2021-08-05,3155,112,1,112,Jacket,Cardigan,XS,blue,54,21,2021-07-01,Senior
Moore Oolahan,Genderqueer,63,East Aidan,Western Australia,2021-07-15,2021-08-05,3156,107,3,321,Jacket,Denim,L,violet,50,21,2021-07-01,Senior
Wren Helgass,Female,59,Port Hannahburgh,Australian Capital Territory,2021-08-22,2021-09-12,2538,112,1,112,Jacket,Cardigan,L,yellow,50,21,2021-08-01,Senior
Wren Helgass,Female,59,Port Hannahburgh,Australian Capital Territory,2021-08-22,2021-09-12,2539,112,2,224,Trousers,Tracksuit Bottoms,M,indigo,59,21,2021-08-01,Senior
Wren Helgass,Female,59,Port Hannahburgh,Australian Capital Territory,2021-08-22,2021-09-12,2540,91,2,182,Shirt,Linen,M,orange,42,21,2021-08-01,Senior
Wren Helgass,Female,59,Port Hannahburgh,Australian Capital Territory,2021-08-22,2021-09-12,2541,105,3,315,Trousers,Pleated,XS,violet,58,21,2021-08-01,Senior
Wren Helgass,Female,59,Port Hannahburgh,Australian Capital Territory,2021-08-22,2021-09-12,2542,100,2,200,Jacket,Bomber,XS,orange,80,21,2021-08-01,Senior
Wren Helgass,Female,59,Port Hannahburgh,Australian Capital Territory,2021-08-22,2021-09-12,2543,109,3,327,Jacket,Peacoat,L,blue,64,21,2021-08-01,Senior
Wren Helgass,Female,59,Port Hannahburgh,Australian Capital Territory,2021-08-22,2021-09-12,2544,115,2,230,Trousers,Cropped,XL,orange,61,21,2021-08-01,Senior
Wren Helgass,Female,59,Port Hannahburgh,Australian Capital Territory,2021-08-22,2021-09-12,2545,113,3,339,Jacket,Parka,S,green,62,21,2021-08-01,Senior
Delia Mably,Female,55,Doylebury,Victoria,2021-01-02,2021-01-09,2862,109,2,218,Jacket,Peacoat,XL,yellow,53,7,2021-01-01,Middle Aged
Delia Mably,Female,55,Doylebury,Victoria,2021-01-02,2021-01-09,2863,105,3,315,Shirt,Cuban Collar,M,violet,67,7,2021-01-01,Middle Aged
Delia Mably,Female,55,Doylebury,Victoria,2021-01-02,2021-01-09,2864,92,1,92,Shirt,Denim,L,violet,78,7,2021-01-01,Middle Aged
Moore Oolahan,Genderqueer,63,East Aidan,Western Australia,2021-02-07,2021-02-19,3555,92,3,276,Shirt,Denim,S,orange,69,12,2021-02-01,Senior
Moore Oolahan,Genderqueer,63,East Aidan,Western Australia,2021-02-07,2021-02-19,3556,109,3,327,Shirt,Mandarin Collar,S,green,74,12,2021-02-01,Senior
Moore Oolahan,Genderqueer,63,East Aidan,Western Australia,2021-02-07,2021-02-19,3557,90,2,180,Trousers,Relaxed Leg,M,orange,74,12,2021-02-01,Senior
Moore Oolahan,Genderqueer,63,East Aidan,Western Australia,2021-02-07,2021-02-19,3558,119,2,238,Shirt,Casual Slim Fit,XL,violet,57,12,2021-02-01,Senior
Moore Oolahan,Genderqueer,63,East Aidan,Western Australia,2021-02-07,2021-02-19,3559,97,1,97,Trousers,Slim-Fit,S,orange,55,12,2021-02-01,Senior
Moore Oolahan,Genderqueer,63,East Aidan,Western Australia,2021-02-07,2021-02-19,3560,119,3,357,Jacket,Trench Coat,S,violet,69,12,2021-02-01,Senior
Roobbie Persich,Female,29,Sanfordberg,Queensland,2021-10-18,2021-10-20,645,102,1,102,Trousers,Cargo Pants,M,green,78,2,2021-10-01,Young
Roobbie Persich,Female,29,Sanfordberg,Queensland,2021-10-18,2021-10-20,646,98,1,98,Shirt,Camp Collared,XS,red,77,2,2021-10-01,Young
Roobbie Persich,Female,29,Sanfordberg,Queensland,2021-10-18,2021-10-20,647,117,1,117,Jacket,Shearling,S,blue,72,2,2021-10-01,Young
Roobbie Persich,Female,29,Sanfordberg,Queensland,2021-10-18,2021-10-20,648,106,3,318,Shirt,Chambray,S,indigo,59,2,2021-10-01,Young
Berri O' Clovan,Agender,49,East Hayden,Australian Capital Territory,2021-02-14,2021-02-16,310,115,1,115,Trousers,Cropped,XS,green,48,2,2021-02-01,Middle Aged
Berri O' Clovan,Agender,49,East Hayden,Australian Capital Territory,2021-02-14,2021-02-16,311,106,2,212,Shirt,Chambray,XS,blue,76,2,2021-02-01,Middle Aged
Lavina Dartnell,Polygender,23,Boyleberg,Queensland,2021-06-07,2021-06-17,2265,107,2,214,Jacket,Denim,M,indigo,52,10,2021-06-01,Young
Lavina Dartnell,Polygender,23,Boyleberg,Queensland,2021-06-07,2021-06-17,2266,97,1,97,Trousers,Slim-Fit,M,blue,75,10,2021-06-01,Young
Lavina Dartnell,Polygender,23,Boyleberg,Queensland,2021-06-07,2021-06-17,2267,107,2,214,Jacket,Denim,M,red,43,10,2021-06-01,Young
Sheff Ruoss,Non-binary,55,Laylabury,New South Wales,2021-04-17,2021-05-04,4581,106,2,212,Shirt,Chambray,S,indigo,59,17,2021-04-01,Middle Aged
Sheff Ruoss,Non-binary,55,Laylabury,New South Wales,2021-04-17,2021-05-04,4582,106,1,106,Shirt,Chambray,S,orange,69,17,2021-04-01,Middle Aged
Sheff Ruoss,Non-binary,55,Laylabury,New South Wales,2021-04-17,2021-05-04,4583,96,1,96,Shirt,Oxford Cloth,L,blue,59,17,2021-04-01,Middle Aged
Sheff Ruoss,Non-binary,55,Laylabury,New South Wales,2021-04-17,2021-05-04,4584,104,1,104,Shirt,Dress,L,green,52,17,2021-04-01,Middle Aged
Sheff Ruoss,Non-binary,55,Laylabury,New South Wales,2021-04-17,2021-05-04,4585,100,3,300,Jacket,Bomber,XS,green,48,17,2021-04-01,Middle Aged
Sheff Ruoss,Non-binary,55,Laylabury,New South Wales,2021-04-17,2021-05-04,4586,102,3,306,Trousers,Cargo Pants,S,yellow,48,17,2021-04-01,Middle Aged
Sheff Ruoss,Non-binary,55,Laylabury,New South Wales,2021-04-17,2021-05-04,4587,99,2,198,Trousers,High-Waisted,S,green,73,17,2021-04-01,Middle Aged
Sheff Ruoss,Non-binary,55,Laylabury,New South Wales,2021-04-17,2021-05-04,4588,106,1,106,Trousers,Wool,XS,blue,58,17,2021-04-01,Middle Aged
Tressa Cunnane,Agender,70,Lake Rose,Western Australia,2021-04-02,2021-04-07,3157,118,1,118,Shirt,Flannel,XL,indigo,57,5,2021-04-01,Senior
Tressa Cunnane,Agender,70,Lake Rose,Western Australia,2021-04-02,2021-04-07,3158,92,2,184,Shirt,Denim,XS,red,52,5,2021-04-01,Senior
Tressa Cunnane,Agender,70,Lake Rose,Western Australia,2021-04-02,2021-04-07,3159,91,2,182,Jacket,Pullover,S,indigo,44,5,2021-04-01,Senior
Tressa Cunnane,Agender,70,Lake Rose,Western Australia,2021-04-02,2021-04-07,3160,92,2,184,Shirt,Denim,M,red,49,5,2021-04-01,Senior
Codie Everly,Genderfluid,51,Port Christopher,South Australia,2021-09-06,2021-09-27,4177,95,1,95,Shirt,Polo,L,yellow,46,21,2021-09-01,Middle Aged
Tressa Cunnane,Agender,70,Lake Rose,Western Australia,2021-04-10,2021-05-03,3674,113,1,113,Trousers,Chinos,XL,blue,48,23,2021-04-01,Senior
Tressa Cunnane,Agender,70,Lake Rose,Western Australia,2021-04-10,2021-05-03,3675,112,1,112,Trousers,Tracksuit Bottoms,XS,blue,42,23,2021-04-01,Senior
Tressa Cunnane,Agender,70,Lake Rose,Western Australia,2021-04-10,2021-05-03,3676,94,2,188,Shirt,Henley,L,indigo,44,23,2021-04-01,Senior
Tressa Cunnane,Agender,70,Lake Rose,Western Australia,2021-04-10,2021-05-03,3677,99,3,297,Trousers,High-Waisted,XL,orange,47,23,2021-04-01,Senior
Tressa Cunnane,Agender,70,Lake Rose,Western Australia,2021-04-10,2021-05-03,3678,94,1,94,Trousers,Cords,S,red,67,23,2021-04-01,Senior
Tressa Cunnane,Agender,70,Lake Rose,Western Australia,2021-04-10,2021-05-03,3679,99,3,297,Trousers,High-Waisted,XL,indigo,57,23,2021-04-01,Senior
Tressa Cunnane,Agender,70,Lake Rose,Western Australia,2021-04-10,2021-05-03,3680,92,2,184,Shirt,Denim,XS,orange,45,23,2021-04-01,Senior
Waylin Gasson,Genderqueer,37,West Kai,South Australia,2021-07-05,2021-07-26,4608,93,3,279,Jacket,Coach,XS,indigo,42,21,2021-07-01,Middle Aged
Waylin Gasson,Genderqueer,37,West Kai,South Australia,2021-07-05,2021-07-26,4609,107,2,214,Jacket,Denim,XS,indigo,75,21,2021-07-01,Middle Aged
Waylin Gasson,Genderqueer,37,West Kai,South Australia,2021-07-05,2021-07-26,4610,118,3,354,Jacket,Puffer,M,orange,61,21,2021-07-01,Middle Aged
Waylin Gasson,Genderqueer,37,West Kai,South Australia,2021-07-05,2021-07-26,4611,109,2,218,Jacket,Peacoat,XL,red,58,21,2021-07-01,Middle Aged
Waylin Gasson,Genderqueer,37,West Kai,South Australia,2021-07-05,2021-07-26,4612,106,1,106,Shirt,Chambray,M,yellow,62,21,2021-07-01,Middle Aged
Waylin Gasson,Genderqueer,37,West Kai,South Australia,2021-07-05,2021-07-26,4613,107,3,321,Jacket,Denim,M,orange,48,21,2021-07-01,Middle Aged
Hillary Guiness,Agender,27,Harrismouth,Queensland,2021-01-20,2021-01-31,1313,117,1,117,Jacket,Shearling,S,blue,72,11,2021-01-01,Young
Alina Strotton,Female,54,West Chasemouth,Australian Capital Territory,2021-02-22,2021-03-04,877,113,2,226,Trousers,Chinos,M,yellow,58,10,2021-02-01,Middle Aged
Alina Strotton,Female,54,West Chasemouth,Australian Capital Territory,2021-02-22,2021-03-04,878,119,2,238,Shirt,Casual Slim Fit,L,blue,75,10,2021-02-01,Middle Aged
Alina Strotton,Female,54,West Chasemouth,Australian Capital Territory,2021-02-22,2021-03-04,879,100,2,200,Jacket,Bomber,L,green,78,10,2021-02-01,Middle Aged
Alina Strotton,Female,54,West Chasemouth,Australian Capital Territory,2021-02-22,2021-03-04,880,113,3,339,Trousers,Chinos,L,green,77,10,2021-02-01,Middle Aged
Alina Strotton,Female,54,West Chasemouth,Australian Capital Territory,2021-02-22,2021-03-04,881,109,1,109,Jacket,Peacoat,S,blue,50,10,2021-02-01,Middle Aged
Alina Strotton,Female,54,West Chasemouth,Australian Capital Territory,2021-02-22,2021-03-04,882,98,1,98,Jacket,Leather,XS,red,67,10,2021-02-01,Middle Aged
Alina Strotton,Female,54,West Chasemouth,Australian Capital Territory,2021-02-22,2021-03-04,883,91,3,273,Jacket,Pullover,M,blue,44,10,2021-02-01,Middle Aged
Alina Strotton,Female,54,West Chasemouth,Australian Capital Territory,2021-02-22,2021-03-04,884,119,2,238,Jacket,Trench Coat,XS,orange,69,10,2021-02-01,Middle Aged
Alina Strotton,Female,54,West Chasemouth,Australian Capital Territory,2021-02-22,2021-03-04,885,104,2,208,Shirt,Dress,XS,indigo,56,10,2021-02-01,Middle Aged
Nicky Giuron,Agender,57,West Elliestad,Northern Territory,2021-10-03,2021-10-17,3165,118,1,118,Jacket,Puffer,XS,orange,47,14,2021-10-01,Senior
Nicky Giuron,Agender,57,West Elliestad,Northern Territory,2021-10-03,2021-10-17,3166,113,3,339,Trousers,Chinos,M,orange,73,14,2021-10-01,Senior
Nicky Giuron,Agender,57,West Elliestad,Northern Territory,2021-10-03,2021-10-17,3167,96,3,288,Trousers,Drawstring,XL,yellow,48,14,2021-10-01,Senior
Nicky Giuron,Agender,57,West Elliestad,Northern Territory,2021-10-03,2021-10-17,3168,118,3,354,Jacket,Puffer,L,red,44,14,2021-10-01,Senior
Nicky Giuron,Agender,57,West Elliestad,Northern Territory,2021-10-03,2021-10-17,3169,98,3,294,Shirt,Camp Collared,XS,red,77,14,2021-10-01,Senior
Nicky Giuron,Agender,57,West Elliestad,Northern Territory,2021-10-03,2021-10-17,3170,106,2,212,Trousers,Wool,XS,indigo,43,14,2021-10-01,Senior
Cad Dominichetti,Non-binary,63,Lake Madelineton,Western Australia,2021-08-26,2021-09-13,665,117,3,351,Jacket,Shearling,XS,red,74,18,2021-08-01,Senior
Cad Dominichetti,Non-binary,63,Lake Madelineton,Western Australia,2021-08-26,2021-09-13,666,97,1,97,Trousers,Slim-Fit,XS,orange,69,18,2021-08-01,Senior
Cad Dominichetti,Non-binary,63,Lake Madelineton,Western Australia,2021-08-26,2021-09-13,667,119,3,357,Jacket,Trench Coat,L,violet,76,18,2021-08-01,Senior
Vincent Kiledal,Genderfluid,74,Ebertfurt,Australian Capital Territory,2021-03-30,2021-04-22,3171,113,1,113,Jacket,Parka,S,red,66,23,2021-03-01,Senior
Vincent Kiledal,Genderfluid,74,Ebertfurt,Australian Capital Territory,2021-03-30,2021-04-22,3172,102,2,204,Trousers,Cargo Pants,L,blue,77,23,2021-03-01,Senior
Vincent Kiledal,Genderfluid,74,Ebertfurt,Australian Capital Territory,2021-03-30,2021-04-22,3173,118,2,236,Shirt,Flannel,L,red,77,23,2021-03-01,Senior
Vincent Kiledal,Genderfluid,74,Ebertfurt,Australian Capital Territory,2021-03-30,2021-04-22,3174,113,2,226,Trousers,Chinos,XS,green,75,23,2021-03-01,Senior
Vincent Kiledal,Genderfluid,74,Ebertfurt,Australian Capital Territory,2021-03-30,2021-04-22,3175,97,1,97,Trousers,Slim-Fit,XL,red,67,23,2021-03-01,Senior
Chastity Daniaud,Genderfluid,20,Blakemouth,Northern Territory,2021-05-18,2021-05-24,3191,105,2,210,Trousers,Pleated,S,orange,72,6,2021-05-01,Young
Chastity Daniaud,Genderfluid,20,Blakemouth,Northern Territory,2021-05-18,2021-05-24,3192,93,2,186,Jacket,Coach,S,yellow,67,6,2021-05-01,Young
Chastity Daniaud,Genderfluid,20,Blakemouth,Northern Territory,2021-05-18,2021-05-24,3193,113,3,339,Jacket,Parka,M,green,71,6,2021-05-01,Young
Chastity Daniaud,Genderfluid,20,Blakemouth,Northern Territory,2021-05-18,2021-05-24,3194,118,3,354,Jacket,Puffer,L,red,44,6,2021-05-01,Young
Chastity Daniaud,Genderfluid,20,Blakemouth,Northern Territory,2021-05-18,2021-05-24,3195,97,1,97,Trousers,Slim-Fit,XL,orange,78,6,2021-05-01,Young
Chastity Daniaud,Genderfluid,20,Blakemouth,Northern Territory,2021-05-18,2021-05-24,3196,95,2,190,Shirt,Polo,S,indigo,50,6,2021-05-01,Young
Chastity Daniaud,Genderfluid,20,Blakemouth,Northern Territory,2021-05-18,2021-05-24,3197,109,1,109,Shirt,Mandarin Collar,XS,orange,68,6,2021-05-01,Young
Chastity Daniaud,Genderfluid,20,Blakemouth,Northern Territory,2021-05-18,2021-05-24,3198,99,3,297,Trousers,High-Waisted,XL,violet,74,6,2021-05-01,Young
Lucas Cromly,Polygender,67,O'connertown,Tasmania,2021-03-23,2021-04-13,1581,96,2,192,Trousers,Drawstring,L,violet,62,21,2021-03-01,Senior
Lucas Cromly,Polygender,67,O'connertown,Tasmania,2021-03-23,2021-04-13,1582,93,3,279,Jacket,Coach,XS,orange,42,21,2021-03-01,Senior
Lucas Cromly,Polygender,67,O'connertown,Tasmania,2021-03-23,2021-04-13,1583,106,3,318,Trousers,Wool,XS,blue,58,21,2021-03-01,Senior
Lucas Cromly,Polygender,67,O'connertown,Tasmania,2021-03-23,2021-04-13,1584,107,1,107,Jacket,Denim,XL,blue,80,21,2021-03-01,Senior
Lucas Cromly,Polygender,67,O'connertown,Tasmania,2021-03-23,2021-04-13,1585,91,2,182,Jacket,Pullover,M,green,47,21,2021-03-01,Senior
Lucas Cromly,Polygender,67,O'connertown,Tasmania,2021-03-23,2021-04-13,1586,94,3,282,Shirt,Henley,M,orange,70,21,2021-03-01,Senior
Lucas Cromly,Polygender,67,O'connertown,Tasmania,2021-03-23,2021-04-13,1587,104,2,208,Shirt,Dress,S,orange,69,21,2021-03-01,Senior
Lucas Cromly,Polygender,67,O'connertown,Tasmania,2021-03-23,2021-04-13,1588,93,2,186,Trousers,Joggers,S,green,76,21,2021-03-01,Senior
Chastity Daniaud,Genderfluid,20,Blakemouth,Northern Territory,2021-06-30,2021-07-23,3776,117,1,117,Jacket,Shearling,M,indigo,74,23,2021-06-01,Young
Chastity Daniaud,Genderfluid,20,Blakemouth,Northern Territory,2021-06-30,2021-07-23,3777,92,1,92,Shirt,Denim,S,blue,47,23,2021-06-01,Young
Chastity Daniaud,Genderfluid,20,Blakemouth,Northern Territory,2021-06-30,2021-07-23,3778,96,2,192,Trousers,Drawstring,XL,blue,60,23,2021-06-01,Young
Chastity Daniaud,Genderfluid,20,Blakemouth,Northern Territory,2021-06-30,2021-07-23,3779,92,2,184,Shirt,Denim,M,indigo,56,23,2021-06-01,Young
Chastity Daniaud,Genderfluid,20,Blakemouth,Northern Territory,2021-06-30,2021-07-23,3780,119,3,357,Shirt,Casual Slim Fit,S,blue,75,23,2021-06-01,Young
Chastity Daniaud,Genderfluid,20,Blakemouth,Northern Territory,2021-06-30,2021-07-23,3781,104,2,208,Shirt,Dress,L,red,79,23,2021-06-01,Young
Chastity Daniaud,Genderfluid,20,Blakemouth,Northern Territory,2021-06-30,2021-07-23,3782,102,1,102,Trousers,Cargo Pants,M,red,52,23,2021-06-01,Young
Chastity Daniaud,Genderfluid,20,Blakemouth,Northern Territory,2021-06-30,2021-07-23,3783,95,1,95,Shirt,Polo,L,yellow,46,23,2021-06-01,Young
Trista Aspray,Genderfluid,61,Johnstonshire,Australian Capital Territory,2021-04-29,2021-05-08,437,90,2,180,Trousers,Relaxed Leg,M,orange,74,9,2021-04-01,Senior
Trista Aspray,Genderfluid,61,Johnstonshire,Australian Capital Territory,2021-04-29,2021-05-08,438,107,2,214,Jacket,Denim,S,yellow,43,9,2021-04-01,Senior
Trista Aspray,Genderfluid,61,Johnstonshire,Australian Capital Territory,2021-04-29,2021-05-08,439,96,1,96,Trousers,Drawstring,L,violet,62,9,2021-04-01,Senior
Trista Aspray,Genderfluid,61,Johnstonshire,Australian Capital Territory,2021-04-29,2021-05-08,440,115,1,115,Trousers,Cropped,L,green,55,9,2021-04-01,Senior
Trista Aspray,Genderfluid,61,Johnstonshire,Australian Capital Territory,2021-04-29,2021-05-08,441,106,3,318,Trousers,Wool,M,red,58,9,2021-04-01,Senior
Trista Aspray,Genderfluid,61,Johnstonshire,Australian Capital Territory,2021-04-29,2021-05-08,442,93,1,93,Jacket,Coach,XS,green,78,9,2021-04-01,Senior
Wadsworth Olivier,Non-binary,59,North Elijahshire,Western Australia,2021-09-30,2021-10-15,3270,90,1,90,Trousers,Relaxed Leg,M,indigo,45,15,2021-09-01,Senior
Wadsworth Olivier,Non-binary,59,North Elijahshire,Western Australia,2021-09-30,2021-10-15,3271,100,3,300,Jacket,Bomber,XS,orange,80,15,2021-09-01,Senior
Wadsworth Olivier,Non-binary,59,North Elijahshire,Western Australia,2021-09-30,2021-10-15,3272,93,2,186,Trousers,Joggers,XS,yellow,62,15,2021-09-01,Senior
Chastity Daniaud,Genderfluid,20,Blakemouth,Northern Territory,2021-10-15,2021-11-04,4878,94,1,94,Shirt,Henley,XL,red,59,20,2021-10-01,Young
Chastity Daniaud,Genderfluid,20,Blakemouth,Northern Territory,2021-10-15,2021-11-04,4879,94,3,282,Trousers,Cords,L,indigo,62,20,2021-10-01,Young
Chastity Daniaud,Genderfluid,20,Blakemouth,Northern Territory,2021-10-15,2021-11-04,4880,113,2,226,Jacket,Parka,L,orange,77,20,2021-10-01,Young
Chastity Daniaud,Genderfluid,20,Blakemouth,Northern Territory,2021-10-15,2021-11-04,4881,97,1,97,Trousers,Slim-Fit,XL,green,67,20,2021-10-01,Young
Chastity Daniaud,Genderfluid,20,Blakemouth,Northern Territory,2021-10-15,2021-11-04,4882,119,1,119,Shirt,Casual Slim Fit,M,green,67,20,2021-10-01,Young
Kinny Roget,Non-binary,67,Alexandramouth,New South Wales,2021-01-30,2021-02-13,1340,105,2,210,Trousers,Pleated,L,red,70,14,2021-01-01,Senior
Kinny Roget,Non-binary,67,Alexandramouth,New South Wales,2021-01-30,2021-02-13,1341,98,2,196,Jacket,Leather,XL,orange,64,14,2021-01-01,Senior
Kinny Roget,Non-binary,67,Alexandramouth,New South Wales,2021-01-30,2021-02-13,1342,118,3,354,Shirt,Flannel,M,blue,73,14,2021-01-01,Senior
Kinny Roget,Non-binary,67,Alexandramouth,New South Wales,2021-01-30,2021-02-13,1343,95,1,95,Shirt,Polo,L,red,72,14,2021-01-01,Senior
Kinny Roget,Non-binary,67,Alexandramouth,New South Wales,2021-01-30,2021-02-13,1344,93,1,93,Jacket,Coach,M,orange,72,14,2021-01-01,Senior
Kinny Roget,Non-binary,67,Alexandramouth,New South Wales,2021-01-30,2021-02-13,1345,106,1,106,Shirt,Chambray,M,blue,66,14,2021-01-01,Senior
Bay Kraut,Non-binary,57,Fadelland,Tasmania,2021-08-18,2021-08-30,3251,117,3,351,Jacket,Shearling,XS,indigo,68,12,2021-08-01,Senior
Bay Kraut,Non-binary,57,Fadelland,Tasmania,2021-08-18,2021-08-30,3252,117,2,234,Jacket,Shearling,S,blue,72,12,2021-08-01,Senior
Con Pressdee,Non-binary,57,West Marcus,South Australia,2021-05-25,2021-06-06,3253,109,2,218,Jacket,Peacoat,S,violet,73,12,2021-05-01,Senior
Con Pressdee,Non-binary,57,West Marcus,South Australia,2021-05-25,2021-06-06,3254,118,3,354,Shirt,Flannel,L,red,77,12,2021-05-01,Senior
Con Pressdee,Non-binary,57,West Marcus,South Australia,2021-05-25,2021-06-06,3255,94,1,94,Shirt,Henley,S,blue,75,12,2021-05-01,Senior
Con Pressdee,Non-binary,57,West Marcus,South Australia,2021-05-25,2021-06-06,3256,98,3,294,Shirt,Camp Collared,XS,red,77,12,2021-05-01,Senior
Sharl Izzett,Female,31,Davidshire,South Australia,2021-08-16,2021-08-25,3273,105,2,210,Shirt,Cuban Collar,S,blue,62,9,2021-08-01,Young
Sharl Izzett,Female,31,Davidshire,South Australia,2021-08-16,2021-08-25,3274,118,2,236,Jacket,Puffer,L,orange,66,9,2021-08-01,Young
Sharl Izzett,Female,31,Davidshire,South Australia,2021-08-16,2021-08-25,3275,117,3,351,Jacket,Shearling,M,red,49,9,2021-08-01,Young
Daren Airs,Female,75,West Thomas,Victoria,2021-06-21,2021-07-02,2721,107,3,321,Jacket,Denim,M,red,43,11,2021-06-01,Senior
Daren Airs,Female,75,West Thomas,Victoria,2021-06-21,2021-07-02,2722,96,2,192,Trousers,Drawstring,S,yellow,74,11,2021-06-01,Senior
Daren Airs,Female,75,West Thomas,Victoria,2021-06-21,2021-07-02,2723,119,1,119,Shirt,Casual Slim Fit,XL,violet,57,11,2021-06-01,Senior
Daren Airs,Female,75,West Thomas,Victoria,2021-06-21,2021-07-02,2724,112,3,336,Trousers,Tracksuit Bottoms,M,green,47,11,2021-06-01,Senior
Daren Airs,Female,75,West Thomas,Victoria,2021-06-21,2021-07-02,2725,117,3,351,Jacket,Shearling,L,green,66,11,2021-06-01,Senior
Daren Airs,Female,75,West Thomas,Victoria,2021-06-21,2021-07-02,2726,112,1,112,Jacket,Cardigan,XS,orange,46,11,2021-06-01,Senior
Daren Airs,Female,75,West Thomas,Victoria,2021-06-21,2021-07-02,2727,94,1,94,Shirt,Henley,XS,orange,65,11,2021-06-01,Senior
Daren Airs,Female,75,West Thomas,Victoria,2021-06-21,2021-07-02,2728,100,1,100,Jacket,Bomber,S,indigo,41,11,2021-06-01,Senior
Daren Airs,Female,75,West Thomas,Victoria,2021-06-21,2021-07-02,2729,99,2,198,Trousers,High-Waisted,M,green,51,11,2021-06-01,Senior
Daren Airs,Female,75,West Thomas,Victoria,2021-06-21,2021-07-02,2730,93,2,186,Jacket,Coach,S,green,60,11,2021-06-01,Senior
Daren Airs,Female,75,West Thomas,Victoria,2021-06-21,2021-07-02,2731,97,3,291,Trousers,Slim-Fit,M,violet,51,11,2021-06-01,Senior
Riordan Goreway,Genderfluid,75,East Marcus,New South Wales,2021-01-27,2021-02-01,1160,106,1,106,Trousers,Wool,XL,indigo,51,5,2021-01-01,Senior
Riordan Goreway,Genderfluid,75,East Marcus,New South Wales,2021-01-27,2021-02-01,1161,95,2,190,Shirt,Polo,XL,yellow,46,5,2021-01-01,Senior
Riordan Goreway,Genderfluid,75,East Marcus,New South Wales,2021-01-27,2021-02-01,1162,118,1,118,Jacket,Puffer,L,green,43,5,2021-01-01,Senior
Riordan Goreway,Genderfluid,75,East Marcus,New South Wales,2021-01-27,2021-02-01,1163,92,3,276,Shirt,Denim,XL,green,52,5,2021-01-01,Senior
Riordan Goreway,Genderfluid,75,East Marcus,New South Wales,2021-01-27,2021-02-01,1164,96,1,96,Shirt,Oxford Cloth,XL,orange,43,5,2021-01-01,Senior
Riordan Goreway,Genderfluid,75,East Marcus,New South Wales,2021-01-27,2021-02-01,1165,105,3,315,Shirt,Cuban Collar,L,green,58,5,2021-01-01,Senior
Fabian Gostage,Polygender,40,Hackettland,South Australia,2021-03-13,2021-04-03,1848,118,1,118,Shirt,Flannel,S,green,57,21,2021-03-01,Middle Aged
Fabian Gostage,Polygender,40,Hackettland,South Australia,2021-03-13,2021-04-03,1849,104,3,312,Shirt,Dress,S,red,72,21,2021-03-01,Middle Aged
Fabian Gostage,Polygender,40,Hackettland,South Australia,2021-03-13,2021-04-03,1850,112,2,224,Trousers,Tracksuit Bottoms,M,orange,47,21,2021-03-01,Middle Aged
Fabian Gostage,Polygender,40,Hackettland,South Australia,2021-03-13,2021-04-03,1851,115,2,230,Trousers,Cropped,S,violet,66,21,2021-03-01,Middle Aged
Fabian Gostage,Polygender,40,Hackettland,South Australia,2021-03-13,2021-04-03,1852,106,1,106,Shirt,Chambray,L,red,44,21,2021-03-01,Middle Aged
Fabian Gostage,Polygender,40,Hackettland,South Australia,2021-03-13,2021-04-03,1853,94,1,94,Shirt,Henley,XS,blue,61,21,2021-03-01,Middle Aged
Fabian Gostage,Polygender,40,Hackettland,South Australia,2021-03-13,2021-04-03,1854,117,3,351,Jacket,Shearling,XS,indigo,68,21,2021-03-01,Middle Aged
Sharl Izzett,Female,31,Davidshire,South Australia,2021-01-27,2021-02-22,4141,100,1,100,Jacket,Bomber,L,red,50,26,2021-01-01,Young
Sharl Izzett,Female,31,Davidshire,South Australia,2021-01-27,2021-02-22,4142,102,1,102,Trousers,Cargo Pants,L,indigo,46,26,2021-01-01,Young
Sharl Izzett,Female,31,Davidshire,South Australia,2021-01-27,2021-02-22,4143,91,1,91,Shirt,Linen,XL,blue,47,26,2021-01-01,Young
Sharl Izzett,Female,31,Davidshire,South Australia,2021-01-27,2021-02-22,4144,106,2,212,Trousers,Wool,L,indigo,41,26,2021-01-01,Young
Sharl Izzett,Female,31,Davidshire,South Australia,2021-01-27,2021-02-22,4145,115,2,230,Trousers,Cropped,XS,violet,65,26,2021-01-01,Young
Sharl Izzett,Female,31,Davidshire,South Australia,2021-01-27,2021-02-22,4146,92,2,184,Shirt,Denim,XL,red,63,26,2021-01-01,Young
Sharl Izzett,Female,31,Davidshire,South Australia,2021-01-27,2021-02-22,4147,96,1,96,Trousers,Drawstring,S,indigo,46,26,2021-01-01,Young
Dena Banbrick,Polygender,26,Tylershire,Queensland,2021-03-07,2021-03-25,1512,109,2,218,Shirt,Mandarin Collar,M,red,60,18,2021-03-01,Young
Dena Banbrick,Polygender,26,Tylershire,Queensland,2021-03-07,2021-03-25,1513,104,3,312,Shirt,Dress,XL,red,47,18,2021-03-01,Young
Dena Banbrick,Polygender,26,Tylershire,Queensland,2021-03-07,2021-03-25,1514,119,1,119,Shirt,Casual Slim Fit,XL,yellow,78,18,2021-03-01,Young
Dena Banbrick,Polygender,26,Tylershire,Queensland,2021-03-07,2021-03-25,1515,105,1,105,Trousers,Pleated,S,red,78,18,2021-03-01,Young
Cherie Fairhead,Female,58,South Ellieburgh,Queensland,2021-09-19,2021-09-29,3282,106,3,318,Shirt,Chambray,M,yellow,62,10,2021-09-01,Senior
Cherie Fairhead,Female,58,South Ellieburgh,Queensland,2021-09-19,2021-09-29,3283,107,1,107,Jacket,Denim,XL,red,58,10,2021-09-01,Senior
Cherie Fairhead,Female,58,South Ellieburgh,Queensland,2021-09-19,2021-09-29,3284,113,1,113,Trousers,Chinos,XL,green,50,10,2021-09-01,Senior
Cherie Fairhead,Female,58,South Ellieburgh,Queensland,2021-09-19,2021-09-29,3285,94,2,188,Trousers,Cords,M,green,76,10,2021-09-01,Senior
Cherie Fairhead,Female,58,South Ellieburgh,Queensland,2021-09-19,2021-09-29,3286,97,3,291,Trousers,Slim-Fit,S,red,71,10,2021-09-01,Senior
Cherie Fairhead,Female,58,South Ellieburgh,Queensland,2021-09-19,2021-09-29,3287,90,3,270,Trousers,Relaxed Leg,XS,blue,54,10,2021-09-01,Senior
Melodee Spencley,Bigender,49,Crooksshire,Victoria,2021-05-16,2021-05-28,117,105,2,210,Shirt,Cuban Collar,M,blue,55,12,2021-05-01,Middle Aged
Melodee Spencley,Bigender,49,Crooksshire,Victoria,2021-05-16,2021-05-28,118,117,1,117,Jacket,Shearling,L,green,66,12,2021-05-01,Middle Aged
Melodee Spencley,Bigender,49,Crooksshire,Victoria,2021-05-16,2021-05-28,119,94,1,94,Shirt,Henley,XS,yellow,42,12,2021-05-01,Middle Aged
Melodee Spencley,Bigender,49,Crooksshire,Victoria,2021-05-16,2021-05-28,120,107,1,107,Jacket,Denim,XS,yellow,52,12,2021-05-01,Middle Aged
Melodee Spencley,Bigender,49,Crooksshire,Victoria,2021-05-16,2021-05-28,121,90,3,270,Trousers,Relaxed Leg,M,yellow,68,12,2021-05-01,Middle Aged
Melodee Spencley,Bigender,49,Crooksshire,Victoria,2021-05-16,2021-05-28,122,112,1,112,Jacket,Cardigan,L,orange,79,12,2021-05-01,Middle Aged
Melodee Spencley,Bigender,49,Crooksshire,Victoria,2021-05-16,2021-05-28,123,113,2,226,Trousers,Chinos,L,red,44,12,2021-05-01,Middle Aged
Nixie Fraczak,Genderqueer,29,Ryanberg,Queensland,2021-04-09,2021-04-10,3288,93,1,93,Trousers,Joggers,XL,indigo,66,1,2021-04-01,Young
Nixie Fraczak,Genderqueer,29,Ryanberg,Queensland,2021-04-09,2021-04-10,3289,99,1,99,Trousers,High-Waisted,S,green,73,1,2021-04-01,Young
Nixie Fraczak,Genderqueer,29,Ryanberg,Queensland,2021-04-09,2021-04-10,3290,106,1,106,Trousers,Wool,XS,green,73,1,2021-04-01,Young
Nixie Fraczak,Genderqueer,29,Ryanberg,Queensland,2021-04-09,2021-04-10,3291,100,2,200,Jacket,Bomber,XL,green,79,1,2021-04-01,Young
Nixie Fraczak,Genderqueer,29,Ryanberg,Queensland,2021-04-09,2021-04-10,3292,105,1,105,Shirt,Cuban Collar,XS,indigo,50,1,2021-04-01,Young
Katinka Currier,Non-binary,75,Smythland,South Australia,2021-03-22,2021-03-28,1892,118,1,118,Shirt,Flannel,M,green,66,6,2021-03-01,Senior
Katinka Currier,Non-binary,75,Smythland,South Australia,2021-03-22,2021-03-28,1893,119,3,357,Shirt,Casual Slim Fit,L,orange,76,6,2021-03-01,Senior
Katinka Currier,Non-binary,75,Smythland,South Australia,2021-03-22,2021-03-28,1894,104,2,208,Shirt,Dress,XL,yellow,75,6,2021-03-01,Senior
Katinka Currier,Non-binary,75,Smythland,South Australia,2021-03-22,2021-03-28,1895,98,3,294,Shirt,Camp Collared,M,orange,65,6,2021-03-01,Senior
Katinka Currier,Non-binary,75,Smythland,South Australia,2021-03-22,2021-03-28,1896,112,2,224,Trousers,Tracksuit Bottoms,S,violet,48,6,2021-03-01,Senior
Katinka Currier,Non-binary,75,Smythland,South Australia,2021-03-22,2021-03-28,1897,102,1,102,Jacket,Windbreaker,M,violet,64,6,2021-03-01,Senior
Katinka Currier,Non-binary,75,Smythland,South Australia,2021-03-22,2021-03-28,1898,112,2,224,Jacket,Cardigan,S,blue,53,6,2021-03-01,Senior
Curtis McCarroll,Male,45,Lake Johnchester,New South Wales,2021-03-10,2021-03-26,3295,98,3,294,Jacket,Leather,L,orange,78,16,2021-03-01,Middle Aged
Curtis McCarroll,Male,45,Lake Johnchester,New South Wales,2021-03-10,2021-03-26,3296,118,1,118,Jacket,Puffer,XL,indigo,60,16,2021-03-01,Middle Aged
Blayne Sabatier,Non-binary,20,Maxberg,Victoria,2021-03-15,2021-03-30,3310,91,3,273,Jacket,Pullover,L,green,72,15,2021-03-01,Young
Blayne Sabatier,Non-binary,20,Maxberg,Victoria,2021-03-15,2021-03-30,3311,119,2,238,Shirt,Casual Slim Fit,L,red,78,15,2021-03-01,Young
Blayne Sabatier,Non-binary,20,Maxberg,Victoria,2021-03-15,2021-03-30,3312,102,3,306,Trousers,Cargo Pants,XL,indigo,64,15,2021-03-01,Young
Blayne Sabatier,Non-binary,20,Maxberg,Victoria,2021-03-15,2021-03-30,3313,97,3,291,Trousers,Slim-Fit,XS,yellow,59,15,2021-03-01,Young
Blayne Sabatier,Non-binary,20,Maxberg,Victoria,2021-03-15,2021-03-30,3314,104,3,312,Shirt,Dress,L,yellow,56,15,2021-03-01,Young
Blayne Sabatier,Non-binary,20,Maxberg,Victoria,2021-03-15,2021-03-30,3315,118,1,118,Jacket,Puffer,S,indigo,62,15,2021-03-01,Young
Blayne Sabatier,Non-binary,20,Maxberg,Victoria,2021-03-15,2021-03-30,3316,93,1,93,Trousers,Joggers,XL,indigo,66,15,2021-03-01,Young
Blayne Sabatier,Non-binary,20,Maxberg,Victoria,2021-03-15,2021-03-30,3317,118,3,354,Jacket,Puffer,L,blue,48,15,2021-03-01,Young
Blayne Sabatier,Non-binary,20,Maxberg,Victoria,2021-03-15,2021-03-30,3318,94,1,94,Trousers,Cords,L,indigo,62,15,2021-03-01,Young
Blayne Sabatier,Non-binary,20,Maxberg,Victoria,2021-03-15,2021-03-30,3319,106,1,106,Shirt,Chambray,XL,red,42,15,2021-03-01,Young
Blayne Sabatier,Non-binary,20,Maxberg,Victoria,2021-03-15,2021-03-30,3320,118,3,354,Shirt,Flannel,M,orange,68,15,2021-03-01,Young
Atlante McGrotty,Female,57,Mayerland,Victoria,2021-06-18,2021-07-02,3321,113,2,226,Jacket,Parka,M,orange,51,14,2021-06-01,Senior
Atlante McGrotty,Female,57,Mayerland,Victoria,2021-06-18,2021-07-02,3322,97,1,97,Trousers,Slim-Fit,XS,green,74,14,2021-06-01,Senior
Atlante McGrotty,Female,57,Mayerland,Victoria,2021-06-18,2021-07-02,3323,98,1,98,Jacket,Leather,XS,violet,70,14,2021-06-01,Senior
De Lourens,Genderqueer,75,North Paige,New South Wales,2021-09-04,2021-09-15,1373,104,1,104,Shirt,Dress,M,violet,41,11,2021-09-01,Senior
De Lourens,Genderqueer,75,North Paige,New South Wales,2021-09-04,2021-09-15,1374,112,1,112,Trousers,Tracksuit Bottoms,XL,yellow,59,11,2021-09-01,Senior
De Lourens,Genderqueer,75,North Paige,New South Wales,2021-09-04,2021-09-15,1375,105,3,315,Trousers,Pleated,L,blue,79,11,2021-09-01,Senior
De Lourens,Genderqueer,75,North Paige,New South Wales,2021-09-04,2021-09-15,1376,115,3,345,Trousers,Cropped,XL,violet,64,11,2021-09-01,Senior
De Lourens,Genderqueer,75,North Paige,New South Wales,2021-09-04,2021-09-15,1377,91,2,182,Shirt,Linen,L,indigo,75,11,2021-09-01,Senior
De Lourens,Genderqueer,75,North Paige,New South Wales,2021-09-04,2021-09-15,1378,112,1,112,Jacket,Cardigan,S,yellow,79,11,2021-09-01,Senior
De Lourens,Genderqueer,75,North Paige,New South Wales,2021-09-04,2021-09-15,1379,115,1,115,Trousers,Cropped,L,indigo,63,11,2021-09-01,Senior
De Lourens,Genderqueer,75,North Paige,New South Wales,2021-09-04,2021-09-15,1380,105,1,105,Shirt,Cuban Collar,L,orange,65,11,2021-09-01,Senior
De Lourens,Genderqueer,75,North Paige,New South Wales,2021-09-04,2021-09-15,1381,119,3,357,Shirt,Casual Slim Fit,M,orange,47,11,2021-09-01,Senior
Calypso Ellaway,Bigender,48,Port Joshualand,Western Australia,2021-06-15,2021-06-28,654,102,2,204,Jacket,Windbreaker,S,violet,46,13,2021-06-01,Middle Aged
Calypso Ellaway,Bigender,48,Port Joshualand,Western Australia,2021-06-15,2021-06-28,655,107,1,107,Jacket,Denim,L,orange,73,13,2021-06-01,Middle Aged
Calypso Ellaway,Bigender,48,Port Joshualand,Western Australia,2021-06-15,2021-06-28,656,105,1,105,Shirt,Cuban Collar,XS,red,56,13,2021-06-01,Middle Aged
Calypso Ellaway,Bigender,48,Port Joshualand,Western Australia,2021-06-15,2021-06-28,657,115,3,345,Trousers,Cropped,XS,indigo,55,13,2021-06-01,Middle Aged
Atlante McGrotty,Female,57,Mayerland,Victoria,2021-07-13,2021-08-09,4933,115,2,230,Trousers,Cropped,S,green,71,27,2021-07-01,Senior
Atlante McGrotty,Female,57,Mayerland,Victoria,2021-07-13,2021-08-09,4934,96,1,96,Shirt,Oxford Cloth,M,indigo,62,27,2021-07-01,Senior
Atlante McGrotty,Female,57,Mayerland,Victoria,2021-07-13,2021-08-09,4935,105,1,105,Shirt,Cuban Collar,M,indigo,58,27,2021-07-01,Senior
Atlante McGrotty,Female,57,Mayerland,Victoria,2021-07-13,2021-08-09,4936,107,2,214,Jacket,Denim,M,violet,43,27,2021-07-01,Senior
Atlante McGrotty,Female,57,Mayerland,Victoria,2021-07-13,2021-08-09,4937,99,2,198,Trousers,High-Waisted,L,red,52,27,2021-07-01,Senior
Atlante McGrotty,Female,57,Mayerland,Victoria,2021-07-13,2021-08-09,4938,98,3,294,Shirt,Camp Collared,XS,orange,52,27,2021-07-01,Senior
Nady Buston,Female,33,North Mikayla,Tasmania,2021-02-12,2021-02-25,3334,102,3,306,Jacket,Windbreaker,L,violet,72,13,2021-02-01,Young
Nady Buston,Female,33,North Mikayla,Tasmania,2021-02-12,2021-02-25,3335,93,2,186,Jacket,Coach,L,violet,80,13,2021-02-01,Young
Nady Buston,Female,33,North Mikayla,Tasmania,2021-02-12,2021-02-25,3336,106,3,318,Trousers,Wool,XL,blue,41,13,2021-02-01,Young
Nady Buston,Female,33,North Mikayla,Tasmania,2021-02-12,2021-02-25,3337,119,3,357,Jacket,Trench Coat,L,orange,70,13,2021-02-01,Young
Nady Buston,Female,33,North Mikayla,Tasmania,2021-02-12,2021-02-25,3338,95,3,285,Shirt,Polo,XS,violet,67,13,2021-02-01,Young
Nessy Kildea,Genderfluid,61,West Kai,South Australia,2021-09-02,2021-09-21,1816,106,2,212,Trousers,Wool,XL,violet,40,19,2021-09-01,Senior
Nessy Kildea,Genderfluid,61,West Kai,South Australia,2021-09-02,2021-09-21,1817,97,3,291,Trousers,Slim-Fit,XL,green,67,19,2021-09-01,Senior
Nessy Kildea,Genderfluid,61,West Kai,South Australia,2021-09-02,2021-09-21,1818,102,1,102,Jacket,Windbreaker,M,indigo,56,19,2021-09-01,Senior
Nessy Kildea,Genderfluid,61,West Kai,South Australia,2021-09-02,2021-09-21,1819,113,3,339,Trousers,Chinos,L,blue,46,19,2021-09-01,Senior
Nessy Kildea,Genderfluid,61,West Kai,South Australia,2021-09-02,2021-09-21,1820,99,3,297,Trousers,High-Waisted,S,red,80,19,2021-09-01,Senior
Nady Buston,Female,33,North Mikayla,Tasmania,2021-07-12,2021-07-14,4913,112,3,336,Trousers,Tracksuit Bottoms,XS,red,55,2,2021-07-01,Young
Nady Buston,Female,33,North Mikayla,Tasmania,2021-07-12,2021-07-14,4914,96,1,96,Trousers,Drawstring,S,yellow,74,2,2021-07-01,Young
Nady Buston,Female,33,North Mikayla,Tasmania,2021-07-12,2021-07-14,4915,115,3,345,Trousers,Cropped,L,red,63,2,2021-07-01,Young
Nady Buston,Female,33,North Mikayla,Tasmania,2021-07-12,2021-07-14,4916,109,3,327,Shirt,Mandarin Collar,XS,yellow,45,2,2021-07-01,Young
Nady Buston,Female,33,North Mikayla,Tasmania,2021-07-12,2021-07-14,4917,113,1,113,Jacket,Parka,M,red,56,2,2021-07-01,Young
Darren Karpenko,Female,24,Hermistonside,Western Australia,2021-01-29,2021-02-05,3346,94,1,94,Shirt,Henley,XS,indigo,58,7,2021-01-01,Young
Darren Karpenko,Female,24,Hermistonside,Western Australia,2021-01-29,2021-02-05,3347,106,3,318,Trousers,Wool,M,blue,52,7,2021-01-01,Young
Darren Karpenko,Female,24,Hermistonside,Western Australia,2021-01-29,2021-02-05,3348,91,3,273,Jacket,Pullover,XL,indigo,43,7,2021-01-01,Young
Darren Karpenko,Female,24,Hermistonside,Western Australia,2021-01-29,2021-02-05,3349,107,1,107,Jacket,Denim,S,violet,73,7,2021-01-01,Young
Darren Karpenko,Female,24,Hermistonside,Western Australia,2021-01-29,2021-02-05,3350,93,1,93,Jacket,Coach,XS,blue,51,7,2021-01-01,Young
Darren Karpenko,Female,24,Hermistonside,Western Australia,2021-01-29,2021-02-05,3351,109,2,218,Shirt,Mandarin Collar,XS,blue,59,7,2021-01-01,Young
Darren Karpenko,Female,24,Hermistonside,Western Australia,2021-01-29,2021-02-05,3352,118,1,118,Jacket,Puffer,L,indigo,61,7,2021-01-01,Young
Darren Karpenko,Female,24,Hermistonside,Western Australia,2021-01-29,2021-02-05,3353,105,2,210,Trousers,Pleated,M,red,40,7,2021-01-01,Young
Thoma Seaking,Genderqueer,67,Ryanberg,South Australia,2021-06-05,2021-06-13,3354,106,2,212,Trousers,Wool,M,violet,51,8,2021-06-01,Senior
Thoma Seaking,Genderqueer,67,Ryanberg,South Australia,2021-06-05,2021-06-13,3355,118,3,354,Shirt,Flannel,S,yellow,42,8,2021-06-01,Senior
Thoma Seaking,Genderqueer,67,Ryanberg,South Australia,2021-06-05,2021-06-13,3356,113,2,226,Jacket,Parka,L,orange,77,8,2021-06-01,Senior
Thoma Seaking,Genderqueer,67,Ryanberg,South Australia,2021-06-05,2021-06-13,3357,99,2,198,Trousers,High-Waisted,L,violet,68,8,2021-06-01,Senior
Thoma Seaking,Genderqueer,67,Ryanberg,South Australia,2021-06-05,2021-06-13,3358,104,2,208,Shirt,Dress,L,orange,73,8,2021-06-01,Senior
Thoma Seaking,Genderqueer,67,Ryanberg,South Australia,2021-06-05,2021-06-13,3359,96,2,192,Shirt,Oxford Cloth,L,blue,59,8,2021-06-01,Senior
Thoma Seaking,Genderqueer,67,Ryanberg,South Australia,2021-06-05,2021-06-13,3360,106,3,318,Trousers,Wool,M,indigo,56,8,2021-06-01,Senior
Kaitlin Jeanes,Genderqueer,69,Beahanport,Northern Territory,2021-09-24,2021-10-11,3361,117,3,351,Jacket,Shearling,XL,orange,60,17,2021-09-01,Senior
Kaitlin Jeanes,Genderqueer,69,Beahanport,Northern Territory,2021-09-24,2021-10-11,3362,105,2,210,Shirt,Cuban Collar,S,violet,43,17,2021-09-01,Senior
Kaitlin Jeanes,Genderqueer,69,Beahanport,Northern Territory,2021-09-24,2021-10-11,3363,117,3,351,Jacket,Shearling,XL,violet,70,17,2021-09-01,Senior
Cecilla Pigford,Non-binary,38,Samanthatown,Western Australia,2021-01-23,2021-01-26,3176,106,1,106,Trousers,Wool,S,violet,59,3,2021-01-01,Middle Aged
Iago Jedrzaszkiewicz,Agender,58,Lake Mikaylashire,Australian Capital Territory,2021-10-10,2021-10-19,3379,91,3,273,Jacket,Pullover,XS,orange,79,9,2021-10-01,Senior
Iago Jedrzaszkiewicz,Agender,58,Lake Mikaylashire,Australian Capital Territory,2021-10-10,2021-10-19,3380,104,2,208,Shirt,Dress,S,red,72,9,2021-10-01,Senior
Iago Jedrzaszkiewicz,Agender,58,Lake Mikaylashire,Australian Capital Territory,2021-10-10,2021-10-19,3381,92,2,184,Shirt,Denim,XS,green,66,9,2021-10-01,Senior
Iago Jedrzaszkiewicz,Agender,58,Lake Mikaylashire,Australian Capital Territory,2021-10-10,2021-10-19,3382,96,1,96,Shirt,Oxford Cloth,S,green,56,9,2021-10-01,Senior
Iago Jedrzaszkiewicz,Agender,58,Lake Mikaylashire,Australian Capital Territory,2021-10-10,2021-10-19,3383,98,1,98,Jacket,Leather,M,orange,80,9,2021-10-01,Senior
Iago Jedrzaszkiewicz,Agender,58,Lake Mikaylashire,Australian Capital Territory,2021-04-23,2021-05-06,4883,109,2,218,Jacket,Peacoat,XS,red,66,13,2021-04-01,Senior
Iago Jedrzaszkiewicz,Agender,58,Lake Mikaylashire,Australian Capital Territory,2021-04-23,2021-05-06,4884,113,3,339,Jacket,Parka,XS,red,65,13,2021-04-01,Senior
Iago Jedrzaszkiewicz,Agender,58,Lake Mikaylashire,Australian Capital Territory,2021-04-23,2021-05-06,4885,94,1,94,Shirt,Henley,L,red,62,13,2021-04-01,Senior
Iago Jedrzaszkiewicz,Agender,58,Lake Mikaylashire,Australian Capital Territory,2021-04-23,2021-05-06,4886,113,2,226,Trousers,Chinos,S,green,61,13,2021-04-01,Senior
Rebecka Fabler,Polygender,32,Kohlerberg,Queensland,2021-03-03,2021-03-09,2007,102,1,102,Trousers,Cargo Pants,L,violet,74,6,2021-03-01,Young
Rebecka Fabler,Polygender,32,Kohlerberg,Queensland,2021-03-03,2021-03-09,2008,96,1,96,Shirt,Oxford Cloth,XL,red,47,6,2021-03-01,Young
Carmita Grundey,Agender,35,East Declanside,Queensland,2021-05-16,2021-06-07,3087,119,1,119,Jacket,Trench Coat,XL,orange,71,22,2021-05-01,Young
Carmita Grundey,Agender,35,East Declanside,Queensland,2021-05-16,2021-06-07,3088,106,3,318,Shirt,Chambray,S,indigo,59,22,2021-05-01,Young
Carmita Grundey,Agender,35,East Declanside,Queensland,2021-05-16,2021-06-07,3089,113,3,339,Jacket,Parka,M,yellow,46,22,2021-05-01,Young
Carmita Grundey,Agender,35,East Declanside,Queensland,2021-05-16,2021-06-07,3090,102,2,204,Jacket,Windbreaker,L,orange,68,22,2021-05-01,Young
Sol Adhams,Male,55,Sebastianbury,South Australia,2021-02-12,2021-02-17,1932,104,2,208,Shirt,Dress,XS,yellow,69,5,2021-02-01,Middle Aged
Sol Adhams,Male,55,Sebastianbury,South Australia,2021-02-12,2021-02-17,1933,96,2,192,Shirt,Oxford Cloth,XS,green,68,5,2021-02-01,Middle Aged
Sol Adhams,Male,55,Sebastianbury,South Australia,2021-02-12,2021-02-17,1934,113,2,226,Jacket,Parka,XS,orange,53,5,2021-02-01,Middle Aged
Sol Adhams,Male,55,Sebastianbury,South Australia,2021-02-12,2021-02-17,1935,100,1,100,Jacket,Bomber,XL,green,79,5,2021-02-01,Middle Aged
Mart Naismith,Genderfluid,77,Huelfort,Australian Capital Territory,2021-10-13,2021-11-09,606,113,3,339,Jacket,Parka,XL,orange,68,27,2021-10-01,Senior
Mart Naismith,Genderfluid,77,Huelfort,Australian Capital Territory,2021-10-13,2021-11-09,607,106,3,318,Shirt,Chambray,XS,violet,47,27,2021-10-01,Senior
Mart Naismith,Genderfluid,77,Huelfort,Australian Capital Territory,2021-10-13,2021-11-09,608,106,2,212,Trousers,Wool,M,blue,52,27,2021-10-01,Senior
Mart Naismith,Genderfluid,77,Huelfort,Australian Capital Territory,2021-10-13,2021-11-09,609,109,2,218,Shirt,Mandarin Collar,M,orange,78,27,2021-10-01,Senior
Mart Naismith,Genderfluid,77,Huelfort,Australian Capital Territory,2021-10-13,2021-11-09,610,117,3,351,Jacket,Shearling,XL,orange,60,27,2021-10-01,Senior
Mart Naismith,Genderfluid,77,Huelfort,Australian Capital Territory,2021-10-13,2021-11-09,611,98,1,98,Shirt,Camp Collared,XS,yellow,55,27,2021-10-01,Senior
Mart Naismith,Genderfluid,77,Huelfort,Australian Capital Territory,2021-10-13,2021-11-09,612,91,2,182,Jacket,Pullover,M,green,47,27,2021-10-01,Senior
Silas Chaman,Genderfluid,56,Gardenport,Victoria,2021-01-01,2021-01-05,3390,96,3,288,Shirt,Oxford Cloth,XL,red,47,4,2021-01-01,Senior
Silas Chaman,Genderfluid,56,Gardenport,Victoria,2021-01-01,2021-01-05,3391,109,2,218,Jacket,Peacoat,L,green,73,4,2021-01-01,Senior
Silas Chaman,Genderfluid,56,Gardenport,Victoria,2021-01-01,2021-01-05,3392,93,1,93,Trousers,Joggers,XL,red,58,4,2021-01-01,Senior
Silas Chaman,Genderfluid,56,Gardenport,Victoria,2021-01-01,2021-01-05,3393,97,2,194,Trousers,Slim-Fit,L,indigo,48,4,2021-01-01,Senior
Silas Chaman,Genderfluid,56,Gardenport,Victoria,2021-01-01,2021-01-05,3394,90,3,270,Trousers,Relaxed Leg,S,red,70,4,2021-01-01,Senior
Silas Chaman,Genderfluid,56,Gardenport,Victoria,2021-01-01,2021-01-05,3395,100,1,100,Jacket,Bomber,S,green,54,4,2021-01-01,Senior
Ephrem Hambers,Female,46,New Stellastad,Australian Capital Territory,2021-06-21,2021-07-11,990,100,1,100,Jacket,Bomber,XL,yellow,50,20,2021-06-01,Middle Aged
Ephrem Hambers,Female,46,New Stellastad,Australian Capital Territory,2021-06-21,2021-07-11,991,93,2,186,Trousers,Joggers,L,orange,49,20,2021-06-01,Middle Aged
Ephrem Hambers,Female,46,New Stellastad,Australian Capital Territory,2021-06-21,2021-07-11,992,99,2,198,Trousers,High-Waisted,XS,green,42,20,2021-06-01,Middle Aged
Ephrem Hambers,Female,46,New Stellastad,Australian Capital Territory,2021-06-21,2021-07-11,993,112,1,112,Trousers,Tracksuit Bottoms,XL,red,45,20,2021-06-01,Middle Aged
Ephrem Hambers,Female,46,New Stellastad,Australian Capital Territory,2021-06-21,2021-07-11,994,115,3,345,Trousers,Cropped,XL,green,49,20,2021-06-01,Middle Aged
Abey Bampforth,Genderfluid,28,Port Isabellafurt,New South Wales,2021-09-16,2021-09-18,229,118,3,354,Jacket,Puffer,M,red,62,2,2021-09-01,Young
Abey Bampforth,Genderfluid,28,Port Isabellafurt,New South Wales,2021-09-16,2021-09-18,230,109,1,109,Shirt,Mandarin Collar,XL,blue,71,2,2021-09-01,Young
Abey Bampforth,Genderfluid,28,Port Isabellafurt,New South Wales,2021-09-16,2021-09-18,231,115,3,345,Trousers,Cropped,L,yellow,60,2,2021-09-01,Young
Abey Bampforth,Genderfluid,28,Port Isabellafurt,New South Wales,2021-09-16,2021-09-18,232,93,2,186,Trousers,Joggers,S,red,71,2,2021-09-01,Young
Abey Bampforth,Genderfluid,28,Port Isabellafurt,New South Wales,2021-09-16,2021-09-18,233,90,3,270,Trousers,Relaxed Leg,L,green,62,2,2021-09-01,Young
Abey Bampforth,Genderfluid,28,Port Isabellafurt,New South Wales,2021-09-16,2021-09-18,234,107,1,107,Jacket,Denim,XL,orange,79,2,2021-09-01,Young
Lauryn Deport,Female,29,Bayermouth,South Australia,2021-01-20,2021-02-05,4766,92,1,92,Shirt,Denim,S,indigo,69,16,2021-01-01,Young
Lauryn Deport,Female,29,Bayermouth,South Australia,2021-01-20,2021-02-05,4767,119,1,119,Shirt,Casual Slim Fit,L,orange,76,16,2021-01-01,Young
Lauryn Deport,Female,29,Bayermouth,South Australia,2021-01-20,2021-02-05,4768,97,1,97,Trousers,Slim-Fit,S,blue,49,16,2021-01-01,Young
Lauryn Deport,Female,29,Bayermouth,South Australia,2021-01-20,2021-02-05,4769,112,3,336,Trousers,Tracksuit Bottoms,XL,red,45,16,2021-01-01,Young
Lauryn Deport,Female,29,Bayermouth,South Australia,2021-01-20,2021-02-05,4770,96,3,288,Trousers,Drawstring,L,indigo,77,16,2021-01-01,Young
Herschel Verdey,Female,26,Jacobport,New South Wales,2021-10-21,2021-11-17,719,98,3,294,Jacket,Leather,M,green,45,27,2021-10-01,Young
Herschel Verdey,Female,26,Jacobport,New South Wales,2021-10-21,2021-11-17,720,113,1,113,Jacket,Parka,L,violet,53,27,2021-10-01,Young
Herschel Verdey,Female,26,Jacobport,New South Wales,2021-10-21,2021-11-17,721,109,3,327,Jacket,Peacoat,XL,violet,42,27,2021-10-01,Young
Herschel Verdey,Female,26,Jacobport,New South Wales,2021-10-21,2021-11-17,722,106,2,212,Trousers,Wool,XL,orange,56,27,2021-10-01,Young
Herschel Verdey,Female,26,Jacobport,New South Wales,2021-10-21,2021-11-17,723,99,3,297,Trousers,High-Waisted,L,violet,68,27,2021-10-01,Young
Herschel Verdey,Female,26,Jacobport,New South Wales,2021-10-21,2021-11-17,724,112,3,336,Trousers,Tracksuit Bottoms,XS,yellow,76,27,2021-10-01,Young
Pietro Duling,Female,36,Shieldschester,Tasmania,2021-04-20,2021-04-23,1936,93,3,279,Jacket,Coach,M,red,76,3,2021-04-01,Middle Aged
Pietro Duling,Female,36,Shieldschester,Tasmania,2021-04-20,2021-04-23,1937,100,3,300,Jacket,Bomber,M,blue,44,3,2021-04-01,Middle Aged
Pietro Duling,Female,36,Shieldschester,Tasmania,2021-04-20,2021-04-23,1938,91,1,91,Shirt,Linen,XS,indigo,70,3,2021-04-01,Middle Aged
Pietro Duling,Female,36,Shieldschester,Tasmania,2021-04-20,2021-04-23,1939,107,2,214,Jacket,Denim,XS,blue,49,3,2021-04-01,Middle Aged
Pietro Duling,Female,36,Shieldschester,Tasmania,2021-04-20,2021-04-23,1940,96,3,288,Trousers,Drawstring,XL,green,49,3,2021-04-01,Middle Aged
Pietro Duling,Female,36,Shieldschester,Tasmania,2021-04-20,2021-04-23,1941,93,2,186,Trousers,Joggers,S,blue,50,3,2021-04-01,Middle Aged
Ringo Sollars,Genderfluid,22,West Cameron,Western Australia,2021-07-06,2021-07-11,1175,119,1,119,Shirt,Casual Slim Fit,XL,red,47,5,2021-07-01,Young
Ringo Sollars,Genderfluid,22,West Cameron,Western Australia,2021-07-06,2021-07-11,1176,100,3,300,Jacket,Bomber,M,orange,69,5,2021-07-01,Young
Camile Haveline,Genderfluid,20,New Alexchester,New South Wales,2021-10-12,2021-10-17,3396,117,1,117,Jacket,Shearling,M,violet,74,5,2021-10-01,Young
Camile Haveline,Genderfluid,20,New Alexchester,New South Wales,2021-10-12,2021-10-17,3397,118,2,236,Shirt,Flannel,XL,indigo,57,5,2021-10-01,Young
Camile Haveline,Genderfluid,20,New Alexchester,New South Wales,2021-03-22,2021-03-23,4167,91,2,182,Jacket,Pullover,XL,violet,69,1,2021-03-01,Young
Camile Haveline,Genderfluid,20,New Alexchester,New South Wales,2021-03-22,2021-03-23,4168,106,1,106,Trousers,Wool,S,indigo,45,1,2021-03-01,Young
Camile Haveline,Genderfluid,20,New Alexchester,New South Wales,2021-03-22,2021-03-23,4169,109,2,218,Shirt,Mandarin Collar,L,yellow,78,1,2021-03-01,Young
Camile Haveline,Genderfluid,20,New Alexchester,New South Wales,2021-03-22,2021-03-23,4170,94,3,282,Trousers,Cords,L,blue,77,1,2021-03-01,Young
Camile Haveline,Genderfluid,20,New Alexchester,New South Wales,2021-03-22,2021-03-23,4171,106,3,318,Shirt,Chambray,L,indigo,79,1,2021-03-01,Young
Camile Haveline,Genderfluid,20,New Alexchester,New South Wales,2021-07-03,2021-07-09,4231,115,1,115,Trousers,Cropped,S,orange,78,6,2021-07-01,Young
Camile Haveline,Genderfluid,20,New Alexchester,New South Wales,2021-07-03,2021-07-09,4232,94,3,282,Shirt,Henley,XL,blue,75,6,2021-07-01,Young
Camile Haveline,Genderfluid,20,New Alexchester,New South Wales,2021-07-03,2021-07-09,4233,104,1,104,Shirt,Dress,XL,violet,77,6,2021-07-01,Young
Camile Haveline,Genderfluid,20,New Alexchester,New South Wales,2021-07-03,2021-07-09,4234,105,1,105,Shirt,Cuban Collar,XS,orange,62,6,2021-07-01,Young
Camile Haveline,Genderfluid,20,New Alexchester,New South Wales,2021-07-03,2021-07-09,4235,109,1,109,Jacket,Peacoat,M,red,59,6,2021-07-01,Young
Camile Haveline,Genderfluid,20,New Alexchester,New South Wales,2021-07-03,2021-07-09,4236,112,3,336,Trousers,Tracksuit Bottoms,S,yellow,49,6,2021-07-01,Young
Camile Haveline,Genderfluid,20,New Alexchester,New South Wales,2021-07-03,2021-07-09,4237,94,3,282,Trousers,Cords,S,yellow,68,6,2021-07-01,Young
Camile Haveline,Genderfluid,20,New Alexchester,New South Wales,2021-07-03,2021-07-09,4238,97,2,194,Trousers,Slim-Fit,M,green,78,6,2021-07-01,Young
Camile Haveline,Genderfluid,20,New Alexchester,New South Wales,2021-07-03,2021-07-09,4239,98,3,294,Shirt,Camp Collared,M,violet,41,6,2021-07-01,Young
Camile Haveline,Genderfluid,20,New Alexchester,New South Wales,2021-07-03,2021-07-09,4240,93,1,93,Trousers,Joggers,XL,violet,40,6,2021-07-01,Young
Didi Garton,Polygender,60,Carterbury,Queensland,2021-06-30,2021-07-11,48,91,1,91,Jacket,Pullover,M,yellow,49,11,2021-06-01,Senior
Didi Garton,Polygender,60,Carterbury,Queensland,2021-06-30,2021-07-11,49,93,2,186,Jacket,Coach,M,red,76,11,2021-06-01,Senior
Didi Garton,Polygender,60,Carterbury,Queensland,2021-06-30,2021-07-11,50,113,3,339,Trousers,Chinos,S,orange,58,11,2021-06-01,Senior
Didi Garton,Polygender,60,Carterbury,Queensland,2021-06-30,2021-07-11,51,98,1,98,Shirt,Camp Collared,XS,orange,52,11,2021-06-01,Senior
Worthy Pardoe,Non-binary,71,North Emmashire,Australian Capital Territory,2021-08-06,2021-08-21,3398,95,1,95,Shirt,Polo,XS,violet,67,15,2021-08-01,Senior
Worthy Pardoe,Non-binary,71,North Emmashire,Australian Capital Territory,2021-08-06,2021-08-21,3399,96,3,288,Shirt,Oxford Cloth,L,violet,73,15,2021-08-01,Senior
Aurie Margett,Agender,39,Amelieburgh,New South Wales,2021-09-11,2021-09-20,1461,97,2,194,Trousers,Slim-Fit,L,violet,58,9,2021-09-01,Middle Aged
Aurie Margett,Agender,39,Amelieburgh,New South Wales,2021-09-11,2021-09-20,1462,113,2,226,Jacket,Parka,M,red,56,9,2021-09-01,Middle Aged
Aurie Margett,Agender,39,Amelieburgh,New South Wales,2021-09-11,2021-09-20,1463,113,1,113,Jacket,Parka,M,orange,51,9,2021-09-01,Middle Aged
Aurie Margett,Agender,39,Amelieburgh,New South Wales,2021-09-11,2021-09-20,1464,109,2,218,Jacket,Peacoat,M,violet,77,9,2021-09-01,Middle Aged
Aurie Margett,Agender,39,Amelieburgh,New South Wales,2021-09-11,2021-09-20,1465,93,3,279,Trousers,Joggers,S,violet,63,9,2021-09-01,Middle Aged
Aurie Margett,Agender,39,Amelieburgh,New South Wales,2021-09-11,2021-09-20,1466,98,2,196,Jacket,Leather,XS,violet,70,9,2021-09-01,Middle Aged
Andrew Renn,Bigender,63,Port Natalie,Victoria,2021-08-09,2021-08-12,2009,109,3,327,Shirt,Mandarin Collar,M,red,60,3,2021-08-01,Senior
Andrew Renn,Bigender,63,Port Natalie,Victoria,2021-08-09,2021-08-12,2010,104,3,312,Shirt,Dress,S,violet,69,3,2021-08-01,Senior
Andrew Renn,Bigender,63,Port Natalie,Victoria,2021-08-09,2021-08-12,2011,96,2,192,Trousers,Drawstring,M,blue,41,3,2021-08-01,Senior
Camellia Heatherington,Bigender,78,Taylorfurt,New South Wales,2021-04-19,2021-04-29,334,118,3,354,Shirt,Flannel,S,yellow,42,10,2021-04-01,Senior
Camellia Heatherington,Bigender,78,Taylorfurt,New South Wales,2021-04-19,2021-04-29,335,113,1,113,Jacket,Parka,M,orange,51,10,2021-04-01,Senior
Camellia Heatherington,Bigender,78,Taylorfurt,New South Wales,2021-04-19,2021-04-29,336,119,3,357,Shirt,Casual Slim Fit,XS,orange,43,10,2021-04-01,Senior
Camellia Heatherington,Bigender,78,Taylorfurt,New South Wales,2021-04-19,2021-04-29,337,112,1,112,Jacket,Cardigan,XL,green,64,10,2021-04-01,Senior
Camellia Heatherington,Bigender,78,Taylorfurt,New South Wales,2021-04-19,2021-04-29,338,98,3,294,Jacket,Leather,XS,yellow,73,10,2021-04-01,Senior
Camellia Heatherington,Bigender,78,Taylorfurt,New South Wales,2021-04-19,2021-04-29,339,99,2,198,Trousers,High-Waisted,XS,yellow,64,10,2021-04-01,Senior
Camellia Heatherington,Bigender,78,Taylorfurt,New South Wales,2021-04-19,2021-04-29,340,94,1,94,Shirt,Henley,XL,yellow,55,10,2021-04-01,Senior
Camellia Heatherington,Bigender,78,Taylorfurt,New South Wales,2021-04-19,2021-04-29,341,105,1,105,Trousers,Pleated,S,violet,50,10,2021-04-01,Senior
Camellia Heatherington,Bigender,78,Taylorfurt,New South Wales,2021-04-19,2021-04-29,342,94,3,282,Trousers,Cords,L,red,53,10,2021-04-01,Senior
Camellia Heatherington,Bigender,78,Taylorfurt,New South Wales,2021-04-19,2021-04-29,343,91,3,273,Jacket,Pullover,M,yellow,49,10,2021-04-01,Senior
Camellia Heatherington,Bigender,78,Taylorfurt,New South Wales,2021-04-19,2021-04-29,344,117,3,351,Jacket,Shearling,XL,yellow,63,10,2021-04-01,Senior
Camellia Heatherington,Bigender,78,Taylorfurt,New South Wales,2021-04-19,2021-04-29,345,100,2,200,Jacket,Bomber,M,green,61,10,2021-04-01,Senior
Arlie Bowman,Genderqueer,34,Port Annabelle,Northern Territory,2021-10-24,2021-10-26,2457,98,1,98,Shirt,Camp Collared,XS,orange,52,2,2021-10-01,Young
Arlie Bowman,Genderqueer,34,Port Annabelle,Northern Territory,2021-10-24,2021-10-26,2458,90,1,90,Trousers,Relaxed Leg,M,orange,74,2,2021-10-01,Young
Arlie Bowman,Genderqueer,34,Port Annabelle,Northern Territory,2021-10-24,2021-10-26,2459,96,2,192,Shirt,Oxford Cloth,M,green,60,2,2021-10-01,Young
Arlie Bowman,Genderqueer,34,Port Annabelle,Northern Territory,2021-10-24,2021-10-26,2460,105,3,315,Trousers,Pleated,M,indigo,48,2,2021-10-01,Young
Arlie Bowman,Genderqueer,34,Port Annabelle,Northern Territory,2021-10-24,2021-10-26,2461,118,3,354,Shirt,Flannel,S,indigo,74,2,2021-10-01,Young
Arlie Bowman,Genderqueer,34,Port Annabelle,Northern Territory,2021-10-24,2021-10-26,2462,115,3,345,Trousers,Cropped,XL,green,49,2,2021-10-01,Young
Arlie Bowman,Genderqueer,34,Port Annabelle,Northern Territory,2021-10-24,2021-10-26,2463,94,3,282,Trousers,Cords,XL,yellow,65,2,2021-10-01,Young
Arlie Bowman,Genderqueer,34,Port Annabelle,Northern Territory,2021-10-24,2021-10-26,2464,92,3,276,Shirt,Denim,M,indigo,56,2,2021-10-01,Young
Sigismundo Basek,Male,53,Amberland,Western Australia,2021-09-20,2021-09-24,617,106,3,318,Shirt,Chambray,XS,orange,76,4,2021-09-01,Middle Aged
Sigismundo Basek,Male,53,Amberland,Western Australia,2021-09-20,2021-09-24,618,98,1,98,Jacket,Leather,XS,yellow,73,4,2021-09-01,Middle Aged
Sigismundo Basek,Male,53,Amberland,Western Australia,2021-09-20,2021-09-24,619,113,2,226,Trousers,Chinos,XS,indigo,61,4,2021-09-01,Middle Aged
Sigismundo Basek,Male,53,Amberland,Western Australia,2021-09-20,2021-09-24,620,102,2,204,Trousers,Cargo Pants,M,blue,64,4,2021-09-01,Middle Aged
Sigismundo Basek,Male,53,Amberland,Western Australia,2021-09-20,2021-09-24,621,102,1,102,Jacket,Windbreaker,M,indigo,56,4,2021-09-01,Middle Aged
Frederique Hopkins,Bigender,43,Macdonaldtown,Northern Territory,2021-10-03,2021-10-28,3413,99,1,99,Trousers,High-Waisted,XL,yellow,78,25,2021-10-01,Middle Aged
Frederique Hopkins,Bigender,43,Macdonaldtown,Northern Territory,2021-10-03,2021-10-28,3414,113,1,113,Jacket,Parka,XL,orange,68,25,2021-10-01,Middle Aged
Frederique Hopkins,Bigender,43,Macdonaldtown,Northern Territory,2021-10-03,2021-10-28,3415,109,2,218,Shirt,Mandarin Collar,XL,blue,71,25,2021-10-01,Middle Aged
Frederique Hopkins,Bigender,43,Macdonaldtown,Northern Territory,2021-10-03,2021-10-28,3416,95,2,190,Shirt,Polo,M,violet,77,25,2021-10-01,Middle Aged
Frederique Hopkins,Bigender,43,Macdonaldtown,Northern Territory,2021-10-03,2021-10-28,3417,95,2,190,Shirt,Polo,XS,red,40,25,2021-10-01,Middle Aged
Frederique Hopkins,Bigender,43,Macdonaldtown,Northern Territory,2021-10-03,2021-10-28,3418,105,2,210,Trousers,Pleated,M,indigo,48,25,2021-10-01,Middle Aged
Frederique Hopkins,Bigender,43,Macdonaldtown,Northern Territory,2021-10-03,2021-10-28,3419,93,3,279,Jacket,Coach,L,yellow,53,25,2021-10-01,Middle Aged
Faber Purcell,Female,78,Andrewborough,New South Wales,2021-09-04,2021-09-20,110,96,1,96,Shirt,Oxford Cloth,L,orange,48,16,2021-09-01,Senior
Faber Purcell,Female,78,Andrewborough,New South Wales,2021-09-04,2021-09-20,111,113,2,226,Trousers,Chinos,M,yellow,58,16,2021-09-01,Senior
Faber Purcell,Female,78,Andrewborough,New South Wales,2021-06-07,2021-06-09,1309,115,3,345,Trousers,Cropped,L,green,55,2,2021-06-01,Senior
Faber Purcell,Female,78,Andrewborough,New South Wales,2021-06-07,2021-06-09,1310,95,1,95,Shirt,Polo,L,orange,63,2,2021-06-01,Senior
Faber Purcell,Female,78,Andrewborough,New South Wales,2021-06-07,2021-06-09,1311,106,1,106,Trousers,Wool,XL,green,48,2,2021-06-01,Senior
Faber Purcell,Female,78,Andrewborough,New South Wales,2021-06-07,2021-06-09,1312,96,1,96,Trousers,Drawstring,L,violet,62,2,2021-06-01,Senior
Gerri McCarle,Female,54,Cameronport,South Australia,2021-03-02,2021-03-18,2787,96,1,96,Shirt,Oxford Cloth,XS,orange,45,16,2021-03-01,Middle Aged
Gerri McCarle,Female,54,Cameronport,South Australia,2021-03-02,2021-03-18,2788,115,2,230,Trousers,Cropped,XS,violet,65,16,2021-03-01,Middle Aged
Gerri McCarle,Female,54,Cameronport,South Australia,2021-03-02,2021-03-18,2789,119,1,119,Shirt,Casual Slim Fit,L,yellow,63,16,2021-03-01,Middle Aged
Gerri McCarle,Female,54,Cameronport,South Australia,2021-03-02,2021-03-18,2790,102,2,204,Jacket,Windbreaker,L,blue,41,16,2021-03-01,Middle Aged
Gerri McCarle,Female,54,Cameronport,South Australia,2021-03-02,2021-03-18,2791,106,3,318,Shirt,Chambray,L,blue,69,16,2021-03-01,Middle Aged
Gerri McCarle,Female,54,Cameronport,South Australia,2021-03-02,2021-03-18,2792,106,2,212,Shirt,Chambray,M,yellow,62,16,2021-03-01,Middle Aged
Phillipe Gatecliffe,Male,35,Jettstad,Australian Capital Territory,2021-02-02,2021-02-06,4106,97,1,97,Trousers,Slim-Fit,XL,orange,78,4,2021-02-01,Young
Phillipe Gatecliffe,Male,35,Jettstad,Australian Capital Territory,2021-02-02,2021-02-06,4107,112,3,336,Jacket,Cardigan,XS,red,51,4,2021-02-01,Young
Phillipe Gatecliffe,Male,35,Jettstad,Australian Capital Territory,2021-02-02,2021-02-06,4108,115,2,230,Trousers,Cropped,XS,red,75,4,2021-02-01,Young
Phillipe Gatecliffe,Male,35,Jettstad,Australian Capital Territory,2021-02-02,2021-02-06,4109,118,1,118,Jacket,Puffer,XS,orange,47,4,2021-02-01,Young
Phillipe Gatecliffe,Male,35,Jettstad,Australian Capital Territory,2021-02-02,2021-02-06,4110,95,1,95,Shirt,Polo,S,indigo,50,4,2021-02-01,Young
Phillipe Gatecliffe,Male,35,Jettstad,Australian Capital Territory,2021-02-02,2021-02-06,4111,106,1,106,Shirt,Chambray,XL,red,42,4,2021-02-01,Young
Joby Law,Male,61,Ryanfurt,Victoria,2021-02-02,2021-02-27,361,112,2,224,Jacket,Cardigan,XL,red,54,25,2021-02-01,Senior
Joby Law,Male,61,Ryanfurt,Victoria,2021-02-02,2021-02-27,362,98,3,294,Jacket,Leather,L,red,76,25,2021-02-01,Senior
Joby Law,Male,61,Ryanfurt,Victoria,2021-02-02,2021-02-27,363,109,1,109,Jacket,Peacoat,M,blue,71,25,2021-02-01,Senior
Joby Law,Male,61,Ryanfurt,Victoria,2021-02-02,2021-02-27,364,90,3,270,Trousers,Relaxed Leg,M,indigo,45,25,2021-02-01,Senior
Joby Law,Male,61,Ryanfurt,Victoria,2021-02-02,2021-02-27,365,113,2,226,Jacket,Parka,S,yellow,80,25,2021-02-01,Senior
Joby Law,Male,61,Ryanfurt,Victoria,2021-02-02,2021-02-27,366,106,3,318,Shirt,Chambray,XL,indigo,61,25,2021-02-01,Senior
Egon Figliovanni,Female,59,Farrellchester,New South Wales,2021-10-05,2021-10-26,3420,107,1,107,Jacket,Denim,XL,violet,63,21,2021-10-01,Senior
Egon Figliovanni,Female,59,Farrellchester,New South Wales,2021-10-05,2021-10-26,3421,105,3,315,Shirt,Cuban Collar,S,green,58,21,2021-10-01,Senior
Egon Figliovanni,Female,59,Farrellchester,New South Wales,2021-10-05,2021-10-26,3422,96,3,288,Trousers,Drawstring,XL,orange,68,21,2021-10-01,Senior
Egon Figliovanni,Female,59,Farrellchester,New South Wales,2021-10-05,2021-10-26,3423,105,1,105,Shirt,Cuban Collar,XL,blue,73,21,2021-10-01,Senior
Antonia Yeardsley,Agender,51,Port Cody,Australian Capital Territory,2021-06-18,2021-07-05,3429,104,1,104,Shirt,Dress,XL,green,52,17,2021-06-01,Middle Aged
Antonia Yeardsley,Agender,51,Port Cody,Australian Capital Territory,2021-06-18,2021-07-05,3430,109,3,327,Jacket,Peacoat,M,green,49,17,2021-06-01,Middle Aged
Antonia Yeardsley,Agender,51,Port Cody,Australian Capital Territory,2021-06-18,2021-07-05,3431,97,2,194,Trousers,Slim-Fit,L,orange,66,17,2021-06-01,Middle Aged
Antonia Yeardsley,Agender,51,Port Cody,Australian Capital Territory,2021-06-18,2021-07-05,3432,115,1,115,Trousers,Cropped,XL,orange,61,17,2021-06-01,Middle Aged
Lilli Bavester,Genderfluid,65,East Lillyville,Victoria,2021-05-27,2021-06-22,1916,105,2,210,Shirt,Cuban Collar,L,blue,65,26,2021-05-01,Senior
Lilli Bavester,Genderfluid,65,East Lillyville,Victoria,2021-05-27,2021-06-22,1917,117,2,234,Jacket,Shearling,XS,orange,54,26,2021-05-01,Senior
Lilli Bavester,Genderfluid,65,East Lillyville,Victoria,2021-05-27,2021-06-22,1918,100,2,200,Jacket,Bomber,XL,orange,69,26,2021-05-01,Senior
Hoebart Edger,Genderqueer,73,Hamiltonport,Queensland,2021-03-19,2021-04-08,516,109,3,327,Jacket,Peacoat,XS,indigo,45,20,2021-03-01,Senior
Hoebart Edger,Genderqueer,73,Hamiltonport,Queensland,2021-03-19,2021-04-08,517,112,3,336,Trousers,Tracksuit Bottoms,S,yellow,49,20,2021-03-01,Senior
Hoebart Edger,Genderqueer,73,Hamiltonport,Queensland,2021-03-19,2021-04-08,518,91,2,182,Shirt,Linen,L,yellow,72,20,2021-03-01,Senior
Hoebart Edger,Genderqueer,73,Hamiltonport,Queensland,2021-03-19,2021-04-08,519,97,3,291,Trousers,Slim-Fit,XL,violet,48,20,2021-03-01,Senior
Hoebart Edger,Genderqueer,73,Hamiltonport,Queensland,2021-03-19,2021-04-08,520,91,3,273,Shirt,Linen,M,violet,44,20,2021-03-01,Senior
Hoebart Edger,Genderqueer,73,Hamiltonport,Queensland,2021-03-19,2021-04-08,521,100,3,300,Jacket,Bomber,M,red,79,20,2021-03-01,Senior
Hoebart Edger,Genderqueer,73,Hamiltonport,Queensland,2021-03-19,2021-04-08,522,90,2,180,Trousers,Relaxed Leg,XS,green,80,20,2021-03-01,Senior
Hoebart Edger,Genderqueer,73,Hamiltonport,Queensland,2021-03-19,2021-04-08,523,118,2,236,Shirt,Flannel,XS,blue,62,20,2021-03-01,Senior
Hoebart Edger,Genderqueer,73,Hamiltonport,Queensland,2021-03-19,2021-04-08,524,98,1,98,Jacket,Leather,L,orange,78,20,2021-03-01,Senior
Hoebart Edger,Genderqueer,73,Hamiltonport,Queensland,2021-03-19,2021-04-08,525,93,1,93,Jacket,Coach,XS,yellow,52,20,2021-03-01,Senior
Marnie Dennington,Female,50,West Addison,Northern Territory,2021-04-29,2021-05-16,3433,113,3,339,Jacket,Parka,S,green,62,17,2021-04-01,Middle Aged
Marnie Dennington,Female,50,West Addison,Northern Territory,2021-04-29,2021-05-16,3434,113,3,339,Jacket,Parka,XS,yellow,63,17,2021-04-01,Middle Aged
Marnie Dennington,Female,50,West Addison,Northern Territory,2021-04-29,2021-05-16,3435,95,3,285,Shirt,Polo,M,indigo,62,17,2021-04-01,Middle Aged
Marnie Dennington,Female,50,West Addison,Northern Territory,2021-04-29,2021-05-16,3436,95,3,285,Shirt,Polo,M,orange,67,17,2021-04-01,Middle Aged
Marnie Dennington,Female,50,West Addison,Northern Territory,2021-04-29,2021-05-16,3437,113,3,339,Trousers,Chinos,S,orange,58,17,2021-04-01,Middle Aged
Channa Powley,Genderqueer,70,East Mackenzietown,South Australia,2021-04-17,2021-05-11,3438,100,1,100,Jacket,Bomber,XS,orange,80,24,2021-04-01,Senior
Channa Powley,Genderqueer,70,East Mackenzietown,South Australia,2021-04-17,2021-05-11,3439,91,3,273,Jacket,Pullover,XS,yellow,65,24,2021-04-01,Senior
Channa Powley,Genderqueer,70,East Mackenzietown,South Australia,2021-04-17,2021-05-11,3440,99,3,297,Trousers,High-Waisted,S,green,73,24,2021-04-01,Senior
Channa Powley,Genderqueer,70,East Mackenzietown,South Australia,2021-04-17,2021-05-11,3441,112,3,336,Jacket,Cardigan,M,violet,75,24,2021-04-01,Senior
Channa Powley,Genderqueer,70,East Mackenzietown,South Australia,2021-04-17,2021-05-11,3442,98,3,294,Shirt,Camp Collared,S,green,60,24,2021-04-01,Senior
Channa Powley,Genderqueer,70,East Mackenzietown,South Australia,2021-04-17,2021-05-11,3443,98,1,98,Shirt,Camp Collared,M,blue,65,24,2021-04-01,Senior
Channa Powley,Genderqueer,70,East Mackenzietown,South Australia,2021-04-17,2021-05-11,3444,119,3,357,Shirt,Casual Slim Fit,XS,violet,55,24,2021-04-01,Senior
Shelbi Impson,Genderfluid,78,Hansenberg,New South Wales,2021-01-05,2021-01-27,830,100,3,300,Jacket,Bomber,XL,yellow,50,22,2021-01-01,Senior
Shelbi Impson,Genderfluid,78,Hansenberg,New South Wales,2021-01-05,2021-01-27,831,119,1,119,Shirt,Casual Slim Fit,L,indigo,60,22,2021-01-01,Senior
Shelbi Impson,Genderfluid,78,Hansenberg,New South Wales,2021-01-05,2021-01-27,832,99,2,198,Trousers,High-Waisted,S,red,80,22,2021-01-01,Senior
Shelbi Impson,Genderfluid,78,Hansenberg,New South Wales,2021-01-05,2021-01-27,833,113,3,339,Jacket,Parka,L,green,55,22,2021-01-01,Senior
Shelbi Impson,Genderfluid,78,Hansenberg,New South Wales,2021-01-05,2021-01-27,834,119,3,357,Jacket,Trench Coat,S,orange,41,22,2021-01-01,Senior
Shelbi Impson,Genderfluid,78,Hansenberg,New South Wales,2021-01-05,2021-01-27,835,112,3,336,Trousers,Tracksuit Bottoms,XS,blue,42,22,2021-01-01,Senior
Bourke Pembery,Bigender,21,Wildermanside,Tasmania,2021-09-01,2021-09-27,3450,118,3,354,Shirt,Flannel,L,yellow,80,26,2021-09-01,Young
Bourke Pembery,Bigender,21,Wildermanside,Tasmania,2021-09-01,2021-09-27,3451,99,2,198,Trousers,High-Waisted,M,yellow,45,26,2021-09-01,Young
Bourke Pembery,Bigender,21,Wildermanside,Tasmania,2021-09-01,2021-09-27,3452,107,3,321,Jacket,Denim,L,violet,50,26,2021-09-01,Young
Stanleigh Hazelton,Female,25,Hamiltonshire,Western Australia,2021-09-25,2021-10-20,4344,105,3,315,Trousers,Pleated,XL,blue,55,25,2021-09-01,Young
Stanleigh Hazelton,Female,25,Hamiltonshire,Western Australia,2021-09-25,2021-10-20,4345,97,2,194,Trousers,Slim-Fit,XL,red,67,25,2021-09-01,Young
Stanleigh Hazelton,Female,25,Hamiltonshire,Western Australia,2021-09-25,2021-10-20,4346,98,2,196,Shirt,Camp Collared,S,red,67,25,2021-09-01,Young
Stanleigh Hazelton,Female,25,Hamiltonshire,Western Australia,2021-09-25,2021-10-20,4347,98,3,294,Jacket,Leather,XS,yellow,73,25,2021-09-01,Young
Stanleigh Hazelton,Female,25,Hamiltonshire,Western Australia,2021-09-25,2021-10-20,4348,118,2,236,Shirt,Flannel,M,orange,68,25,2021-09-01,Young
Stanleigh Hazelton,Female,25,Hamiltonshire,Western Australia,2021-09-25,2021-10-20,4349,93,1,93,Jacket,Coach,S,orange,55,25,2021-09-01,Young
Stanleigh Hazelton,Female,25,Hamiltonshire,Western Australia,2021-09-25,2021-10-20,4350,94,2,188,Shirt,Henley,S,red,60,25,2021-09-01,Young
Stanleigh Hazelton,Female,25,Hamiltonshire,Western Australia,2021-09-25,2021-10-20,4351,102,1,102,Trousers,Cargo Pants,XS,indigo,51,25,2021-09-01,Young
Stanleigh Hazelton,Female,25,Hamiltonshire,Western Australia,2021-09-25,2021-10-20,4352,113,1,113,Trousers,Chinos,XS,orange,53,25,2021-09-01,Young
Gertrudis Pergens,Male,46,New Ruby,South Australia,2021-07-20,2021-07-28,3453,94,2,188,Trousers,Cords,M,blue,47,8,2021-07-01,Middle Aged
Gertrudis Pergens,Male,46,New Ruby,South Australia,2021-07-20,2021-07-28,3454,109,1,109,Shirt,Mandarin Collar,XS,green,63,8,2021-07-01,Middle Aged
Gertrudis Pergens,Male,46,New Ruby,South Australia,2021-07-20,2021-07-28,3455,118,3,354,Jacket,Puffer,M,red,62,8,2021-07-01,Middle Aged
Gertrudis Pergens,Male,46,New Ruby,South Australia,2021-07-20,2021-07-28,3456,104,2,208,Shirt,Dress,S,blue,46,8,2021-07-01,Middle Aged
Gertrudis Pergens,Male,46,New Ruby,South Australia,2021-07-20,2021-07-28,3457,100,1,100,Jacket,Bomber,XS,violet,75,8,2021-07-01,Middle Aged
Gertrudis Pergens,Male,46,New Ruby,South Australia,2021-07-20,2021-07-28,3458,90,3,270,Trousers,Relaxed Leg,S,blue,57,8,2021-07-01,Middle Aged
Carmita Grundey,Agender,35,East Declanside,Queensland,2021-01-23,2021-02-18,250,93,1,93,Trousers,Joggers,S,yellow,76,26,2021-01-01,Young
Carmita Grundey,Agender,35,East Declanside,Queensland,2021-01-23,2021-02-18,251,94,3,282,Trousers,Cords,XL,red,80,26,2021-01-01,Young
Carmita Grundey,Agender,35,East Declanside,Queensland,2021-01-23,2021-02-18,252,118,1,118,Jacket,Puffer,XL,yellow,65,26,2021-01-01,Young
Carmita Grundey,Agender,35,East Declanside,Queensland,2021-01-23,2021-02-18,253,112,3,336,Jacket,Cardigan,XS,green,40,26,2021-01-01,Young
Carmita Grundey,Agender,35,East Declanside,Queensland,2021-01-23,2021-02-18,254,97,2,194,Trousers,Slim-Fit,L,blue,49,26,2021-01-01,Young
Robinetta Deners,Genderqueer,68,West Claudia,South Australia,2021-05-26,2021-06-18,979,97,3,291,Trousers,Slim-Fit,XL,indigo,66,23,2021-05-01,Senior
Robinetta Deners,Genderqueer,68,West Claudia,South Australia,2021-05-26,2021-06-18,980,115,2,230,Trousers,Cropped,XS,red,75,23,2021-05-01,Senior
Robinetta Deners,Genderqueer,68,West Claudia,South Australia,2021-05-26,2021-06-18,981,107,2,214,Jacket,Denim,S,violet,73,23,2021-05-01,Senior
Robinetta Deners,Genderqueer,68,West Claudia,South Australia,2021-05-26,2021-06-18,982,96,2,192,Shirt,Oxford Cloth,M,indigo,62,23,2021-05-01,Senior
Robinetta Deners,Genderqueer,68,West Claudia,South Australia,2021-05-26,2021-06-18,983,118,1,118,Jacket,Puffer,S,violet,46,23,2021-05-01,Senior
Crin Johnikin,Polygender,66,South Clairetown,Queensland,2021-05-17,2021-05-18,969,118,2,236,Shirt,Flannel,L,orange,59,1,2021-05-01,Senior
Crin Johnikin,Polygender,66,South Clairetown,Queensland,2021-05-17,2021-05-18,970,93,3,279,Trousers,Joggers,M,orange,52,1,2021-05-01,Senior
Crin Johnikin,Polygender,66,South Clairetown,Queensland,2021-05-17,2021-05-18,971,93,3,279,Jacket,Coach,XS,indigo,42,1,2021-05-01,Senior
Crin Johnikin,Polygender,66,South Clairetown,Queensland,2021-05-17,2021-05-18,972,95,3,285,Shirt,Polo,XL,red,76,1,2021-05-01,Senior
Anny Midden,Non-binary,32,Lake Amelia,Victoria,2021-01-01,2021-01-03,82,104,1,104,Shirt,Dress,XS,red,63,2,2021-01-01,Young
Anny Midden,Non-binary,32,Lake Amelia,Victoria,2021-01-01,2021-01-03,83,97,3,291,Trousers,Slim-Fit,XS,indigo,74,2,2021-01-01,Young
Anny Midden,Non-binary,32,Lake Amelia,Victoria,2021-01-01,2021-01-03,84,105,1,105,Shirt,Cuban Collar,XS,orange,62,2,2021-01-01,Young
Anny Midden,Non-binary,32,Lake Amelia,Victoria,2021-01-01,2021-01-03,85,115,3,345,Trousers,Cropped,XS,indigo,55,2,2021-01-01,Young
Anny Midden,Non-binary,32,Lake Amelia,Victoria,2021-01-01,2021-01-03,86,107,1,107,Jacket,Denim,M,violet,43,2,2021-01-01,Young
Wenona Stuck,Agender,34,Hallhaven,New South Wales,2021-07-17,2021-08-08,919,106,1,106,Shirt,Chambray,XL,red,42,22,2021-07-01,Young
Wenona Stuck,Agender,34,Hallhaven,New South Wales,2021-07-17,2021-08-08,920,113,1,113,Jacket,Parka,L,red,73,22,2021-07-01,Young
Wenona Stuck,Agender,34,Hallhaven,New South Wales,2021-07-17,2021-08-08,921,98,2,196,Shirt,Camp Collared,XL,red,79,22,2021-07-01,Young
Wenona Stuck,Agender,34,Hallhaven,New South Wales,2021-07-17,2021-08-08,922,94,2,188,Trousers,Cords,M,red,68,22,2021-07-01,Young
Gertrudis Pergens,Male,46,New Ruby,South Australia,2021-10-02,2021-10-12,4900,95,2,190,Shirt,Polo,XS,orange,75,10,2021-10-01,Middle Aged
Gertrudis Pergens,Male,46,New Ruby,South Australia,2021-10-02,2021-10-12,4901,102,1,102,Trousers,Cargo Pants,XS,violet,40,10,2021-10-01,Middle Aged
Gertrudis Pergens,Male,46,New Ruby,South Australia,2021-10-02,2021-10-12,4902,113,3,339,Trousers,Chinos,XS,green,75,10,2021-10-01,Middle Aged
Gertrudis Pergens,Male,46,New Ruby,South Australia,2021-10-02,2021-10-12,4903,113,2,226,Jacket,Parka,XS,indigo,57,10,2021-10-01,Middle Aged
Gertrudis Pergens,Male,46,New Ruby,South Australia,2021-10-02,2021-10-12,4904,94,2,188,Shirt,Henley,XL,violet,77,10,2021-10-01,Middle Aged
Gertrudis Pergens,Male,46,New Ruby,South Australia,2021-10-02,2021-10-12,4905,94,3,282,Trousers,Cords,XS,orange,70,10,2021-10-01,Middle Aged
Gertrudis Pergens,Male,46,New Ruby,South Australia,2021-10-02,2021-10-12,4906,93,1,93,Trousers,Joggers,XL,indigo,66,10,2021-10-01,Middle Aged
Errol Berkley,Agender,74,Haleybury,Australian Capital Territory,2021-05-19,2021-06-13,3459,117,3,351,Jacket,Shearling,XS,green,74,25,2021-05-01,Senior
Errol Berkley,Agender,74,Haleybury,Australian Capital Territory,2021-05-19,2021-06-13,3460,94,2,188,Shirt,Henley,S,indigo,45,25,2021-05-01,Senior
Errol Berkley,Agender,74,Haleybury,Australian Capital Territory,2021-05-19,2021-06-13,3461,107,1,107,Jacket,Denim,XL,green,59,25,2021-05-01,Senior
Errol Berkley,Agender,74,Haleybury,Australian Capital Territory,2021-05-19,2021-06-13,3462,115,2,230,Trousers,Cropped,L,yellow,60,25,2021-05-01,Senior
Errol Berkley,Agender,74,Haleybury,Australian Capital Territory,2021-05-19,2021-06-13,3463,102,2,204,Jacket,Windbreaker,M,violet,64,25,2021-05-01,Senior
Errol Berkley,Agender,74,Haleybury,Australian Capital Territory,2021-05-19,2021-06-13,3464,96,3,288,Shirt,Oxford Cloth,XL,red,47,25,2021-05-01,Senior
Errol Berkley,Agender,74,Haleybury,Australian Capital Territory,2021-05-19,2021-06-13,3465,105,3,315,Trousers,Pleated,M,violet,45,25,2021-05-01,Senior
Dulcea Shrawley,Female,48,Codyview,Northern Territory,2021-02-08,2021-02-13,1763,119,3,357,Jacket,Trench Coat,S,orange,41,5,2021-02-01,Middle Aged
Dulcea Shrawley,Female,48,Codyview,Northern Territory,2021-02-08,2021-02-13,1764,95,2,190,Shirt,Polo,XL,green,61,5,2021-02-01,Middle Aged
Errol Berkley,Agender,74,Haleybury,Australian Capital Territory,2021-07-05,2021-07-07,4416,94,2,188,Trousers,Cords,XL,red,80,2,2021-07-01,Senior
Errol Berkley,Agender,74,Haleybury,Australian Capital Territory,2021-07-05,2021-07-07,4417,106,1,106,Shirt,Chambray,XS,violet,47,2,2021-07-01,Senior
Errol Berkley,Agender,74,Haleybury,Australian Capital Territory,2021-07-05,2021-07-07,4418,106,1,106,Trousers,Wool,L,violet,61,2,2021-07-01,Senior
Errol Berkley,Agender,74,Haleybury,Australian Capital Territory,2021-07-05,2021-07-07,4419,112,1,112,Jacket,Cardigan,XL,orange,75,2,2021-07-01,Senior
Errol Berkley,Agender,74,Haleybury,Australian Capital Territory,2021-07-05,2021-07-07,4420,109,2,218,Shirt,Mandarin Collar,S,orange,52,2,2021-07-01,Senior
Errol Berkley,Agender,74,Haleybury,Australian Capital Territory,2021-07-05,2021-07-07,4421,94,3,282,Shirt,Henley,L,violet,51,2,2021-07-01,Senior
Errol Berkley,Agender,74,Haleybury,Australian Capital Territory,2021-07-05,2021-07-07,4422,113,3,339,Jacket,Parka,S,green,62,2,2021-07-01,Senior
Constantino Langworthy,Agender,25,Fayburgh,Northern Territory,2021-01-29,2021-02-12,3466,105,2,210,Trousers,Pleated,L,orange,53,14,2021-01-01,Young
Constantino Langworthy,Agender,25,Fayburgh,Northern Territory,2021-01-29,2021-02-12,3467,100,2,200,Jacket,Bomber,M,indigo,52,14,2021-01-01,Young
Constantino Langworthy,Agender,25,Fayburgh,Northern Territory,2021-01-29,2021-02-12,3468,96,2,192,Shirt,Oxford Cloth,XS,violet,74,14,2021-01-01,Young
Constantino Langworthy,Agender,25,Fayburgh,Northern Territory,2021-01-29,2021-02-12,3469,118,1,118,Shirt,Flannel,L,indigo,62,14,2021-01-01,Young
Constantino Langworthy,Agender,25,Fayburgh,Northern Territory,2021-01-29,2021-02-12,3470,97,2,194,Trousers,Slim-Fit,M,yellow,55,14,2021-01-01,Young
Constantino Langworthy,Agender,25,Fayburgh,Northern Territory,2021-01-29,2021-02-12,3471,98,3,294,Shirt,Camp Collared,XL,yellow,44,14,2021-01-01,Young
Constantino Langworthy,Agender,25,Fayburgh,Northern Territory,2021-01-29,2021-02-12,3472,119,2,238,Shirt,Casual Slim Fit,M,violet,46,14,2021-01-01,Young
Constantino Langworthy,Agender,25,Fayburgh,Northern Territory,2021-01-29,2021-02-12,3473,91,3,273,Shirt,Linen,M,red,78,14,2021-01-01,Young
Constantino Langworthy,Agender,25,Fayburgh,Northern Territory,2021-01-29,2021-02-12,3474,96,1,96,Shirt,Oxford Cloth,S,indigo,59,14,2021-01-01,Young
Anders Couvert,Non-binary,80,East Sienna,New South Wales,2021-02-02,2021-02-08,860,100,1,100,Jacket,Bomber,L,violet,68,6,2021-02-01,Senior
Anders Couvert,Non-binary,80,East Sienna,New South Wales,2021-02-02,2021-02-08,861,105,1,105,Shirt,Cuban Collar,M,indigo,58,6,2021-02-01,Senior
Anders Couvert,Non-binary,80,East Sienna,New South Wales,2021-02-02,2021-02-08,862,90,1,90,Trousers,Relaxed Leg,L,orange,78,6,2021-02-01,Senior
Gwenette Kahen,Male,71,Phoebeberg,Queensland,2021-07-01,2021-07-26,3475,91,1,91,Shirt,Linen,M,violet,44,25,2021-07-01,Senior
Gwenette Kahen,Male,71,Phoebeberg,Queensland,2021-07-01,2021-07-26,3476,97,2,194,Trousers,Slim-Fit,XL,violet,48,25,2021-07-01,Senior
Gwenette Kahen,Male,71,Phoebeberg,Queensland,2021-07-01,2021-07-26,3477,98,3,294,Jacket,Leather,XL,orange,64,25,2021-07-01,Senior
Gwenette Kahen,Male,71,Phoebeberg,Queensland,2021-07-01,2021-07-26,3478,102,3,306,Trousers,Cargo Pants,XS,indigo,51,25,2021-07-01,Senior
Gwenette Kahen,Male,71,Phoebeberg,Queensland,2021-07-01,2021-07-26,3479,115,2,230,Trousers,Cropped,S,blue,62,25,2021-07-01,Senior
Gwenette Kahen,Male,71,Phoebeberg,Queensland,2021-07-01,2021-07-26,3480,98,2,196,Shirt,Camp Collared,M,red,64,25,2021-07-01,Senior
Aindrea Franzetti,Female,43,North Caitlin,South Australia,2021-04-27,2021-05-04,2313,105,2,210,Shirt,Cuban Collar,M,violet,67,7,2021-04-01,Middle Aged
Sharyl Royl,Polygender,61,Fadelburgh,New South Wales,2021-06-23,2021-07-14,3485,90,3,270,Trousers,Relaxed Leg,L,blue,61,21,2021-06-01,Senior
Sharyl Royl,Polygender,61,Fadelburgh,New South Wales,2021-06-23,2021-07-14,3486,97,3,291,Trousers,Slim-Fit,XS,orange,69,21,2021-06-01,Senior
Sharyl Royl,Polygender,61,Fadelburgh,New South Wales,2021-06-23,2021-07-14,3487,109,1,109,Shirt,Mandarin Collar,S,indigo,60,21,2021-06-01,Senior
Sharyl Royl,Polygender,61,Fadelburgh,New South Wales,2021-06-23,2021-07-14,3488,93,2,186,Trousers,Joggers,XS,blue,67,21,2021-06-01,Senior
Sharyl Royl,Polygender,61,Fadelburgh,New South Wales,2021-06-23,2021-07-14,3489,113,3,339,Jacket,Parka,L,indigo,44,21,2021-06-01,Senior
Sharyl Royl,Polygender,61,Fadelburgh,New South Wales,2021-06-23,2021-07-14,3490,113,3,339,Trousers,Chinos,M,blue,41,21,2021-06-01,Senior
Sharyl Royl,Polygender,61,Fadelburgh,New South Wales,2021-01-10,2021-01-29,4227,94,2,188,Trousers,Cords,XS,red,63,19,2021-01-01,Senior
Sharyl Royl,Polygender,61,Fadelburgh,New South Wales,2021-01-10,2021-01-29,4228,94,3,282,Shirt,Henley,XL,blue,75,19,2021-01-01,Senior
Sharyl Royl,Polygender,61,Fadelburgh,New South Wales,2021-01-10,2021-01-29,4229,93,3,279,Jacket,Coach,XS,green,78,19,2021-01-01,Senior
Sharyl Royl,Polygender,61,Fadelburgh,New South Wales,2021-01-10,2021-01-29,4230,106,1,106,Shirt,Chambray,L,indigo,79,19,2021-01-01,Senior
Amalia Eallis,Bigender,22,East Ruby,New South Wales,2021-10-24,2021-11-10,3520,115,1,115,Trousers,Cropped,XL,yellow,68,17,2021-10-01,Young
Amalia Eallis,Bigender,22,East Ruby,New South Wales,2021-10-24,2021-11-10,3521,91,2,182,Shirt,Linen,XL,green,51,17,2021-10-01,Young
Amalia Eallis,Bigender,22,East Ruby,New South Wales,2021-10-24,2021-11-10,3522,96,2,192,Trousers,Drawstring,M,indigo,58,17,2021-10-01,Young
Amalia Eallis,Bigender,22,East Ruby,New South Wales,2021-10-24,2021-11-10,3523,113,3,339,Trousers,Chinos,M,indigo,64,17,2021-10-01,Young
Amalia Eallis,Bigender,22,East Ruby,New South Wales,2021-10-24,2021-11-10,3524,98,3,294,Shirt,Camp Collared,XS,orange,52,17,2021-10-01,Young
Jeff Curness,Genderqueer,49,East Michaelmouth,Australian Capital Territory,2021-05-31,2021-06-20,4318,99,3,297,Trousers,High-Waisted,L,violet,68,20,2021-05-01,Middle Aged
Jeff Curness,Genderqueer,49,East Michaelmouth,Australian Capital Territory,2021-05-31,2021-06-20,4319,104,2,208,Shirt,Dress,L,blue,61,20,2021-05-01,Middle Aged
Jeff Curness,Genderqueer,49,East Michaelmouth,Australian Capital Territory,2021-05-31,2021-06-20,4320,118,2,236,Shirt,Flannel,L,orange,59,20,2021-05-01,Middle Aged
Ronni Gruszczak,Agender,41,Jademouth,Victoria,2021-04-25,2021-05-05,768,94,1,94,Trousers,Cords,S,blue,59,10,2021-04-01,Middle Aged
Ronni Gruszczak,Agender,41,Jademouth,Victoria,2021-04-25,2021-05-05,769,93,3,279,Trousers,Joggers,M,red,43,10,2021-04-01,Middle Aged
Ronni Gruszczak,Agender,41,Jademouth,Victoria,2021-04-25,2021-05-05,770,115,3,345,Trousers,Cropped,S,orange,78,10,2021-04-01,Middle Aged
Ronni Gruszczak,Agender,41,Jademouth,Victoria,2021-04-25,2021-05-05,771,113,2,226,Trousers,Chinos,XS,violet,72,10,2021-04-01,Middle Aged
Ronni Gruszczak,Agender,41,Jademouth,Victoria,2021-04-25,2021-05-05,772,113,2,226,Trousers,Chinos,XL,orange,48,10,2021-04-01,Middle Aged
Raul Pockey,Male,64,South Hannah,Victoria,2021-02-07,2021-02-08,3531,93,1,93,Trousers,Joggers,L,violet,60,1,2021-02-01,Senior
Raul Pockey,Male,64,South Hannah,Victoria,2021-02-07,2021-02-08,3532,93,1,93,Jacket,Coach,XL,green,48,1,2021-02-01,Senior
Raul Pockey,Male,64,South Hannah,Victoria,2021-02-07,2021-02-08,3533,100,1,100,Jacket,Bomber,S,indigo,41,1,2021-02-01,Senior
Raul Pockey,Male,64,South Hannah,Victoria,2021-02-07,2021-02-08,3534,100,2,200,Jacket,Bomber,L,indigo,51,1,2021-02-01,Senior
Raul Pockey,Male,64,South Hannah,Victoria,2021-02-07,2021-02-08,3535,119,1,119,Jacket,Trench Coat,L,orange,70,1,2021-02-01,Senior
Clem Margetts,Non-binary,21,New Matildaville,South Australia,2021-08-18,2021-08-29,3542,96,1,96,Trousers,Drawstring,L,green,43,11,2021-08-01,Young
Clem Margetts,Non-binary,21,New Matildaville,South Australia,2021-08-18,2021-08-29,3543,96,3,288,Trousers,Drawstring,L,red,73,11,2021-08-01,Young
Clem Margetts,Non-binary,21,New Matildaville,South Australia,2021-08-18,2021-08-29,3544,96,2,192,Trousers,Drawstring,XL,violet,80,11,2021-08-01,Young
Clem Margetts,Non-binary,21,New Matildaville,South Australia,2021-08-18,2021-08-29,3545,112,2,224,Trousers,Tracksuit Bottoms,M,yellow,80,11,2021-08-01,Young
Clem Margetts,Non-binary,21,New Matildaville,South Australia,2021-08-18,2021-08-29,3546,93,1,93,Jacket,Coach,XS,blue,51,11,2021-08-01,Young
Clem Margetts,Non-binary,21,New Matildaville,South Australia,2021-08-18,2021-08-29,3547,105,3,315,Trousers,Pleated,XL,indigo,45,11,2021-08-01,Young
Clem Margetts,Non-binary,21,New Matildaville,South Australia,2021-08-18,2021-08-29,3548,107,3,321,Jacket,Denim,XS,violet,65,11,2021-08-01,Young
Constance Piddington,Genderfluid,27,East Chasehaven,Queensland,2021-08-15,2021-08-17,4548,92,1,92,Shirt,Denim,S,green,49,2,2021-08-01,Young
Constance Piddington,Genderfluid,27,East Chasehaven,Queensland,2021-08-15,2021-08-17,4549,92,1,92,Shirt,Denim,XS,yellow,54,2,2021-08-01,Young
Constance Piddington,Genderfluid,27,East Chasehaven,Queensland,2021-08-15,2021-08-17,4550,98,2,196,Jacket,Leather,XL,violet,58,2,2021-08-01,Young
Lauryn Deport,Female,29,Bayermouth,South Australia,2021-06-16,2021-06-24,462,91,1,91,Jacket,Pullover,M,red,55,8,2021-06-01,Young
Lauryn Deport,Female,29,Bayermouth,South Australia,2021-06-16,2021-06-24,463,109,3,327,Jacket,Peacoat,S,blue,50,8,2021-06-01,Young
Lauryn Deport,Female,29,Bayermouth,South Australia,2021-06-16,2021-06-24,464,91,1,91,Shirt,Linen,XL,green,51,8,2021-06-01,Young
Lauryn Deport,Female,29,Bayermouth,South Australia,2021-06-16,2021-06-24,465,93,3,279,Jacket,Coach,L,violet,80,8,2021-06-01,Young
Lauryn Deport,Female,29,Bayermouth,South Australia,2021-06-16,2021-06-24,466,109,3,327,Jacket,Peacoat,XS,orange,78,8,2021-06-01,Young
Lauryn Deport,Female,29,Bayermouth,South Australia,2021-06-16,2021-06-24,467,98,2,196,Jacket,Leather,XL,blue,67,8,2021-06-01,Young
Lauryn Deport,Female,29,Bayermouth,South Australia,2021-06-16,2021-06-24,468,96,2,192,Shirt,Oxford Cloth,XL,orange,43,8,2021-06-01,Young
Lauryn Deport,Female,29,Bayermouth,South Australia,2021-06-16,2021-06-24,469,118,3,354,Shirt,Flannel,L,orange,59,8,2021-06-01,Young
Abey Bampforth,Genderfluid,28,Port Isabellafurt,New South Wales,2021-02-28,2021-03-18,3384,93,2,186,Trousers,Joggers,M,green,54,18,2021-02-01,Young
Abey Bampforth,Genderfluid,28,Port Isabellafurt,New South Wales,2021-02-28,2021-03-18,3385,91,1,91,Jacket,Pullover,S,indigo,44,18,2021-02-01,Young
Abey Bampforth,Genderfluid,28,Port Isabellafurt,New South Wales,2021-02-28,2021-03-18,3386,93,3,279,Trousers,Joggers,XS,violet,50,18,2021-02-01,Young
Abey Bampforth,Genderfluid,28,Port Isabellafurt,New South Wales,2021-02-28,2021-03-18,3387,91,1,91,Jacket,Pullover,M,yellow,49,18,2021-02-01,Young
Abey Bampforth,Genderfluid,28,Port Isabellafurt,New South Wales,2021-02-28,2021-03-18,3388,92,1,92,Shirt,Denim,S,indigo,69,18,2021-02-01,Young
Abey Bampforth,Genderfluid,28,Port Isabellafurt,New South Wales,2021-02-28,2021-03-18,3389,95,3,285,Shirt,Polo,L,violet,76,18,2021-02-01,Young
Neilla Halladey,Male,34,East Aidan,Australian Capital Territory,2021-07-31,2021-08-26,3566,102,2,204,Jacket,Windbreaker,S,yellow,66,26,2021-07-01,Young
Neilla Halladey,Male,34,East Aidan,Australian Capital Territory,2021-07-31,2021-08-26,3567,115,3,345,Trousers,Cropped,XS,red,75,26,2021-07-01,Young
Neilla Halladey,Male,34,East Aidan,Australian Capital Territory,2021-07-31,2021-08-26,3568,113,2,226,Jacket,Parka,XL,red,64,26,2021-07-01,Young
Neilla Halladey,Male,34,East Aidan,Australian Capital Territory,2021-07-31,2021-08-26,3569,102,3,306,Trousers,Cargo Pants,XL,red,45,26,2021-07-01,Young
Neilla Halladey,Male,34,East Aidan,Australian Capital Territory,2021-07-31,2021-08-26,3570,94,1,94,Trousers,Cords,S,green,78,26,2021-07-01,Young
Neilla Halladey,Male,34,East Aidan,Australian Capital Territory,2021-07-31,2021-08-26,3571,113,2,226,Jacket,Parka,XS,violet,59,26,2021-07-01,Young
Zebulon Rousel,Agender,62,Hamishview,New South Wales,2021-06-19,2021-07-16,1186,118,1,118,Jacket,Puffer,XS,violet,74,27,2021-06-01,Senior
Zebulon Rousel,Agender,62,Hamishview,New South Wales,2021-06-19,2021-07-16,1187,112,3,336,Jacket,Cardigan,M,violet,75,27,2021-06-01,Senior
Zebulon Rousel,Agender,62,Hamishview,New South Wales,2021-06-19,2021-07-16,1188,107,2,214,Jacket,Denim,XS,violet,65,27,2021-06-01,Senior
Zebulon Rousel,Agender,62,Hamishview,New South Wales,2021-06-19,2021-07-16,1189,112,1,112,Trousers,Tracksuit Bottoms,XS,indigo,63,27,2021-06-01,Senior
Chandal Fransinelli,Polygender,21,Hackettchester,South Australia,2021-05-21,2021-06-03,781,105,2,210,Trousers,Pleated,M,yellow,54,13,2021-05-01,Young
Chandal Fransinelli,Polygender,21,Hackettchester,South Australia,2021-05-21,2021-06-03,782,112,1,112,Jacket,Cardigan,XL,orange,75,13,2021-05-01,Young
Chandal Fransinelli,Polygender,21,Hackettchester,South Australia,2021-05-21,2021-06-03,783,95,2,190,Shirt,Polo,XS,violet,67,13,2021-05-01,Young
Chandal Fransinelli,Polygender,21,Hackettchester,South Australia,2021-05-21,2021-06-03,784,96,1,96,Shirt,Oxford Cloth,L,orange,48,13,2021-05-01,Young
Chandal Fransinelli,Polygender,21,Hackettchester,South Australia,2021-05-21,2021-06-03,785,107,3,321,Jacket,Denim,XS,orange,60,13,2021-05-01,Young
Esteban Hensmans,Genderfluid,45,West Finnberg,Australian Capital Territory,2021-01-17,2021-01-19,3916,118,1,118,Shirt,Flannel,L,green,72,2,2021-01-01,Middle Aged
Esteban Hensmans,Genderfluid,45,West Finnberg,Australian Capital Territory,2021-01-17,2021-01-19,3917,118,2,236,Jacket,Puffer,L,red,44,2,2021-01-01,Middle Aged
Esteban Hensmans,Genderfluid,45,West Finnberg,Australian Capital Territory,2021-01-17,2021-01-19,3918,119,1,119,Jacket,Trench Coat,XS,orange,69,2,2021-01-01,Middle Aged
Esteban Hensmans,Genderfluid,45,West Finnberg,Australian Capital Territory,2021-01-17,2021-01-19,3919,104,1,104,Shirt,Dress,XL,violet,77,2,2021-01-01,Middle Aged
Esteban Hensmans,Genderfluid,45,West Finnberg,Australian Capital Territory,2021-01-17,2021-01-19,3920,102,2,204,Trousers,Cargo Pants,S,red,63,2,2021-01-01,Middle Aged
Deedee Pashe,Bigender,28,Lake Abigailhaven,Western Australia,2021-10-12,2021-10-19,4589,94,1,94,Trousers,Cords,XL,indigo,70,7,2021-10-01,Young
Deedee Pashe,Bigender,28,Lake Abigailhaven,Western Australia,2021-10-12,2021-10-19,4590,109,1,109,Shirt,Mandarin Collar,XL,orange,59,7,2021-10-01,Young
Deedee Pashe,Bigender,28,Lake Abigailhaven,Western Australia,2021-10-12,2021-10-19,4591,92,1,92,Shirt,Denim,L,yellow,75,7,2021-10-01,Young
Neilla Halladey,Male,34,East Aidan,Australian Capital Territory,2021-06-04,2021-06-19,4647,112,1,112,Trousers,Tracksuit Bottoms,S,green,72,15,2021-06-01,Young
Neilla Halladey,Male,34,East Aidan,Australian Capital Territory,2021-06-04,2021-06-19,4648,90,2,180,Trousers,Relaxed Leg,XS,yellow,44,15,2021-06-01,Young
Aurie Margett,Agender,39,Amelieburgh,New South Wales,2021-06-20,2021-07-11,2511,102,1,102,Trousers,Cargo Pants,XS,indigo,51,21,2021-06-01,Middle Aged
Aurie Margett,Agender,39,Amelieburgh,New South Wales,2021-06-20,2021-07-11,2512,105,3,315,Shirt,Cuban Collar,XS,violet,49,21,2021-06-01,Middle Aged
Aurie Margett,Agender,39,Amelieburgh,New South Wales,2021-06-20,2021-07-11,2513,113,2,226,Trousers,Chinos,XS,blue,69,21,2021-06-01,Middle Aged
Aurie Margett,Agender,39,Amelieburgh,New South Wales,2021-06-20,2021-07-11,2514,117,1,117,Jacket,Shearling,XL,orange,60,21,2021-06-01,Middle Aged
Aurie Margett,Agender,39,Amelieburgh,New South Wales,2021-06-20,2021-07-11,2515,102,1,102,Jacket,Windbreaker,XL,yellow,58,21,2021-06-01,Middle Aged
Melissa Partkya,Male,23,O'keefeton,Tasmania,2021-08-25,2021-09-06,2233,113,1,113,Jacket,Parka,L,blue,61,12,2021-08-01,Young
Melissa Partkya,Male,23,O'keefeton,Tasmania,2021-08-25,2021-09-06,2234,106,2,212,Shirt,Chambray,XL,blue,43,12,2021-08-01,Young
Melissa Partkya,Male,23,O'keefeton,Tasmania,2021-08-25,2021-09-06,2235,91,1,91,Jacket,Pullover,L,orange,56,12,2021-08-01,Young
Melissa Partkya,Male,23,O'keefeton,Tasmania,2021-08-25,2021-09-06,2236,98,2,196,Shirt,Camp Collared,L,orange,63,12,2021-08-01,Young
Jedidiah Sydall,Genderfluid,61,Kiehnstad,Australian Capital Territory,2021-05-13,2021-05-20,3578,106,1,106,Shirt,Chambray,S,blue,61,7,2021-05-01,Senior
Jedidiah Sydall,Genderfluid,61,Kiehnstad,Australian Capital Territory,2021-05-13,2021-05-20,3579,93,1,93,Trousers,Joggers,XS,blue,67,7,2021-05-01,Senior
Jedidiah Sydall,Genderfluid,61,Kiehnstad,Australian Capital Territory,2021-05-13,2021-05-20,3580,96,1,96,Trousers,Drawstring,XS,indigo,61,7,2021-05-01,Senior
Jedidiah Sydall,Genderfluid,61,Kiehnstad,Australian Capital Territory,2021-05-13,2021-05-20,3581,113,2,226,Trousers,Chinos,L,orange,60,7,2021-05-01,Senior
Jedidiah Sydall,Genderfluid,61,Kiehnstad,Australian Capital Territory,2021-05-13,2021-05-20,3582,112,2,224,Trousers,Tracksuit Bottoms,L,blue,72,7,2021-05-01,Senior
Jedidiah Sydall,Genderfluid,61,Kiehnstad,Australian Capital Territory,2021-05-13,2021-05-20,3583,90,1,90,Trousers,Relaxed Leg,L,red,63,7,2021-05-01,Senior
Jedidiah Sydall,Genderfluid,61,Kiehnstad,Australian Capital Territory,2021-05-13,2021-05-20,3584,96,2,192,Shirt,Oxford Cloth,XL,blue,60,7,2021-05-01,Senior
Jedidiah Sydall,Genderfluid,61,Kiehnstad,Australian Capital Territory,2021-05-13,2021-05-20,3585,107,3,321,Jacket,Denim,M,blue,61,7,2021-05-01,Senior
Jedidiah Sydall,Genderfluid,61,Kiehnstad,Australian Capital Territory,2021-05-13,2021-05-20,3586,92,1,92,Shirt,Denim,M,yellow,67,7,2021-05-01,Senior
Jedidiah Sydall,Genderfluid,61,Kiehnstad,Australian Capital Territory,2021-05-13,2021-05-20,3587,112,2,224,Trousers,Tracksuit Bottoms,XS,violet,67,7,2021-05-01,Senior
Jedidiah Sydall,Genderfluid,61,Kiehnstad,Australian Capital Territory,2021-05-13,2021-05-20,3588,96,2,192,Trousers,Drawstring,S,yellow,74,7,2021-05-01,Senior
Jedidiah Sydall,Genderfluid,61,Kiehnstad,Australian Capital Territory,2021-05-13,2021-05-20,3589,113,2,226,Trousers,Chinos,M,blue,41,7,2021-05-01,Senior
Alameda Fincke,Male,43,Matthewstad,Victoria,2021-09-19,2021-09-24,3590,113,3,339,Jacket,Parka,M,red,56,5,2021-09-01,Middle Aged
Alameda Fincke,Male,43,Matthewstad,Victoria,2021-09-19,2021-09-24,3591,107,2,214,Jacket,Denim,XL,yellow,56,5,2021-09-01,Middle Aged
Alameda Fincke,Male,43,Matthewstad,Victoria,2021-09-19,2021-09-24,3592,106,3,318,Shirt,Chambray,M,red,48,5,2021-09-01,Middle Aged
Alameda Fincke,Male,43,Matthewstad,Victoria,2021-09-19,2021-09-24,3593,118,1,118,Shirt,Flannel,XL,indigo,57,5,2021-09-01,Middle Aged
Alameda Fincke,Male,43,Matthewstad,Victoria,2021-09-19,2021-09-24,3594,109,1,109,Jacket,Peacoat,M,blue,71,5,2021-09-01,Middle Aged
Alameda Fincke,Male,43,Matthewstad,Victoria,2021-09-19,2021-09-24,3595,94,1,94,Trousers,Cords,S,green,78,5,2021-09-01,Middle Aged
Alameda Fincke,Male,43,Matthewstad,Victoria,2021-09-19,2021-09-24,3596,102,2,204,Jacket,Windbreaker,XL,red,48,5,2021-09-01,Middle Aged
Alameda Fincke,Male,43,Matthewstad,Victoria,2021-09-19,2021-09-24,3597,109,3,327,Shirt,Mandarin Collar,XL,violet,71,5,2021-09-01,Middle Aged
Alameda Fincke,Male,43,Matthewstad,Victoria,2021-09-19,2021-09-24,3598,100,1,100,Jacket,Bomber,XL,violet,53,5,2021-09-01,Middle Aged
Alameda Fincke,Male,43,Matthewstad,Victoria,2021-05-26,2021-06-22,3653,119,1,119,Shirt,Casual Slim Fit,XL,orange,53,27,2021-05-01,Middle Aged
Alameda Fincke,Male,43,Matthewstad,Victoria,2021-05-26,2021-06-22,3654,96,2,192,Trousers,Drawstring,XL,violet,80,27,2021-05-01,Middle Aged
Alameda Fincke,Male,43,Matthewstad,Victoria,2021-05-26,2021-06-22,3655,113,1,113,Jacket,Parka,S,indigo,53,27,2021-05-01,Middle Aged
Alameda Fincke,Male,43,Matthewstad,Victoria,2021-05-26,2021-06-22,3656,105,3,315,Shirt,Cuban Collar,XL,violet,44,27,2021-05-01,Middle Aged
Alameda Fincke,Male,43,Matthewstad,Victoria,2021-05-26,2021-06-22,3657,96,1,96,Shirt,Oxford Cloth,L,violet,73,27,2021-05-01,Middle Aged
Alameda Fincke,Male,43,Matthewstad,Victoria,2021-05-26,2021-06-22,3658,97,1,97,Trousers,Slim-Fit,S,indigo,41,27,2021-05-01,Middle Aged
Mallory Castellani,Female,38,Williammouth,Victoria,2021-03-12,2021-03-23,3599,102,1,102,Trousers,Cargo Pants,XS,indigo,51,11,2021-03-01,Middle Aged
Mallory Castellani,Female,38,Williammouth,Victoria,2021-03-12,2021-03-23,3600,113,3,339,Trousers,Chinos,S,orange,58,11,2021-03-01,Middle Aged
Mallory Castellani,Female,38,Williammouth,Victoria,2021-03-12,2021-03-23,3601,91,1,91,Jacket,Pullover,M,yellow,49,11,2021-03-01,Middle Aged
Mallory Castellani,Female,38,Williammouth,Victoria,2021-03-12,2021-03-23,3602,94,1,94,Shirt,Henley,XS,indigo,58,11,2021-03-01,Middle Aged
Mallory Castellani,Female,38,Williammouth,Victoria,2021-03-12,2021-03-23,3603,106,3,318,Shirt,Chambray,XS,green,50,11,2021-03-01,Middle Aged
Joy Mirrlees,Agender,58,West Rubyland,Queensland,2021-04-17,2021-05-01,622,107,1,107,Jacket,Denim,XS,red,60,14,2021-04-01,Senior
Joy Mirrlees,Agender,58,West Rubyland,Queensland,2021-04-17,2021-05-01,623,98,2,196,Shirt,Camp Collared,M,violet,41,14,2021-04-01,Senior
Joy Mirrlees,Agender,58,West Rubyland,Queensland,2021-04-17,2021-05-01,624,97,1,97,Trousers,Slim-Fit,XL,violet,48,14,2021-04-01,Senior
Joy Mirrlees,Agender,58,West Rubyland,Queensland,2021-04-17,2021-05-01,625,112,2,224,Trousers,Tracksuit Bottoms,M,red,78,14,2021-04-01,Senior
Joy Mirrlees,Agender,58,West Rubyland,Queensland,2021-04-17,2021-05-01,626,93,3,279,Jacket,Coach,L,indigo,74,14,2021-04-01,Senior
Mallory Castellani,Female,38,Williammouth,Victoria,2021-08-21,2021-09-11,3904,102,1,102,Trousers,Cargo Pants,L,violet,74,21,2021-08-01,Middle Aged
Mallory Castellani,Female,38,Williammouth,Victoria,2021-08-21,2021-09-11,3905,93,2,186,Trousers,Joggers,XS,yellow,62,21,2021-08-01,Middle Aged
Mallory Castellani,Female,38,Williammouth,Victoria,2021-08-21,2021-09-11,3906,96,3,288,Trousers,Drawstring,M,green,52,21,2021-08-01,Middle Aged
Mallory Castellani,Female,38,Williammouth,Victoria,2021-08-21,2021-09-11,3907,92,2,184,Shirt,Denim,XS,blue,76,21,2021-08-01,Middle Aged
Mallory Castellani,Female,38,Williammouth,Victoria,2021-08-21,2021-09-11,3908,92,1,92,Shirt,Denim,L,yellow,75,21,2021-08-01,Middle Aged
Mallory Castellani,Female,38,Williammouth,Victoria,2021-08-21,2021-09-11,3909,112,2,224,Trousers,Tracksuit Bottoms,XS,orange,57,21,2021-08-01,Middle Aged
Mallory Castellani,Female,38,Williammouth,Victoria,2021-06-30,2021-07-04,4502,97,3,291,Trousers,Slim-Fit,XS,indigo,74,4,2021-06-01,Middle Aged
Mallory Castellani,Female,38,Williammouth,Victoria,2021-06-30,2021-07-04,4503,106,3,318,Shirt,Chambray,M,red,48,4,2021-06-01,Middle Aged
Mallory Castellani,Female,38,Williammouth,Victoria,2021-06-30,2021-07-04,4504,98,2,196,Shirt,Camp Collared,M,violet,41,4,2021-06-01,Middle Aged
Mallory Castellani,Female,38,Williammouth,Victoria,2021-06-30,2021-07-04,4505,94,1,94,Shirt,Henley,S,green,68,4,2021-06-01,Middle Aged
Mallory Castellani,Female,38,Williammouth,Victoria,2021-06-30,2021-07-04,4506,96,2,192,Trousers,Drawstring,S,red,64,4,2021-06-01,Middle Aged
Mallory Castellani,Female,38,Williammouth,Victoria,2021-06-30,2021-07-04,4507,96,3,288,Shirt,Oxford Cloth,L,indigo,70,4,2021-06-01,Middle Aged
Barclay Beswick,Male,50,Gleasonburgh,Northern Territory,2021-05-18,2021-06-07,4771,113,3,339,Jacket,Parka,XS,violet,59,20,2021-05-01,Middle Aged
Barclay Beswick,Male,50,Gleasonburgh,Northern Territory,2021-05-18,2021-06-07,4772,113,2,226,Jacket,Parka,M,orange,51,20,2021-05-01,Middle Aged
Barclay Beswick,Male,50,Gleasonburgh,Northern Territory,2021-05-18,2021-06-07,4773,94,2,188,Shirt,Henley,M,indigo,70,20,2021-05-01,Middle Aged
Barclay Beswick,Male,50,Gleasonburgh,Northern Territory,2021-05-18,2021-06-07,4774,112,2,224,Trousers,Tracksuit Bottoms,XS,indigo,63,20,2021-05-01,Middle Aged
Barclay Beswick,Male,50,Gleasonburgh,Northern Territory,2021-05-18,2021-06-07,4775,98,3,294,Jacket,Leather,L,blue,62,20,2021-05-01,Middle Aged
Mallory Castellani,Female,38,Williammouth,Victoria,2021-07-18,2021-08-09,4561,105,1,105,Trousers,Pleated,L,indigo,73,22,2021-07-01,Middle Aged
Mallory Castellani,Female,38,Williammouth,Victoria,2021-07-18,2021-08-09,4562,112,1,112,Jacket,Cardigan,L,green,63,22,2021-07-01,Middle Aged
Mallory Castellani,Female,38,Williammouth,Victoria,2021-07-18,2021-08-09,4563,105,3,315,Shirt,Cuban Collar,XL,indigo,53,22,2021-07-01,Middle Aged
Mallory Castellani,Female,38,Williammouth,Victoria,2021-07-18,2021-08-09,4564,91,3,273,Shirt,Linen,L,green,72,22,2021-07-01,Middle Aged
Mallory Castellani,Female,38,Williammouth,Victoria,2021-07-18,2021-08-09,4565,99,3,297,Trousers,High-Waisted,XL,yellow,78,22,2021-07-01,Middle Aged
Mallory Castellani,Female,38,Williammouth,Victoria,2021-07-18,2021-08-09,4566,102,3,306,Jacket,Windbreaker,M,green,63,22,2021-07-01,Middle Aged
Lorenzo Dutch,Genderfluid,49,Lake Ashleyhaven,Queensland,2021-01-21,2021-02-04,4543,118,1,118,Shirt,Flannel,M,indigo,69,14,2021-01-01,Middle Aged
Lorenzo Dutch,Genderfluid,49,Lake Ashleyhaven,Queensland,2021-01-21,2021-02-04,4544,100,2,200,Jacket,Bomber,XL,orange,69,14,2021-01-01,Middle Aged
Lorenzo Dutch,Genderfluid,49,Lake Ashleyhaven,Queensland,2021-01-21,2021-02-04,4545,98,1,98,Jacket,Leather,L,green,71,14,2021-01-01,Middle Aged
Lorenzo Dutch,Genderfluid,49,Lake Ashleyhaven,Queensland,2021-01-21,2021-02-04,4546,119,3,357,Jacket,Trench Coat,M,indigo,42,14,2021-01-01,Middle Aged
Lorenzo Dutch,Genderfluid,49,Lake Ashleyhaven,Queensland,2021-01-21,2021-02-04,4547,90,1,90,Trousers,Relaxed Leg,M,yellow,68,14,2021-01-01,Middle Aged
Candis Roswarne,Non-binary,46,West Michaelport,Tasmania,2021-05-06,2021-05-19,15,90,1,90,Trousers,Relaxed Leg,L,green,62,13,2021-05-01,Middle Aged
Candis Roswarne,Non-binary,46,West Michaelport,Tasmania,2021-05-06,2021-05-19,16,99,3,297,Trousers,High-Waisted,XL,indigo,57,13,2021-05-01,Middle Aged
Candis Roswarne,Non-binary,46,West Michaelport,Tasmania,2021-05-06,2021-05-19,17,109,1,109,Jacket,Peacoat,XL,violet,42,13,2021-05-01,Middle Aged
Candis Roswarne,Non-binary,46,West Michaelport,Tasmania,2021-05-06,2021-05-19,18,96,3,288,Trousers,Drawstring,L,yellow,68,13,2021-05-01,Middle Aged
Candis Roswarne,Non-binary,46,West Michaelport,Tasmania,2021-05-06,2021-05-19,19,96,2,192,Shirt,Oxford Cloth,M,yellow,56,13,2021-05-01,Middle Aged
Sherwynd Batsford,Polygender,45,Samuelside,New South Wales,2021-07-19,2021-08-01,3078,119,3,357,Shirt,Casual Slim Fit,L,indigo,60,13,2021-07-01,Middle Aged
Sherwynd Batsford,Polygender,45,Samuelside,New South Wales,2021-07-19,2021-08-01,3079,94,1,94,Shirt,Henley,M,blue,42,13,2021-07-01,Middle Aged
Sherwynd Batsford,Polygender,45,Samuelside,New South Wales,2021-07-19,2021-08-01,3080,109,2,218,Shirt,Mandarin Collar,L,indigo,53,13,2021-07-01,Middle Aged
Sherwynd Batsford,Polygender,45,Samuelside,New South Wales,2021-07-19,2021-08-01,3081,93,3,279,Jacket,Coach,M,green,63,13,2021-07-01,Middle Aged
Sherwynd Batsford,Polygender,45,Samuelside,New South Wales,2021-07-19,2021-08-01,3082,112,1,112,Jacket,Cardigan,S,blue,53,13,2021-07-01,Middle Aged
Joelynn Remington,Agender,33,West Lachlan,Queensland,2021-08-25,2021-09-11,3297,105,3,315,Trousers,Pleated,S,indigo,41,17,2021-08-01,Young
Joelynn Remington,Agender,33,West Lachlan,Queensland,2021-08-25,2021-09-11,3298,90,1,90,Trousers,Relaxed Leg,XL,yellow,54,17,2021-08-01,Young
Joelynn Remington,Agender,33,West Lachlan,Queensland,2021-08-25,2021-09-11,3299,112,2,224,Trousers,Tracksuit Bottoms,XL,orange,42,17,2021-08-01,Young
Joelynn Remington,Agender,33,West Lachlan,Queensland,2021-08-25,2021-09-11,3300,91,1,91,Jacket,Pullover,M,yellow,49,17,2021-08-01,Young
Joelynn Remington,Agender,33,West Lachlan,Queensland,2021-08-25,2021-09-11,3301,102,2,204,Trousers,Cargo Pants,M,indigo,51,17,2021-08-01,Young
Joelynn Remington,Agender,33,West Lachlan,Queensland,2021-08-25,2021-09-11,3302,106,1,106,Shirt,Chambray,XS,orange,76,17,2021-08-01,Young
Kristofor Roos,Agender,22,Jordanside,Australian Capital Territory,2021-05-30,2021-06-21,210,118,1,118,Jacket,Puffer,S,blue,76,22,2021-05-01,Young
Kristofor Roos,Agender,22,Jordanside,Australian Capital Territory,2021-05-30,2021-06-21,211,119,3,357,Jacket,Trench Coat,XS,orange,69,22,2021-05-01,Young
Kristofor Roos,Agender,22,Jordanside,Australian Capital Territory,2021-05-30,2021-06-21,212,90,2,180,Trousers,Relaxed Leg,M,blue,72,22,2021-05-01,Young
Kristofor Roos,Agender,22,Jordanside,Australian Capital Territory,2021-05-30,2021-06-21,213,109,3,327,Shirt,Mandarin Collar,XS,violet,52,22,2021-05-01,Young
Kristofor Roos,Agender,22,Jordanside,Australian Capital Territory,2021-05-30,2021-06-21,214,112,2,224,Trousers,Tracksuit Bottoms,L,indigo,50,22,2021-05-01,Young
Kristofor Roos,Agender,22,Jordanside,Australian Capital Territory,2021-05-30,2021-06-21,215,112,1,112,Trousers,Tracksuit Bottoms,L,violet,45,22,2021-05-01,Young
Gertrude Harriott,Bigender,68,Amyton,Australian Capital Territory,2021-05-06,2021-05-27,1956,119,2,238,Shirt,Casual Slim Fit,S,yellow,45,21,2021-05-01,Senior
Gertrude Harriott,Bigender,68,Amyton,Australian Capital Territory,2021-05-06,2021-05-27,1957,102,3,306,Trousers,Cargo Pants,L,blue,77,21,2021-05-01,Senior
Gertrude Harriott,Bigender,68,Amyton,Australian Capital Territory,2021-05-06,2021-05-27,1958,118,2,236,Shirt,Flannel,L,violet,76,21,2021-05-01,Senior
Gertrude Harriott,Bigender,68,Amyton,Australian Capital Territory,2021-05-06,2021-05-27,1959,105,3,315,Trousers,Pleated,M,green,41,21,2021-05-01,Senior
Gertrude Harriott,Bigender,68,Amyton,Australian Capital Territory,2021-05-06,2021-05-27,1960,93,2,186,Jacket,Coach,XL,green,48,21,2021-05-01,Senior
Codie Everly,Genderfluid,51,Port Christopher,South Australia,2021-06-17,2021-07-14,148,115,3,345,Trousers,Cropped,S,yellow,65,27,2021-06-01,Middle Aged
Codie Everly,Genderfluid,51,Port Christopher,South Australia,2021-06-17,2021-07-14,149,109,1,109,Shirt,Mandarin Collar,L,orange,56,27,2021-06-01,Middle Aged
Codie Everly,Genderfluid,51,Port Christopher,South Australia,2021-06-17,2021-07-14,150,96,3,288,Shirt,Oxford Cloth,M,blue,57,27,2021-06-01,Middle Aged
Stanleigh Hazelton,Female,25,Hamiltonshire,Western Australia,2021-09-26,2021-10-15,1234,117,3,351,Jacket,Shearling,S,red,75,19,2021-09-01,Young
Stanleigh Hazelton,Female,25,Hamiltonshire,Western Australia,2021-09-26,2021-10-15,1235,107,2,214,Jacket,Denim,M,green,79,19,2021-09-01,Young
Herbert Rock,Female,79,West Aaron,New South Wales,2021-08-28,2021-09-04,3604,113,3,339,Trousers,Chinos,XS,green,75,7,2021-08-01,Senior
Herbert Rock,Female,79,West Aaron,New South Wales,2021-08-28,2021-09-04,3605,118,3,354,Jacket,Puffer,L,indigo,61,7,2021-08-01,Senior
Herbert Rock,Female,79,West Aaron,New South Wales,2021-08-28,2021-09-04,3606,98,1,98,Jacket,Leather,L,green,71,7,2021-08-01,Senior
Herbert Rock,Female,79,West Aaron,New South Wales,2021-08-28,2021-09-04,3607,99,1,99,Trousers,High-Waisted,M,orange,69,7,2021-08-01,Senior
Herbert Rock,Female,79,West Aaron,New South Wales,2021-08-28,2021-09-04,3608,96,3,288,Trousers,Drawstring,S,yellow,74,7,2021-08-01,Senior
Cristen Hagley,Bigender,25,Lake Gabriella,Victoria,2021-10-16,2021-10-19,1497,109,3,327,Jacket,Peacoat,L,violet,65,3,2021-10-01,Young
Eba Bauser,Bigender,26,Audreyport,Tasmania,2021-03-04,2021-03-28,3618,113,2,226,Jacket,Parka,L,indigo,44,24,2021-03-01,Young
Eba Bauser,Bigender,26,Audreyport,Tasmania,2021-03-04,2021-03-28,3619,105,3,315,Trousers,Pleated,L,red,70,24,2021-03-01,Young
Eba Bauser,Bigender,26,Audreyport,Tasmania,2021-03-04,2021-03-28,3620,91,2,182,Jacket,Pullover,S,blue,73,24,2021-03-01,Young
Eba Bauser,Bigender,26,Audreyport,Tasmania,2021-03-04,2021-03-28,3621,102,3,306,Jacket,Windbreaker,S,blue,41,24,2021-03-01,Young
Eba Bauser,Bigender,26,Audreyport,Tasmania,2021-03-04,2021-03-28,3622,106,2,212,Trousers,Wool,M,violet,51,24,2021-03-01,Young
Eba Bauser,Bigender,26,Audreyport,Tasmania,2021-03-04,2021-03-28,3623,113,2,226,Jacket,Parka,XS,red,65,24,2021-03-01,Young
Eba Bauser,Bigender,26,Audreyport,Tasmania,2021-03-04,2021-03-28,3624,112,2,224,Jacket,Cardigan,XS,violet,40,24,2021-03-01,Young
Barclay Beswick,Male,50,Gleasonburgh,Northern Territory,2021-02-13,2021-03-08,1502,112,1,112,Jacket,Cardigan,L,red,41,23,2021-02-01,Middle Aged
Barclay Beswick,Male,50,Gleasonburgh,Northern Territory,2021-02-13,2021-03-08,1503,113,3,339,Jacket,Parka,L,yellow,72,23,2021-02-01,Middle Aged
Barclay Beswick,Male,50,Gleasonburgh,Northern Territory,2021-02-13,2021-03-08,1504,96,3,288,Trousers,Drawstring,XL,violet,80,23,2021-02-01,Middle Aged
Christi Reston,Male,26,Hicklebury,New South Wales,2021-08-08,2021-09-02,526,96,2,192,Trousers,Drawstring,M,yellow,55,25,2021-08-01,Young
Christi Reston,Male,26,Hicklebury,New South Wales,2021-08-08,2021-09-02,527,95,2,190,Shirt,Polo,XS,green,45,25,2021-08-01,Young
Christi Reston,Male,26,Hicklebury,New South Wales,2021-08-08,2021-09-02,528,106,3,318,Trousers,Wool,M,green,41,25,2021-08-01,Young
Christi Reston,Male,26,Hicklebury,New South Wales,2021-08-08,2021-09-02,529,109,1,109,Jacket,Peacoat,XS,orange,78,25,2021-08-01,Young
Christi Reston,Male,26,Hicklebury,New South Wales,2021-08-08,2021-09-02,530,106,3,318,Trousers,Wool,S,yellow,69,25,2021-08-01,Young
Christi Reston,Male,26,Hicklebury,New South Wales,2021-08-08,2021-09-02,531,97,2,194,Trousers,Slim-Fit,XS,blue,55,25,2021-08-01,Young
Christi Reston,Male,26,Hicklebury,New South Wales,2021-08-08,2021-09-02,532,91,1,91,Shirt,Linen,S,violet,44,25,2021-08-01,Young
Kalil Thal,Polygender,77,Lake Jacobborough,Victoria,2021-10-10,2021-10-25,1071,94,2,188,Trousers,Cords,L,red,53,15,2021-10-01,Senior
Kalil Thal,Polygender,77,Lake Jacobborough,Victoria,2021-10-10,2021-10-25,1072,106,3,318,Trousers,Wool,XS,blue,58,15,2021-10-01,Senior
Kalil Thal,Polygender,77,Lake Jacobborough,Victoria,2021-10-10,2021-10-25,1073,118,1,118,Shirt,Flannel,M,indigo,69,15,2021-10-01,Senior
Kalil Thal,Polygender,77,Lake Jacobborough,Victoria,2021-10-10,2021-10-25,1074,118,3,354,Jacket,Puffer,M,green,72,15,2021-10-01,Senior
Cecilla Pigford,Non-binary,38,Samanthatown,Western Australia,2021-04-08,2021-04-25,249,119,1,119,Jacket,Trench Coat,M,green,67,17,2021-04-01,Middle Aged
Kakalina Ragge,Genderqueer,42,South Alexandraview,Queensland,2021-10-22,2021-11-11,408,112,3,336,Trousers,Tracksuit Bottoms,M,blue,61,20,2021-10-01,Middle Aged
Kakalina Ragge,Genderqueer,42,South Alexandraview,Queensland,2021-10-22,2021-11-11,409,112,3,336,Trousers,Tracksuit Bottoms,XL,violet,60,20,2021-10-01,Middle Aged
Jolee Stailey,Bigender,62,Josephmouth,Queensland,2021-07-20,2021-08-13,3010,94,3,282,Trousers,Cords,XL,indigo,70,24,2021-07-01,Senior
Jolee Stailey,Bigender,62,Josephmouth,Queensland,2021-07-20,2021-08-13,3011,91,1,91,Shirt,Linen,XL,indigo,66,24,2021-07-01,Senior
Jolee Stailey,Bigender,62,Josephmouth,Queensland,2021-07-20,2021-08-13,3012,91,2,182,Shirt,Linen,L,blue,70,24,2021-07-01,Senior
Jolee Stailey,Bigender,62,Josephmouth,Queensland,2021-07-20,2021-08-13,3013,97,1,97,Trousers,Slim-Fit,XS,yellow,59,24,2021-07-01,Senior
Jolee Stailey,Bigender,62,Josephmouth,Queensland,2021-07-20,2021-08-13,3014,92,2,184,Shirt,Denim,M,blue,58,24,2021-07-01,Senior
Jolee Stailey,Bigender,62,Josephmouth,Queensland,2021-07-20,2021-08-13,3015,98,2,196,Shirt,Camp Collared,XS,blue,47,24,2021-07-01,Senior
Shena Solomonides,Bigender,68,Zacshire,New South Wales,2021-09-15,2021-10-05,3629,112,2,224,Jacket,Cardigan,M,yellow,64,20,2021-09-01,Senior
Shena Solomonides,Bigender,68,Zacshire,New South Wales,2021-09-15,2021-10-05,3630,92,2,184,Shirt,Denim,S,indigo,69,20,2021-09-01,Senior
Katalin Tellesson,Agender,29,Port Jade,Western Australia,2021-06-10,2021-06-27,863,98,2,196,Shirt,Camp Collared,M,orange,65,17,2021-06-01,Young
Katalin Tellesson,Agender,29,Port Jade,Western Australia,2021-06-10,2021-06-27,864,119,2,238,Jacket,Trench Coat,XS,red,78,17,2021-06-01,Young
Katalin Tellesson,Agender,29,Port Jade,Western Australia,2021-06-10,2021-06-27,865,91,3,273,Jacket,Pullover,L,green,72,17,2021-06-01,Young
Katalin Tellesson,Agender,29,Port Jade,Western Australia,2021-06-10,2021-06-27,866,94,2,188,Shirt,Henley,XS,yellow,42,17,2021-06-01,Young
Katalin Tellesson,Agender,29,Port Jade,Western Australia,2021-06-10,2021-06-27,867,112,1,112,Trousers,Tracksuit Bottoms,XS,yellow,76,17,2021-06-01,Young
Katalin Tellesson,Agender,29,Port Jade,Western Australia,2021-06-10,2021-06-27,868,107,3,321,Jacket,Denim,XL,indigo,51,17,2021-06-01,Young
Ashley Gant,Polygender,40,Dietrichville,South Australia,2021-06-20,2021-06-30,423,90,2,180,Trousers,Relaxed Leg,XS,yellow,44,10,2021-06-01,Middle Aged
Ashley Gant,Polygender,40,Dietrichville,South Australia,2021-06-20,2021-06-30,424,102,1,102,Trousers,Cargo Pants,L,red,61,10,2021-06-01,Middle Aged
Ashley Gant,Polygender,40,Dietrichville,South Australia,2021-06-20,2021-06-30,425,109,2,218,Shirt,Mandarin Collar,XS,violet,52,10,2021-06-01,Middle Aged
Ashley Gant,Polygender,40,Dietrichville,South Australia,2021-06-20,2021-06-30,426,119,1,119,Shirt,Casual Slim Fit,XS,yellow,63,10,2021-06-01,Middle Aged
Ashley Gant,Polygender,40,Dietrichville,South Australia,2021-06-20,2021-06-30,427,105,2,210,Trousers,Pleated,L,violet,48,10,2021-06-01,Middle Aged
Ashley Gant,Polygender,40,Dietrichville,South Australia,2021-06-20,2021-06-30,428,96,1,96,Trousers,Drawstring,XS,violet,62,10,2021-06-01,Middle Aged
Kendall Jakubski,Male,78,Port Liam,South Australia,2021-06-20,2021-07-10,3641,106,3,318,Shirt,Chambray,S,yellow,40,20,2021-06-01,Senior
Kendall Jakubski,Male,78,Port Liam,South Australia,2021-06-20,2021-07-10,3642,106,1,106,Shirt,Chambray,S,green,63,20,2021-06-01,Senior
Kendall Jakubski,Male,78,Port Liam,South Australia,2021-06-20,2021-07-10,3643,112,3,336,Trousers,Tracksuit Bottoms,M,orange,47,20,2021-06-01,Senior
Kendall Jakubski,Male,78,Port Liam,South Australia,2021-06-20,2021-07-10,3644,105,3,315,Shirt,Cuban Collar,XS,violet,49,20,2021-06-01,Senior
Kendall Jakubski,Male,78,Port Liam,South Australia,2021-06-20,2021-07-10,3645,99,1,99,Trousers,High-Waisted,M,blue,52,20,2021-06-01,Senior
Kendall Jakubski,Male,78,Port Liam,South Australia,2021-06-20,2021-07-10,3646,91,2,182,Shirt,Linen,S,green,58,20,2021-06-01,Senior
Kendall Jakubski,Male,78,Port Liam,South Australia,2021-04-11,2021-04-21,4332,93,2,186,Jacket,Coach,L,blue,80,10,2021-04-01,Senior
Kendall Jakubski,Male,78,Port Liam,South Australia,2021-04-11,2021-04-21,4333,102,2,204,Trousers,Cargo Pants,M,blue,64,10,2021-04-01,Senior
Kendall Jakubski,Male,78,Port Liam,South Australia,2021-04-11,2021-04-21,4334,109,2,218,Jacket,Peacoat,M,blue,71,10,2021-04-01,Senior
Kendall Jakubski,Male,78,Port Liam,South Australia,2021-04-11,2021-04-21,4335,113,1,113,Trousers,Chinos,S,orange,58,10,2021-04-01,Senior
Sandy Yushachkov,Genderfluid,35,Claudiaview,Western Australia,2021-10-08,2021-10-20,1113,102,2,204,Jacket,Windbreaker,L,violet,72,12,2021-10-01,Young
Sandy Yushachkov,Genderfluid,35,Claudiaview,Western Australia,2021-10-08,2021-10-20,1114,113,1,113,Jacket,Parka,XS,violet,59,12,2021-10-01,Young
Sandy Yushachkov,Genderfluid,35,Claudiaview,Western Australia,2021-10-08,2021-10-20,1115,91,3,273,Shirt,Linen,XS,orange,70,12,2021-10-01,Young
Ashlie Godwyn,Polygender,46,Baileyberg,Western Australia,2021-01-12,2021-01-31,3121,109,3,327,Shirt,Mandarin Collar,XS,yellow,45,19,2021-01-01,Middle Aged
Ashlie Godwyn,Polygender,46,Baileyberg,Western Australia,2021-01-12,2021-01-31,3122,96,2,192,Trousers,Drawstring,L,violet,62,19,2021-01-01,Middle Aged
Ashlie Godwyn,Polygender,46,Baileyberg,Western Australia,2021-01-12,2021-01-31,3123,93,2,186,Trousers,Joggers,M,yellow,72,19,2021-01-01,Middle Aged
Ashlie Godwyn,Polygender,46,Baileyberg,Western Australia,2021-01-12,2021-01-31,3124,93,3,279,Trousers,Joggers,XL,violet,40,19,2021-01-01,Middle Aged
Ashlie Godwyn,Polygender,46,Baileyberg,Western Australia,2021-01-12,2021-01-31,3125,94,3,282,Trousers,Cords,M,orange,53,19,2021-01-01,Middle Aged
Ellene Dedam,Agender,25,Islamouth,Western Australia,2021-01-12,2021-01-25,1952,99,3,297,Trousers,High-Waisted,S,indigo,79,13,2021-01-01,Young
Ellene Dedam,Agender,25,Islamouth,Western Australia,2021-01-12,2021-01-25,1953,118,1,118,Shirt,Flannel,XL,orange,50,13,2021-01-01,Young
Ellene Dedam,Agender,25,Islamouth,Western Australia,2021-01-12,2021-01-25,1954,99,2,198,Trousers,High-Waisted,S,red,80,13,2021-01-01,Young
Ellene Dedam,Agender,25,Islamouth,Western Australia,2021-01-12,2021-01-25,1955,93,1,93,Trousers,Joggers,S,orange,43,13,2021-01-01,Young
Whitaker Pashen,Female,55,Justinport,Queensland,2021-06-21,2021-07-02,3647,113,1,113,Jacket,Parka,S,violet,67,11,2021-06-01,Middle Aged
Whitaker Pashen,Female,55,Justinport,Queensland,2021-06-21,2021-07-02,3648,98,3,294,Shirt,Camp Collared,S,red,67,11,2021-06-01,Middle Aged
Whitaker Pashen,Female,55,Justinport,Queensland,2021-06-21,2021-07-02,3649,107,2,214,Jacket,Denim,S,yellow,43,11,2021-06-01,Middle Aged
Engracia Abilowitz,Male,45,North Beau,Western Australia,2021-05-16,2021-05-31,1774,106,3,318,Shirt,Chambray,M,yellow,62,15,2021-05-01,Middle Aged
Engracia Abilowitz,Male,45,North Beau,Western Australia,2021-05-16,2021-05-31,1775,113,2,226,Jacket,Parka,XL,indigo,78,15,2021-05-01,Middle Aged
Engracia Abilowitz,Male,45,North Beau,Western Australia,2021-05-16,2021-05-31,1776,93,1,93,Trousers,Joggers,XL,green,56,15,2021-05-01,Middle Aged
Engracia Abilowitz,Male,45,North Beau,Western Australia,2021-05-16,2021-05-31,1777,105,1,105,Trousers,Pleated,L,red,70,15,2021-05-01,Middle Aged
Ira Dafforne,Non-binary,57,Sophiemouth,Tasmania,2021-08-28,2021-09-10,3481,105,2,210,Shirt,Cuban Collar,XL,violet,44,13,2021-08-01,Senior
Ira Dafforne,Non-binary,57,Sophiemouth,Tasmania,2021-08-28,2021-09-10,3482,96,2,192,Trousers,Drawstring,XL,red,77,13,2021-08-01,Senior
Ira Dafforne,Non-binary,57,Sophiemouth,Tasmania,2021-08-28,2021-09-10,3483,118,1,118,Jacket,Puffer,L,violet,49,13,2021-08-01,Senior
Ira Dafforne,Non-binary,57,Sophiemouth,Tasmania,2021-08-28,2021-09-10,3484,109,3,327,Shirt,Mandarin Collar,XL,red,64,13,2021-08-01,Senior
Mira Heinonen,Female,62,South Declan,Queensland,2021-04-11,2021-05-03,1899,113,3,339,Trousers,Chinos,M,red,54,22,2021-04-01,Senior
Mira Heinonen,Female,62,South Declan,Queensland,2021-04-11,2021-05-03,1900,107,3,321,Jacket,Denim,XS,blue,49,22,2021-04-01,Senior
Mira Heinonen,Female,62,South Declan,Queensland,2021-04-11,2021-05-03,1901,118,3,354,Jacket,Puffer,M,green,72,22,2021-04-01,Senior
Mira Heinonen,Female,62,South Declan,Queensland,2021-04-11,2021-05-03,1902,105,3,315,Trousers,Pleated,L,indigo,73,22,2021-04-01,Senior
Mira Heinonen,Female,62,South Declan,Queensland,2021-04-11,2021-05-03,1903,119,3,357,Jacket,Trench Coat,L,red,70,22,2021-04-01,Senior
Mira Heinonen,Female,62,South Declan,Queensland,2021-04-11,2021-05-03,1904,93,2,186,Trousers,Joggers,XL,indigo,66,22,2021-04-01,Senior
Mira Heinonen,Female,62,South Declan,Queensland,2021-04-11,2021-05-03,1905,115,3,345,Trousers,Cropped,XL,indigo,58,22,2021-04-01,Senior
Alexis Maps,Bigender,25,Morissetteborough,Queensland,2021-01-25,2021-02-05,415,99,3,297,Trousers,High-Waisted,L,yellow,77,11,2021-01-01,Young
Alexis Maps,Bigender,25,Morissetteborough,Queensland,2021-01-25,2021-02-05,416,107,1,107,Jacket,Denim,XL,blue,80,11,2021-01-01,Young
Alexis Maps,Bigender,25,Morissetteborough,Queensland,2021-01-25,2021-02-05,417,102,2,204,Jacket,Windbreaker,M,orange,45,11,2021-01-01,Young
Alexis Maps,Bigender,25,Morissetteborough,Queensland,2021-01-25,2021-02-05,418,99,2,198,Trousers,High-Waisted,M,yellow,45,11,2021-01-01,Young
Alexis Maps,Bigender,25,Morissetteborough,Queensland,2021-01-25,2021-02-05,419,119,3,357,Shirt,Casual Slim Fit,XS,violet,55,11,2021-01-01,Young
Alexis Maps,Bigender,25,Morissetteborough,Queensland,2021-01-25,2021-02-05,420,107,2,214,Jacket,Denim,S,orange,51,11,2021-01-01,Young
Alexis Maps,Bigender,25,Morissetteborough,Queensland,2021-01-25,2021-02-05,421,115,1,115,Trousers,Cropped,S,orange,78,11,2021-01-01,Young
Alexis Maps,Bigender,25,Morissetteborough,Queensland,2021-01-25,2021-02-05,422,109,2,218,Jacket,Peacoat,M,orange,47,11,2021-01-01,Young
Claudio Archibould,Bigender,31,North Aidentown,Northern Territory,2021-02-22,2021-03-17,837,99,1,99,Trousers,High-Waisted,XL,green,78,23,2021-02-01,Young
Claudio Archibould,Bigender,31,North Aidentown,Northern Territory,2021-02-22,2021-03-17,838,93,3,279,Jacket,Coach,XL,red,46,23,2021-02-01,Young
Claudio Archibould,Bigender,31,North Aidentown,Northern Territory,2021-02-22,2021-03-17,839,91,1,91,Jacket,Pullover,XS,indigo,78,23,2021-02-01,Young
Regan Gronaller,Polygender,59,Port Claudia,New South Wales,2021-05-09,2021-05-29,3650,93,3,279,Jacket,Coach,XS,blue,51,20,2021-05-01,Senior
Regan Gronaller,Polygender,59,Port Claudia,New South Wales,2021-05-09,2021-05-29,3651,102,1,102,Trousers,Cargo Pants,M,blue,64,20,2021-05-01,Senior
Regan Gronaller,Polygender,59,Port Claudia,New South Wales,2021-05-09,2021-05-29,3652,95,2,190,Shirt,Polo,L,violet,76,20,2021-05-01,Senior
Joelynn Remington,Agender,33,West Lachlan,Queensland,2021-06-25,2021-07-14,476,95,2,190,Shirt,Polo,XL,blue,70,19,2021-06-01,Young
Joelynn Remington,Agender,33,West Lachlan,Queensland,2021-06-25,2021-07-14,477,96,1,96,Trousers,Drawstring,XL,green,49,19,2021-06-01,Young
Regan Gronaller,Polygender,59,Port Claudia,New South Wales,2021-02-20,2021-02-28,3773,119,1,119,Shirt,Casual Slim Fit,XL,orange,53,8,2021-02-01,Senior
Regan Gronaller,Polygender,59,Port Claudia,New South Wales,2021-02-20,2021-02-28,3774,109,1,109,Jacket,Peacoat,M,orange,47,8,2021-02-01,Senior
Regan Gronaller,Polygender,59,Port Claudia,New South Wales,2021-02-20,2021-02-28,3775,106,3,318,Trousers,Wool,L,red,74,8,2021-02-01,Senior
Artemas Vasilischev,Bigender,53,South Rileyview,Western Australia,2021-03-23,2021-03-24,20,91,2,182,Shirt,Linen,L,orange,73,1,2021-03-01,Middle Aged
Artemas Vasilischev,Bigender,53,South Rileyview,Western Australia,2021-03-23,2021-03-24,21,118,2,236,Jacket,Puffer,XS,blue,57,1,2021-03-01,Middle Aged
Artemas Vasilischev,Bigender,53,South Rileyview,Western Australia,2021-03-23,2021-03-24,22,96,3,288,Shirt,Oxford Cloth,S,red,53,1,2021-03-01,Middle Aged
Artemas Vasilischev,Bigender,53,South Rileyview,Western Australia,2021-03-23,2021-03-24,23,117,3,351,Jacket,Shearling,XS,indigo,68,1,2021-03-01,Middle Aged
Artemas Vasilischev,Bigender,53,South Rileyview,Western Australia,2021-03-23,2021-03-24,24,105,3,315,Trousers,Pleated,XL,green,55,1,2021-03-01,Middle Aged
Artemas Vasilischev,Bigender,53,South Rileyview,Western Australia,2021-03-23,2021-03-24,25,93,3,279,Jacket,Coach,XS,orange,42,1,2021-03-01,Middle Aged
Artemas Vasilischev,Bigender,53,South Rileyview,Western Australia,2021-03-23,2021-03-24,26,93,3,279,Jacket,Coach,XL,orange,46,1,2021-03-01,Middle Aged
Artemas Vasilischev,Bigender,53,South Rileyview,Western Australia,2021-03-23,2021-03-24,27,113,1,113,Jacket,Parka,XS,violet,59,1,2021-03-01,Middle Aged
Jacquelin Santostefano.,Non-binary,42,Willowmouth,Queensland,2021-05-25,2021-05-28,1642,117,2,234,Jacket,Shearling,L,red,40,3,2021-05-01,Middle Aged
Jacquelin Santostefano.,Non-binary,42,Willowmouth,Queensland,2021-05-25,2021-05-28,1643,100,1,100,Jacket,Bomber,L,green,78,3,2021-05-01,Middle Aged
Jacquelin Santostefano.,Non-binary,42,Willowmouth,Queensland,2021-05-25,2021-05-28,1644,97,3,291,Trousers,Slim-Fit,L,violet,58,3,2021-05-01,Middle Aged
Jacquelin Santostefano.,Non-binary,42,Willowmouth,Queensland,2021-05-25,2021-05-28,1645,94,1,94,Shirt,Henley,L,orange,77,3,2021-05-01,Middle Aged
Jacquelin Santostefano.,Non-binary,42,Willowmouth,Queensland,2021-05-25,2021-05-28,1646,112,2,224,Jacket,Cardigan,XS,indigo,70,3,2021-05-01,Middle Aged
Dannie Fidler,Genderfluid,32,East Max,Tasmania,2021-01-10,2021-01-27,803,90,3,270,Trousers,Relaxed Leg,M,blue,72,17,2021-01-01,Young
Dannie Fidler,Genderfluid,32,East Max,Tasmania,2021-01-10,2021-01-27,804,115,3,345,Trousers,Cropped,M,indigo,73,17,2021-01-01,Young
Dannie Fidler,Genderfluid,32,East Max,Tasmania,2021-01-10,2021-01-27,805,96,1,96,Shirt,Oxford Cloth,XL,green,42,17,2021-01-01,Young
Dannie Fidler,Genderfluid,32,East Max,Tasmania,2021-01-10,2021-01-27,806,107,1,107,Jacket,Denim,XL,green,59,17,2021-01-01,Young
Dannie Fidler,Genderfluid,32,East Max,Tasmania,2021-01-10,2021-01-27,807,112,2,224,Jacket,Cardigan,XS,yellow,46,17,2021-01-01,Young
Tomaso Mullin,Genderqueer,25,New Ava,Queensland,2021-09-14,2021-09-17,3276,96,1,96,Shirt,Oxford Cloth,S,blue,51,3,2021-09-01,Young
Tomaso Mullin,Genderqueer,25,New Ava,Queensland,2021-09-14,2021-09-17,3277,106,1,106,Trousers,Wool,XS,yellow,67,3,2021-09-01,Young
Tomaso Mullin,Genderqueer,25,New Ava,Queensland,2021-09-14,2021-09-17,3278,99,2,198,Trousers,High-Waisted,XL,indigo,57,3,2021-09-01,Young
Tomaso Mullin,Genderqueer,25,New Ava,Queensland,2021-09-14,2021-09-17,3279,113,3,339,Trousers,Chinos,XL,orange,48,3,2021-09-01,Young
Tomaso Mullin,Genderqueer,25,New Ava,Queensland,2021-09-14,2021-09-17,3280,117,3,351,Jacket,Shearling,S,blue,72,3,2021-09-01,Young
Tomaso Mullin,Genderqueer,25,New Ava,Queensland,2021-09-14,2021-09-17,3281,106,1,106,Shirt,Chambray,XS,yellow,57,3,2021-09-01,Young
Guthry Ure,Polygender,35,Kreigerberg,Tasmania,2021-05-26,2021-05-30,3681,117,3,351,Jacket,Shearling,XL,orange,60,4,2021-05-01,Young
Guthry Ure,Polygender,35,Kreigerberg,Tasmania,2021-05-26,2021-05-30,3682,93,3,279,Trousers,Joggers,S,green,76,4,2021-05-01,Young
Guthry Ure,Polygender,35,Kreigerberg,Tasmania,2021-05-26,2021-05-30,3683,98,1,98,Jacket,Leather,M,indigo,71,4,2021-05-01,Young
Guthry Ure,Polygender,35,Kreigerberg,Tasmania,2021-05-26,2021-05-30,3684,91,2,182,Jacket,Pullover,XS,violet,61,4,2021-05-01,Young
Guthry Ure,Polygender,35,Kreigerberg,Tasmania,2021-05-26,2021-05-30,3685,99,1,99,Trousers,High-Waisted,XS,orange,55,4,2021-05-01,Young
Guthry Ure,Polygender,35,Kreigerberg,Tasmania,2021-05-26,2021-05-30,3686,95,2,190,Shirt,Polo,S,orange,78,4,2021-05-01,Young
Guthry Ure,Polygender,35,Kreigerberg,Tasmania,2021-05-26,2021-05-30,3687,93,2,186,Jacket,Coach,XL,violet,60,4,2021-05-01,Young
Guthry Ure,Polygender,35,Kreigerberg,Tasmania,2021-05-26,2021-05-30,3688,112,1,112,Trousers,Tracksuit Bottoms,XS,indigo,63,4,2021-05-01,Young
Guthry Ure,Polygender,35,Kreigerberg,Tasmania,2021-05-26,2021-05-30,3689,118,2,236,Shirt,Flannel,L,indigo,62,4,2021-05-01,Young
Anders Couvert,Non-binary,80,East Sienna,New South Wales,2021-04-01,2021-04-15,1756,119,3,357,Shirt,Casual Slim Fit,M,yellow,76,14,2021-04-01,Senior
Anders Couvert,Non-binary,80,East Sienna,New South Wales,2021-04-01,2021-04-15,1757,98,3,294,Jacket,Leather,XL,indigo,52,14,2021-04-01,Senior
Anders Couvert,Non-binary,80,East Sienna,New South Wales,2021-04-01,2021-04-15,1758,105,2,210,Trousers,Pleated,XL,green,55,14,2021-04-01,Senior
Anders Couvert,Non-binary,80,East Sienna,New South Wales,2021-04-01,2021-04-15,1759,99,2,198,Trousers,High-Waisted,XL,yellow,78,14,2021-04-01,Senior
Anders Couvert,Non-binary,80,East Sienna,New South Wales,2021-04-01,2021-04-15,1760,119,3,357,Jacket,Trench Coat,S,green,53,14,2021-04-01,Senior
Anders Couvert,Non-binary,80,East Sienna,New South Wales,2021-04-01,2021-04-15,1761,91,1,91,Shirt,Linen,XL,orange,59,14,2021-04-01,Senior
Anders Couvert,Non-binary,80,East Sienna,New South Wales,2021-04-01,2021-04-15,1762,119,1,119,Jacket,Trench Coat,M,indigo,42,14,2021-04-01,Senior
Pierre Rockwill,Non-binary,33,Port Jordan,Western Australia,2021-08-14,2021-08-17,1535,113,2,226,Trousers,Chinos,XL,indigo,78,3,2021-08-01,Young
Pierre Rockwill,Non-binary,33,Port Jordan,Western Australia,2021-08-14,2021-08-17,1536,117,3,351,Jacket,Shearling,XS,yellow,66,3,2021-08-01,Young
Pierre Rockwill,Non-binary,33,Port Jordan,Western Australia,2021-08-14,2021-08-17,1537,94,3,282,Trousers,Cords,XL,orange,72,3,2021-08-01,Young
Pierre Rockwill,Non-binary,33,Port Jordan,Western Australia,2021-08-14,2021-08-17,1538,112,3,336,Trousers,Tracksuit Bottoms,M,violet,73,3,2021-08-01,Young
Pierre Rockwill,Non-binary,33,Port Jordan,Western Australia,2021-08-14,2021-08-17,1539,98,1,98,Shirt,Camp Collared,XS,violet,72,3,2021-08-01,Young
Pierre Rockwill,Non-binary,33,Port Jordan,Western Australia,2021-08-14,2021-08-17,1540,117,3,351,Jacket,Shearling,XL,blue,79,3,2021-08-01,Young
Pierre Rockwill,Non-binary,33,Port Jordan,Western Australia,2021-08-14,2021-08-17,1541,96,3,288,Trousers,Drawstring,XS,indigo,61,3,2021-08-01,Young
Elaina Agate,Male,60,Richardshaven,South Australia,2021-07-16,2021-08-09,3690,95,3,285,Shirt,Polo,XS,green,45,24,2021-07-01,Senior
Elaina Agate,Male,60,Richardshaven,South Australia,2021-07-16,2021-08-09,3691,105,3,315,Trousers,Pleated,XS,orange,74,24,2021-07-01,Senior
Elaina Agate,Male,60,Richardshaven,South Australia,2021-07-16,2021-08-09,3692,94,2,188,Shirt,Henley,M,orange,70,24,2021-07-01,Senior
Elaina Agate,Male,60,Richardshaven,South Australia,2021-07-16,2021-08-09,3693,105,2,210,Trousers,Pleated,M,orange,57,24,2021-07-01,Senior
Lauryn Deport,Female,29,Bayermouth,South Australia,2021-05-29,2021-06-14,1701,97,2,194,Trousers,Slim-Fit,L,orange,66,16,2021-05-01,Young
Lauryn Deport,Female,29,Bayermouth,South Australia,2021-05-29,2021-06-14,1702,118,1,118,Jacket,Puffer,XL,violet,40,16,2021-05-01,Young
Lauryn Deport,Female,29,Bayermouth,South Australia,2021-05-29,2021-06-14,1703,97,1,97,Trousers,Slim-Fit,M,yellow,55,16,2021-05-01,Young
Lauryn Deport,Female,29,Bayermouth,South Australia,2021-05-29,2021-06-14,1704,93,3,279,Jacket,Coach,XL,yellow,68,16,2021-05-01,Young
Rowena Doe,Non-binary,52,Codyfort,New South Wales,2021-09-14,2021-09-23,3694,93,2,186,Jacket,Coach,XS,green,78,9,2021-09-01,Middle Aged
Rowena Doe,Non-binary,52,Codyfort,New South Wales,2021-09-14,2021-09-23,3695,104,2,208,Shirt,Dress,M,yellow,61,9,2021-09-01,Middle Aged
Rowena Doe,Non-binary,52,Codyfort,New South Wales,2021-09-14,2021-09-23,3696,98,3,294,Jacket,Leather,XL,yellow,67,9,2021-09-01,Middle Aged
Rey Grasner,Genderqueer,27,Cassinport,Western Australia,2021-02-28,2021-03-02,2190,99,1,99,Trousers,High-Waisted,XS,red,74,2,2021-02-01,Young
Rey Grasner,Genderqueer,27,Cassinport,Western Australia,2021-02-28,2021-03-02,2191,97,1,97,Trousers,Slim-Fit,XL,indigo,66,2,2021-02-01,Young
Rey Grasner,Genderqueer,27,Cassinport,Western Australia,2021-02-28,2021-03-02,2192,112,3,336,Jacket,Cardigan,S,green,62,2,2021-02-01,Young
Rey Grasner,Genderqueer,27,Cassinport,Western Australia,2021-02-28,2021-03-02,2193,93,1,93,Jacket,Coach,M,yellow,48,2,2021-02-01,Young
Rey Grasner,Genderqueer,27,Cassinport,Western Australia,2021-02-28,2021-03-02,2194,109,3,327,Jacket,Peacoat,S,blue,50,2,2021-02-01,Young
Rey Grasner,Genderqueer,27,Cassinport,Western Australia,2021-02-28,2021-03-02,2195,107,3,321,Jacket,Denim,M,indigo,52,2,2021-02-01,Young
Rey Grasner,Genderqueer,27,Cassinport,Western Australia,2021-02-28,2021-03-02,2196,98,2,196,Shirt,Camp Collared,XL,blue,51,2,2021-02-01,Young
Rey Grasner,Genderqueer,27,Cassinport,Western Australia,2021-02-28,2021-03-02,2197,91,3,273,Shirt,Linen,XL,indigo,66,2,2021-02-01,Young
Gunner Murdie,Agender,51,Lewiston,Australian Capital Territory,2021-02-05,2021-02-10,3697,119,3,357,Shirt,Casual Slim Fit,S,yellow,45,5,2021-02-01,Middle Aged
Gunner Murdie,Agender,51,Lewiston,Australian Capital Territory,2021-02-05,2021-02-10,3698,96,2,192,Shirt,Oxford Cloth,S,violet,41,5,2021-02-01,Middle Aged
Gunner Murdie,Agender,51,Lewiston,Australian Capital Territory,2021-02-05,2021-02-10,3699,106,1,106,Trousers,Wool,XS,yellow,67,5,2021-02-01,Middle Aged
Gunner Murdie,Agender,51,Lewiston,Australian Capital Territory,2021-02-05,2021-02-10,3700,93,2,186,Trousers,Joggers,S,indigo,56,5,2021-02-01,Middle Aged
Gunner Murdie,Agender,51,Lewiston,Australian Capital Territory,2021-02-05,2021-02-10,3701,119,2,238,Jacket,Trench Coat,XL,red,40,5,2021-02-01,Middle Aged
Mirabelle Vaney,Polygender,42,Baumbachton,Victoria,2021-10-21,2021-11-01,3704,94,3,282,Trousers,Cords,L,green,62,11,2021-10-01,Middle Aged
Mirabelle Vaney,Polygender,42,Baumbachton,Victoria,2021-10-21,2021-11-01,3705,106,2,212,Shirt,Chambray,L,yellow,53,11,2021-10-01,Middle Aged
Mirabelle Vaney,Polygender,42,Baumbachton,Victoria,2021-10-21,2021-11-01,3706,112,2,224,Jacket,Cardigan,XS,indigo,70,11,2021-10-01,Middle Aged
Mirabelle Vaney,Polygender,42,Baumbachton,Victoria,2021-10-21,2021-11-01,3707,112,1,112,Jacket,Cardigan,S,yellow,79,11,2021-10-01,Middle Aged
Mirabelle Vaney,Polygender,42,Baumbachton,Victoria,2021-10-21,2021-11-01,3708,92,1,92,Shirt,Denim,L,indigo,58,11,2021-10-01,Middle Aged
Mirabelle Vaney,Polygender,42,Baumbachton,Victoria,2021-10-21,2021-11-01,3709,115,2,230,Trousers,Cropped,XS,green,48,11,2021-10-01,Middle Aged
Mirabelle Vaney,Polygender,42,Baumbachton,Victoria,2021-01-02,2021-01-12,4592,109,1,109,Shirt,Mandarin Collar,XS,violet,52,10,2021-01-01,Middle Aged
Ronni Gruszczak,Agender,41,Jademouth,Victoria,2021-02-24,2021-03-23,2132,113,2,226,Jacket,Parka,XL,blue,47,27,2021-02-01,Middle Aged
Ronni Gruszczak,Agender,41,Jademouth,Victoria,2021-02-24,2021-03-23,2133,96,1,96,Trousers,Drawstring,XS,red,57,27,2021-02-01,Middle Aged
Ronni Gruszczak,Agender,41,Jademouth,Victoria,2021-02-24,2021-03-23,2134,109,2,218,Shirt,Mandarin Collar,L,yellow,78,27,2021-02-01,Middle Aged
Reed Churchlow,Male,75,North Sophieland,Australian Capital Territory,2021-02-23,2021-02-27,321,102,2,204,Jacket,Windbreaker,M,green,63,4,2021-02-01,Senior
Reed Churchlow,Male,75,North Sophieland,Australian Capital Territory,2021-02-23,2021-02-27,322,105,2,210,Shirt,Cuban Collar,S,violet,43,4,2021-02-01,Senior
Reed Churchlow,Male,75,North Sophieland,Australian Capital Territory,2021-02-23,2021-02-27,323,118,2,236,Shirt,Flannel,XS,green,55,4,2021-02-01,Senior
Margret Yeabsley,Polygender,44,Macdonaldchester,Victoria,2021-06-19,2021-06-27,3729,99,2,198,Trousers,High-Waisted,XS,green,42,8,2021-06-01,Middle Aged
Margret Yeabsley,Polygender,44,Macdonaldchester,Victoria,2021-06-19,2021-06-27,3730,102,2,204,Trousers,Cargo Pants,XL,green,65,8,2021-06-01,Middle Aged
Margret Yeabsley,Polygender,44,Macdonaldchester,Victoria,2021-06-19,2021-06-27,3731,109,3,327,Jacket,Peacoat,XL,green,68,8,2021-06-01,Middle Aged
Margret Yeabsley,Polygender,44,Macdonaldchester,Victoria,2021-06-19,2021-06-27,3732,109,3,327,Jacket,Peacoat,M,orange,47,8,2021-06-01,Middle Aged
Margret Yeabsley,Polygender,44,Macdonaldchester,Victoria,2021-06-19,2021-06-27,3733,92,2,184,Shirt,Denim,L,violet,78,8,2021-06-01,Middle Aged
Margret Yeabsley,Polygender,44,Macdonaldchester,Victoria,2021-06-19,2021-06-27,3734,104,1,104,Shirt,Dress,M,yellow,61,8,2021-06-01,Middle Aged
Margret Yeabsley,Polygender,44,Macdonaldchester,Victoria,2021-06-19,2021-06-27,3735,118,1,118,Shirt,Flannel,XS,violet,72,8,2021-06-01,Middle Aged
Dulcia Gawthorpe,Bigender,46,North Lillian,Australian Capital Territory,2021-05-02,2021-05-16,1124,91,3,273,Jacket,Pullover,XL,blue,74,14,2021-05-01,Middle Aged
Dulcia Gawthorpe,Bigender,46,North Lillian,Australian Capital Territory,2021-05-02,2021-05-16,1125,95,2,190,Shirt,Polo,S,red,60,14,2021-05-01,Middle Aged
Dulcia Gawthorpe,Bigender,46,North Lillian,Australian Capital Territory,2021-05-02,2021-05-16,1126,107,2,214,Jacket,Denim,M,indigo,52,14,2021-05-01,Middle Aged
Dulcia Gawthorpe,Bigender,46,North Lillian,Australian Capital Territory,2021-05-02,2021-05-16,1127,104,3,312,Shirt,Dress,L,orange,73,14,2021-05-01,Middle Aged
Dulcia Gawthorpe,Bigender,46,North Lillian,Australian Capital Territory,2021-05-02,2021-05-16,1128,99,3,297,Trousers,High-Waisted,M,indigo,61,14,2021-05-01,Middle Aged
Augusto Ackrill,Bigender,40,South Sophieview,Victoria,2021-08-05,2021-08-13,1431,109,2,218,Jacket,Peacoat,XS,orange,78,8,2021-08-01,Middle Aged
Augusto Ackrill,Bigender,40,South Sophieview,Victoria,2021-08-05,2021-08-13,1432,106,2,212,Trousers,Wool,M,red,58,8,2021-08-01,Middle Aged
Augusto Ackrill,Bigender,40,South Sophieview,Victoria,2021-08-05,2021-08-13,1433,102,2,204,Trousers,Cargo Pants,M,red,52,8,2021-08-01,Middle Aged
Augusto Ackrill,Bigender,40,South Sophieview,Victoria,2021-08-05,2021-08-13,1434,93,1,93,Trousers,Joggers,XS,red,65,8,2021-08-01,Middle Aged
Augusto Ackrill,Bigender,40,South Sophieview,Victoria,2021-08-05,2021-08-13,1435,93,2,186,Trousers,Joggers,XS,orange,65,8,2021-08-01,Middle Aged
Augusto Ackrill,Bigender,40,South Sophieview,Victoria,2021-08-05,2021-08-13,1436,92,3,276,Shirt,Denim,XS,red,52,8,2021-08-01,Middle Aged
Augusto Ackrill,Bigender,40,South Sophieview,Victoria,2021-08-05,2021-08-13,1437,109,1,109,Shirt,Mandarin Collar,M,red,60,8,2021-08-01,Middle Aged
Joella Tiddeman,Polygender,45,Johnsonstad,Tasmania,2021-03-30,2021-04-16,448,118,2,236,Jacket,Puffer,L,red,44,17,2021-03-01,Middle Aged
Joella Tiddeman,Polygender,45,Johnsonstad,Tasmania,2021-03-30,2021-04-16,449,93,2,186,Trousers,Joggers,L,violet,60,17,2021-03-01,Middle Aged
Joella Tiddeman,Polygender,45,Johnsonstad,Tasmania,2021-03-30,2021-04-16,450,118,2,236,Jacket,Puffer,S,green,54,17,2021-03-01,Middle Aged
Joella Tiddeman,Polygender,45,Johnsonstad,Tasmania,2021-03-30,2021-04-16,451,92,3,276,Shirt,Denim,L,violet,78,17,2021-03-01,Middle Aged
Joella Tiddeman,Polygender,45,Johnsonstad,Tasmania,2021-03-30,2021-04-16,452,118,1,118,Jacket,Puffer,XS,green,41,17,2021-03-01,Middle Aged
Joella Tiddeman,Polygender,45,Johnsonstad,Tasmania,2021-03-30,2021-04-16,453,94,2,188,Shirt,Henley,L,blue,60,17,2021-03-01,Middle Aged
Joella Tiddeman,Polygender,45,Johnsonstad,Tasmania,2021-03-30,2021-04-16,454,119,3,357,Shirt,Casual Slim Fit,M,orange,47,17,2021-03-01,Middle Aged
Joella Tiddeman,Polygender,45,Johnsonstad,Tasmania,2021-03-30,2021-04-16,455,112,1,112,Trousers,Tracksuit Bottoms,M,green,47,17,2021-03-01,Middle Aged
Tucky Kitchaside,Female,57,East Zacharystad,Queensland,2021-07-13,2021-08-04,740,99,2,198,Trousers,High-Waisted,L,green,75,22,2021-07-01,Senior
Tucky Kitchaside,Female,57,East Zacharystad,Queensland,2021-07-13,2021-08-04,741,97,2,194,Trousers,Slim-Fit,XS,violet,70,22,2021-07-01,Senior
Tucky Kitchaside,Female,57,East Zacharystad,Queensland,2021-07-13,2021-08-04,742,106,1,106,Shirt,Chambray,L,indigo,79,22,2021-07-01,Senior
Tucky Kitchaside,Female,57,East Zacharystad,Queensland,2021-07-13,2021-08-04,743,92,2,184,Shirt,Denim,XS,indigo,79,22,2021-07-01,Senior
Tucky Kitchaside,Female,57,East Zacharystad,Queensland,2021-07-13,2021-08-04,744,95,2,190,Shirt,Polo,M,yellow,52,22,2021-07-01,Senior
Tucky Kitchaside,Female,57,East Zacharystad,Queensland,2021-07-13,2021-08-04,745,118,3,354,Shirt,Flannel,XS,violet,72,22,2021-07-01,Senior
Kayley Brosoli,Non-binary,52,South Evaport,Northern Territory,2021-06-27,2021-07-16,2362,102,2,204,Jacket,Windbreaker,L,indigo,67,19,2021-06-01,Middle Aged
Kayley Brosoli,Non-binary,52,South Evaport,Northern Territory,2021-06-27,2021-07-16,2363,93,2,186,Jacket,Coach,S,green,60,19,2021-06-01,Middle Aged
Kayley Brosoli,Non-binary,52,South Evaport,Northern Territory,2021-06-27,2021-07-16,2364,99,3,297,Trousers,High-Waisted,S,orange,42,19,2021-06-01,Middle Aged
Kayley Brosoli,Non-binary,52,South Evaport,Northern Territory,2021-06-27,2021-07-16,2365,118,2,236,Jacket,Puffer,M,blue,60,19,2021-06-01,Middle Aged
Kayley Brosoli,Non-binary,52,South Evaport,Northern Territory,2021-06-27,2021-07-16,2366,107,1,107,Jacket,Denim,XL,yellow,56,19,2021-06-01,Middle Aged
Jethro Pollak,Genderqueer,38,Lake Alihaven,Northern Territory,2021-07-07,2021-07-18,173,117,3,351,Jacket,Shearling,XL,red,42,11,2021-07-01,Middle Aged
Jethro Pollak,Genderqueer,38,Lake Alihaven,Northern Territory,2021-07-07,2021-07-18,174,106,3,318,Trousers,Wool,XS,green,73,11,2021-07-01,Middle Aged
Jethro Pollak,Genderqueer,38,Lake Alihaven,Northern Territory,2021-07-07,2021-07-18,175,112,3,336,Jacket,Cardigan,XS,yellow,46,11,2021-07-01,Middle Aged
Jethro Pollak,Genderqueer,38,Lake Alihaven,Northern Territory,2021-07-07,2021-07-18,176,112,2,224,Jacket,Cardigan,L,yellow,50,11,2021-07-01,Middle Aged
Jethro Pollak,Genderqueer,38,Lake Alihaven,Northern Territory,2021-07-07,2021-07-18,177,93,2,186,Jacket,Coach,XS,green,78,11,2021-07-01,Middle Aged
Edee Wildt,Bigender,56,East Charlesfurt,Northern Territory,2021-06-20,2021-06-24,1329,102,3,306,Trousers,Cargo Pants,XL,yellow,52,4,2021-06-01,Senior
Edee Wildt,Bigender,56,East Charlesfurt,Northern Territory,2021-06-20,2021-06-24,1330,97,1,97,Trousers,Slim-Fit,S,orange,55,4,2021-06-01,Senior
Edee Wildt,Bigender,56,East Charlesfurt,Northern Territory,2021-06-20,2021-06-24,1331,99,1,99,Trousers,High-Waisted,L,blue,57,4,2021-06-01,Senior
Edee Wildt,Bigender,56,East Charlesfurt,Northern Territory,2021-06-20,2021-06-24,1332,93,3,279,Trousers,Joggers,XS,yellow,62,4,2021-06-01,Senior
Constance Piddington,Genderfluid,27,East Chasehaven,Queensland,2021-01-08,2021-01-23,539,119,2,238,Shirt,Casual Slim Fit,XS,blue,55,15,2021-01-01,Young
Constance Piddington,Genderfluid,27,East Chasehaven,Queensland,2021-01-08,2021-01-23,540,109,1,109,Jacket,Peacoat,XS,violet,54,15,2021-01-01,Young
Constance Piddington,Genderfluid,27,East Chasehaven,Queensland,2021-01-08,2021-01-23,541,94,3,282,Trousers,Cords,XS,green,50,15,2021-01-01,Young
Constance Piddington,Genderfluid,27,East Chasehaven,Queensland,2021-01-08,2021-01-23,542,98,1,98,Jacket,Leather,M,orange,80,15,2021-01-01,Young
Constance Piddington,Genderfluid,27,East Chasehaven,Queensland,2021-01-08,2021-01-23,543,118,3,354,Jacket,Puffer,M,orange,61,15,2021-01-01,Young
Constance Piddington,Genderfluid,27,East Chasehaven,Queensland,2021-01-08,2021-01-23,544,102,1,102,Jacket,Windbreaker,M,violet,64,15,2021-01-01,Young
Deirdre Burle,Non-binary,70,Andersonchester,New South Wales,2021-03-13,2021-04-03,1793,118,3,354,Jacket,Puffer,XL,orange,66,21,2021-03-01,Senior
Deirdre Burle,Non-binary,70,Andersonchester,New South Wales,2021-03-13,2021-04-03,1794,94,2,188,Shirt,Henley,XS,green,61,21,2021-03-01,Senior
Deirdre Burle,Non-binary,70,Andersonchester,New South Wales,2021-03-13,2021-04-03,1795,119,2,238,Jacket,Trench Coat,L,red,70,21,2021-03-01,Senior
Deirdre Burle,Non-binary,70,Andersonchester,New South Wales,2021-03-13,2021-04-03,1796,100,1,100,Jacket,Bomber,S,blue,50,21,2021-03-01,Senior
Margret Yeabsley,Polygender,44,Macdonaldchester,Victoria,2021-03-22,2021-04-02,3927,112,1,112,Trousers,Tracksuit Bottoms,S,orange,59,11,2021-03-01,Middle Aged
Margret Yeabsley,Polygender,44,Macdonaldchester,Victoria,2021-03-22,2021-04-02,3928,102,2,204,Trousers,Cargo Pants,L,indigo,46,11,2021-03-01,Middle Aged
Margret Yeabsley,Polygender,44,Macdonaldchester,Victoria,2021-03-22,2021-04-02,3929,118,3,354,Jacket,Puffer,XL,yellow,65,11,2021-03-01,Middle Aged
Margret Yeabsley,Polygender,44,Macdonaldchester,Victoria,2021-03-22,2021-04-02,3930,118,3,354,Shirt,Flannel,XS,indigo,46,11,2021-03-01,Middle Aged
Margret Yeabsley,Polygender,44,Macdonaldchester,Victoria,2021-03-22,2021-04-02,3931,112,2,224,Trousers,Tracksuit Bottoms,M,green,47,11,2021-03-01,Middle Aged
Margret Yeabsley,Polygender,44,Macdonaldchester,Victoria,2021-03-22,2021-04-02,3932,117,3,351,Jacket,Shearling,XS,violet,75,11,2021-03-01,Middle Aged
Margret Yeabsley,Polygender,44,Macdonaldchester,Victoria,2021-03-22,2021-04-02,3933,94,1,94,Trousers,Cords,M,red,68,11,2021-03-01,Middle Aged
Dani Pinches,Polygender,43,Howehaven,Tasmania,2021-03-09,2021-03-12,711,95,1,95,Shirt,Polo,S,red,60,3,2021-03-01,Middle Aged
Dani Pinches,Polygender,43,Howehaven,Tasmania,2021-03-09,2021-03-12,712,119,1,119,Jacket,Trench Coat,S,violet,69,3,2021-03-01,Middle Aged
Dani Pinches,Polygender,43,Howehaven,Tasmania,2021-03-09,2021-03-12,713,102,1,102,Jacket,Windbreaker,XS,red,79,3,2021-03-01,Middle Aged
Dani Pinches,Polygender,43,Howehaven,Tasmania,2021-03-09,2021-03-12,714,94,1,94,Trousers,Cords,M,blue,47,3,2021-03-01,Middle Aged
Dani Pinches,Polygender,43,Howehaven,Tasmania,2021-03-09,2021-03-12,715,98,3,294,Jacket,Leather,M,yellow,77,3,2021-03-01,Middle Aged
Dani Pinches,Polygender,43,Howehaven,Tasmania,2021-03-09,2021-03-12,716,94,3,282,Trousers,Cords,XL,indigo,70,3,2021-03-01,Middle Aged
Dani Pinches,Polygender,43,Howehaven,Tasmania,2021-03-09,2021-03-12,717,112,1,112,Trousers,Tracksuit Bottoms,XS,orange,57,3,2021-03-01,Middle Aged
Dani Pinches,Polygender,43,Howehaven,Tasmania,2021-03-09,2021-03-12,718,99,2,198,Trousers,High-Waisted,L,violet,68,3,2021-03-01,Middle Aged
Thorny Nornable,Genderqueer,76,Rubyfort,Tasmania,2021-06-11,2021-07-05,3867,105,2,210,Trousers,Pleated,XL,blue,55,24,2021-06-01,Senior
Thorny Nornable,Genderqueer,76,Rubyfort,Tasmania,2021-06-11,2021-07-05,3868,112,3,336,Jacket,Cardigan,XL,blue,57,24,2021-06-01,Senior
Thorny Nornable,Genderqueer,76,Rubyfort,Tasmania,2021-06-11,2021-07-05,3869,90,1,90,Trousers,Relaxed Leg,XL,blue,40,24,2021-06-01,Senior
Thorny Nornable,Genderqueer,76,Rubyfort,Tasmania,2021-06-11,2021-07-05,3870,113,1,113,Jacket,Parka,M,violet,75,24,2021-06-01,Senior
Thorny Nornable,Genderqueer,76,Rubyfort,Tasmania,2021-06-11,2021-07-05,3871,102,3,306,Trousers,Cargo Pants,XL,green,65,24,2021-06-01,Senior
Jayme Turvie,Polygender,55,Lake Alanafort,Western Australia,2021-05-16,2021-06-06,3739,109,3,327,Jacket,Peacoat,L,orange,45,21,2021-05-01,Middle Aged
Jayme Turvie,Polygender,55,Lake Alanafort,Western Australia,2021-05-16,2021-06-06,3740,91,2,182,Shirt,Linen,M,indigo,72,21,2021-05-01,Middle Aged
Jayme Turvie,Polygender,55,Lake Alanafort,Western Australia,2021-05-16,2021-06-06,3741,119,2,238,Shirt,Casual Slim Fit,XS,blue,55,21,2021-05-01,Middle Aged
Jayme Turvie,Polygender,55,Lake Alanafort,Western Australia,2021-05-16,2021-06-06,3742,102,3,306,Trousers,Cargo Pants,L,yellow,71,21,2021-05-01,Middle Aged
Jayme Turvie,Polygender,55,Lake Alanafort,Western Australia,2021-05-16,2021-06-06,3743,106,2,212,Trousers,Wool,S,yellow,69,21,2021-05-01,Middle Aged
Scot Billany,Male,44,Beiermouth,Queensland,2021-06-20,2021-07-06,3762,91,1,91,Jacket,Pullover,XL,green,65,16,2021-06-01,Middle Aged
Scot Billany,Male,44,Beiermouth,Queensland,2021-06-20,2021-07-06,3763,119,2,238,Jacket,Trench Coat,L,indigo,71,16,2021-06-01,Middle Aged
Scot Billany,Male,44,Beiermouth,Queensland,2021-06-20,2021-07-06,3764,90,3,270,Trousers,Relaxed Leg,XS,blue,54,16,2021-06-01,Middle Aged
Scot Billany,Male,44,Beiermouth,Queensland,2021-06-20,2021-07-06,3765,106,1,106,Shirt,Chambray,S,violet,52,16,2021-06-01,Middle Aged
Scot Billany,Male,44,Beiermouth,Queensland,2021-06-20,2021-07-06,3766,102,3,306,Trousers,Cargo Pants,M,indigo,51,16,2021-06-01,Middle Aged
Scot Billany,Male,44,Beiermouth,Queensland,2021-06-20,2021-07-06,3767,112,3,336,Jacket,Cardigan,M,green,46,16,2021-06-01,Middle Aged
Roley Cassedy,Male,63,North Isabelleside,South Australia,2021-05-17,2021-05-22,108,106,2,212,Shirt,Chambray,L,indigo,79,5,2021-05-01,Senior
Roley Cassedy,Male,63,North Isabelleside,South Australia,2021-05-17,2021-05-22,109,117,3,351,Jacket,Shearling,XL,red,42,5,2021-05-01,Senior
Millicent Stedson,Polygender,70,Port Kiara,Western Australia,2021-05-07,2021-05-26,2767,102,3,306,Trousers,Cargo Pants,M,orange,51,19,2021-05-01,Senior
Millicent Stedson,Polygender,70,Port Kiara,Western Australia,2021-05-07,2021-05-26,2768,113,2,226,Trousers,Chinos,XS,violet,72,19,2021-05-01,Senior
Hort Ridding,Agender,57,West Ashley,South Australia,2021-03-10,2021-03-20,1287,98,1,98,Shirt,Camp Collared,XL,violet,40,10,2021-03-01,Senior
Hort Ridding,Agender,57,West Ashley,South Australia,2021-03-10,2021-03-20,1288,106,2,212,Shirt,Chambray,XL,green,58,10,2021-03-01,Senior
Hort Ridding,Agender,57,West Ashley,South Australia,2021-03-10,2021-03-20,1289,109,2,218,Shirt,Mandarin Collar,L,red,54,10,2021-03-01,Senior
Hort Ridding,Agender,57,West Ashley,South Australia,2021-03-10,2021-03-20,1290,106,2,212,Shirt,Chambray,XL,yellow,53,10,2021-03-01,Senior
Hort Ridding,Agender,57,West Ashley,South Australia,2021-03-10,2021-03-20,1291,105,1,105,Trousers,Pleated,M,blue,66,10,2021-03-01,Senior
Hort Ridding,Agender,57,West Ashley,South Australia,2021-03-10,2021-03-20,1292,112,2,224,Trousers,Tracksuit Bottoms,L,violet,45,10,2021-03-01,Senior
Hort Ridding,Agender,57,West Ashley,South Australia,2021-03-10,2021-03-20,1293,115,1,115,Trousers,Cropped,L,yellow,60,10,2021-03-01,Senior
Ephrem Hambers,Female,46,New Stellastad,Australian Capital Territory,2021-05-08,2021-05-28,3210,94,3,282,Shirt,Henley,M,green,65,20,2021-05-01,Middle Aged
Ephrem Hambers,Female,46,New Stellastad,Australian Capital Territory,2021-05-08,2021-05-28,3211,98,1,98,Shirt,Camp Collared,S,yellow,66,20,2021-05-01,Middle Aged
Ephrem Hambers,Female,46,New Stellastad,Australian Capital Territory,2021-05-08,2021-05-28,3212,119,3,357,Shirt,Casual Slim Fit,S,indigo,65,20,2021-05-01,Middle Aged
Scot Billany,Male,44,Beiermouth,Queensland,2021-04-08,2021-04-27,4268,94,2,188,Shirt,Henley,L,green,41,19,2021-04-01,Middle Aged
Scot Billany,Male,44,Beiermouth,Queensland,2021-04-08,2021-04-27,4269,112,3,336,Jacket,Cardigan,S,blue,53,19,2021-04-01,Middle Aged
Scot Billany,Male,44,Beiermouth,Queensland,2021-04-08,2021-04-27,4270,93,2,186,Jacket,Coach,M,blue,54,19,2021-04-01,Middle Aged
Scot Billany,Male,44,Beiermouth,Queensland,2021-04-08,2021-04-27,4271,119,2,238,Jacket,Trench Coat,XS,red,78,19,2021-04-01,Middle Aged
Scot Billany,Male,44,Beiermouth,Queensland,2021-04-08,2021-04-27,4272,98,2,196,Jacket,Leather,L,orange,78,19,2021-04-01,Middle Aged
Denny Parlour,Genderfluid,36,Madisonland,Victoria,2021-03-27,2021-04-21,3796,113,1,113,Trousers,Chinos,XS,yellow,41,25,2021-03-01,Middle Aged
Denny Parlour,Genderfluid,36,Madisonland,Victoria,2021-03-27,2021-04-21,3797,96,3,288,Trousers,Drawstring,S,yellow,74,25,2021-03-01,Middle Aged
Denny Parlour,Genderfluid,36,Madisonland,Victoria,2021-03-27,2021-04-21,3798,102,1,102,Trousers,Cargo Pants,S,yellow,48,25,2021-03-01,Middle Aged
Denny Parlour,Genderfluid,36,Madisonland,Victoria,2021-03-27,2021-04-21,3799,119,3,357,Shirt,Casual Slim Fit,XL,orange,53,25,2021-03-01,Middle Aged
Ondrea Apark,Agender,44,North Riley,Victoria,2021-04-16,2021-05-04,1052,94,1,94,Shirt,Henley,XS,blue,61,18,2021-04-01,Middle Aged
Ondrea Apark,Agender,44,North Riley,Victoria,2021-04-16,2021-05-04,1053,92,1,92,Shirt,Denim,L,yellow,75,18,2021-04-01,Middle Aged
Ondrea Apark,Agender,44,North Riley,Victoria,2021-04-16,2021-05-04,1054,119,2,238,Jacket,Trench Coat,S,violet,69,18,2021-04-01,Middle Aged
Ondrea Apark,Agender,44,North Riley,Victoria,2021-04-16,2021-05-04,1055,105,1,105,Shirt,Cuban Collar,L,blue,65,18,2021-04-01,Middle Aged
Ondrea Apark,Agender,44,North Riley,Victoria,2021-04-16,2021-05-04,1056,102,3,306,Jacket,Windbreaker,L,red,40,18,2021-04-01,Middle Aged
Mallissa Lawdham,Genderfluid,44,East Madison,New South Wales,2021-09-02,2021-09-11,1484,112,2,224,Jacket,Cardigan,XS,red,51,9,2021-09-01,Middle Aged
Mallissa Lawdham,Genderfluid,44,East Madison,New South Wales,2021-09-02,2021-09-11,1485,100,1,100,Jacket,Bomber,XL,indigo,50,9,2021-09-01,Middle Aged
Mallissa Lawdham,Genderfluid,44,East Madison,New South Wales,2021-09-02,2021-09-11,1486,96,2,192,Shirt,Oxford Cloth,L,red,69,9,2021-09-01,Middle Aged
Mallissa Lawdham,Genderfluid,44,East Madison,New South Wales,2021-09-02,2021-09-11,1487,119,3,357,Shirt,Casual Slim Fit,XL,yellow,78,9,2021-09-01,Middle Aged
Kristel Klaaassen,Female,57,East Matthewville,New South Wales,2021-03-23,2021-04-06,1692,94,1,94,Shirt,Henley,L,violet,51,14,2021-03-01,Senior
Kristel Klaaassen,Female,57,East Matthewville,New South Wales,2021-03-23,2021-04-06,1693,119,1,119,Jacket,Trench Coat,XS,violet,64,14,2021-03-01,Senior
Kristel Klaaassen,Female,57,East Matthewville,New South Wales,2021-03-23,2021-04-06,1694,96,3,288,Shirt,Oxford Cloth,XS,green,68,14,2021-03-01,Senior
Kristel Klaaassen,Female,57,East Matthewville,New South Wales,2021-03-23,2021-04-06,1695,102,3,306,Trousers,Cargo Pants,XS,indigo,51,14,2021-03-01,Senior
Kristel Klaaassen,Female,57,East Matthewville,New South Wales,2021-03-23,2021-04-06,1696,98,1,98,Shirt,Camp Collared,XL,green,61,14,2021-03-01,Senior
Kristel Klaaassen,Female,57,East Matthewville,New South Wales,2021-03-23,2021-04-06,1697,100,1,100,Jacket,Bomber,S,violet,45,14,2021-03-01,Senior
Kristel Klaaassen,Female,57,East Matthewville,New South Wales,2021-03-23,2021-04-06,1698,118,2,236,Shirt,Flannel,XL,red,72,14,2021-03-01,Senior
Kristel Klaaassen,Female,57,East Matthewville,New South Wales,2021-03-23,2021-04-06,1699,91,1,91,Jacket,Pullover,S,orange,77,14,2021-03-01,Senior
Kristel Klaaassen,Female,57,East Matthewville,New South Wales,2021-03-23,2021-04-06,1700,105,2,210,Trousers,Pleated,XS,blue,62,14,2021-03-01,Senior
Dianemarie Neicho,Agender,27,West Joelmouth,Western Australia,2021-06-06,2021-07-03,3800,98,2,196,Jacket,Leather,S,yellow,41,27,2021-06-01,Young
Dianemarie Neicho,Agender,27,West Joelmouth,Western Australia,2021-06-06,2021-07-03,3801,112,1,112,Trousers,Tracksuit Bottoms,S,green,72,27,2021-06-01,Young
Dianemarie Neicho,Agender,27,West Joelmouth,Western Australia,2021-06-06,2021-07-03,3802,95,3,285,Shirt,Polo,XL,orange,43,27,2021-06-01,Young
Dianemarie Neicho,Agender,27,West Joelmouth,Western Australia,2021-06-06,2021-07-03,3803,95,2,190,Shirt,Polo,S,blue,76,27,2021-06-01,Young
Dianemarie Neicho,Agender,27,West Joelmouth,Western Australia,2021-06-06,2021-07-03,3804,95,3,285,Shirt,Polo,S,indigo,50,27,2021-06-01,Young
Yevette Weekes,Genderqueer,66,Gardenchester,Victoria,2021-10-03,2021-10-25,3812,105,3,315,Trousers,Pleated,S,yellow,71,22,2021-10-01,Senior
Yevette Weekes,Genderqueer,66,Gardenchester,Victoria,2021-10-03,2021-10-25,3813,102,1,102,Jacket,Windbreaker,XS,green,57,22,2021-10-01,Senior
Kayne Fraczkiewicz,Agender,40,Walshland,Northern Territory,2021-08-13,2021-08-20,3814,115,2,230,Trousers,Cropped,S,red,47,7,2021-08-01,Middle Aged
Kayne Fraczkiewicz,Agender,40,Walshland,Northern Territory,2021-08-13,2021-08-20,3815,119,3,357,Jacket,Trench Coat,XS,indigo,56,7,2021-08-01,Middle Aged
Kayne Fraczkiewicz,Agender,40,Walshland,Northern Territory,2021-08-13,2021-08-20,3816,105,3,315,Shirt,Cuban Collar,XS,yellow,78,7,2021-08-01,Middle Aged
Kayne Fraczkiewicz,Agender,40,Walshland,Northern Territory,2021-08-13,2021-08-20,3817,113,2,226,Trousers,Chinos,XS,orange,53,7,2021-08-01,Middle Aged
Kayne Fraczkiewicz,Agender,40,Walshland,Northern Territory,2021-08-13,2021-08-20,3818,112,1,112,Jacket,Cardigan,M,blue,57,7,2021-08-01,Middle Aged
Tally Rubel,Agender,66,South Xavierport,South Australia,2021-03-18,2021-04-05,3819,91,3,273,Jacket,Pullover,L,red,69,18,2021-03-01,Senior
Tally Rubel,Agender,66,South Xavierport,South Australia,2021-03-18,2021-04-05,3820,107,2,214,Jacket,Denim,S,violet,73,18,2021-03-01,Senior
Tally Rubel,Agender,66,South Xavierport,South Australia,2021-03-18,2021-04-05,3821,96,1,96,Trousers,Drawstring,S,yellow,74,18,2021-03-01,Senior
Tally Rubel,Agender,66,South Xavierport,South Australia,2021-03-18,2021-04-05,3822,107,2,214,Jacket,Denim,XL,orange,79,18,2021-03-01,Senior
Aindrea Franzetti,Female,43,North Caitlin,South Australia,2021-03-22,2021-03-23,3257,105,3,315,Shirt,Cuban Collar,M,red,53,1,2021-03-01,Middle Aged
Aindrea Franzetti,Female,43,North Caitlin,South Australia,2021-03-22,2021-03-23,3258,104,3,312,Shirt,Dress,XS,blue,41,1,2021-03-01,Middle Aged
Dolph Arrow,Bigender,57,Lake Owenfurt,Australian Capital Territory,2021-09-16,2021-10-04,3823,107,2,214,Jacket,Denim,M,blue,61,18,2021-09-01,Senior
Dolph Arrow,Bigender,57,Lake Owenfurt,Australian Capital Territory,2021-09-16,2021-10-04,3824,119,3,357,Jacket,Trench Coat,M,blue,46,18,2021-09-01,Senior
Dolph Arrow,Bigender,57,Lake Owenfurt,Australian Capital Territory,2021-09-16,2021-10-04,3825,115,2,230,Trousers,Cropped,XS,blue,47,18,2021-09-01,Senior
Dolph Arrow,Bigender,57,Lake Owenfurt,Australian Capital Territory,2021-09-16,2021-10-04,3826,98,3,294,Shirt,Camp Collared,S,violet,80,18,2021-09-01,Senior
Dolph Arrow,Bigender,57,Lake Owenfurt,Australian Capital Territory,2021-09-16,2021-10-04,3827,118,3,354,Shirt,Flannel,M,violet,71,18,2021-09-01,Senior
Dolph Arrow,Bigender,57,Lake Owenfurt,Australian Capital Territory,2021-09-16,2021-10-04,3828,118,2,236,Jacket,Puffer,L,indigo,61,18,2021-09-01,Senior
Slade Villaret,Genderfluid,47,Charlesshire,Australian Capital Territory,2021-01-15,2021-02-01,3829,119,1,119,Jacket,Trench Coat,S,orange,41,17,2021-01-01,Middle Aged
Slade Villaret,Genderfluid,47,Charlesshire,Australian Capital Territory,2021-01-15,2021-02-01,3830,106,3,318,Shirt,Chambray,M,indigo,62,17,2021-01-01,Middle Aged
Slade Villaret,Genderfluid,47,Charlesshire,Australian Capital Territory,2021-01-15,2021-02-01,3831,96,2,192,Shirt,Oxford Cloth,L,indigo,70,17,2021-01-01,Middle Aged
Slade Villaret,Genderfluid,47,Charlesshire,Australian Capital Territory,2021-01-15,2021-02-01,3832,90,1,90,Trousers,Relaxed Leg,S,violet,75,17,2021-01-01,Middle Aged
Sandy Yushachkov,Genderfluid,35,Claudiaview,Western Australia,2021-08-04,2021-08-16,2993,90,2,180,Trousers,Relaxed Leg,L,blue,61,12,2021-08-01,Young
Reba Crauford,Genderfluid,68,Beahanfurt,Northern Territory,2021-08-06,2021-08-15,3833,109,2,218,Jacket,Peacoat,S,orange,73,9,2021-08-01,Senior
Reba Crauford,Genderfluid,68,Beahanfurt,Northern Territory,2021-08-06,2021-08-15,3834,95,1,95,Shirt,Polo,XL,yellow,46,9,2021-08-01,Senior
Reba Crauford,Genderfluid,68,Beahanfurt,Northern Territory,2021-08-06,2021-08-15,3835,109,3,327,Jacket,Peacoat,S,yellow,49,9,2021-08-01,Senior
Reba Crauford,Genderfluid,68,Beahanfurt,Northern Territory,2021-08-06,2021-08-15,3836,91,3,273,Shirt,Linen,S,blue,77,9,2021-08-01,Senior
Reba Crauford,Genderfluid,68,Beahanfurt,Northern Territory,2021-08-06,2021-08-15,3837,109,2,218,Jacket,Peacoat,S,violet,73,9,2021-08-01,Senior
Reba Crauford,Genderfluid,68,Beahanfurt,Northern Territory,2021-08-06,2021-08-15,3838,98,1,98,Jacket,Leather,L,violet,78,9,2021-08-01,Senior
Griffy Wenger,Genderqueer,53,East Sophia,South Australia,2021-06-19,2021-07-08,1269,94,1,94,Shirt,Henley,XS,orange,65,19,2021-06-01,Middle Aged
Griffy Wenger,Genderqueer,53,East Sophia,South Australia,2021-06-19,2021-07-08,1270,105,3,315,Shirt,Cuban Collar,XL,orange,49,19,2021-06-01,Middle Aged
Griffy Wenger,Genderqueer,53,East Sophia,South Australia,2021-06-19,2021-07-08,1271,99,2,198,Trousers,High-Waisted,M,red,59,19,2021-06-01,Middle Aged
Griffy Wenger,Genderqueer,53,East Sophia,South Australia,2021-06-19,2021-07-08,1272,118,3,354,Jacket,Puffer,L,green,43,19,2021-06-01,Middle Aged
Griffy Wenger,Genderqueer,53,East Sophia,South Australia,2021-06-19,2021-07-08,1273,105,1,105,Shirt,Cuban Collar,L,yellow,77,19,2021-06-01,Middle Aged
Ranna Paolillo,Polygender,53,Zacharybury,Northern Territory,2021-06-17,2021-06-27,2445,107,1,107,Jacket,Denim,M,green,79,10,2021-06-01,Middle Aged
Ranna Paolillo,Polygender,53,Zacharybury,Northern Territory,2021-06-17,2021-06-27,2446,112,2,224,Trousers,Tracksuit Bottoms,XL,indigo,54,10,2021-06-01,Middle Aged
Ranna Paolillo,Polygender,53,Zacharybury,Northern Territory,2021-06-17,2021-06-27,2447,119,3,357,Shirt,Casual Slim Fit,S,indigo,65,10,2021-06-01,Middle Aged
Ranna Paolillo,Polygender,53,Zacharybury,Northern Territory,2021-06-17,2021-06-27,2448,113,2,226,Trousers,Chinos,L,red,44,10,2021-06-01,Middle Aged
Ranna Paolillo,Polygender,53,Zacharybury,Northern Territory,2021-06-17,2021-06-27,2449,105,3,315,Trousers,Pleated,M,violet,45,10,2021-06-01,Middle Aged
Ranna Paolillo,Polygender,53,Zacharybury,Northern Territory,2021-06-17,2021-06-27,2450,99,1,99,Trousers,High-Waisted,L,green,75,10,2021-06-01,Middle Aged
Glenn Keri,Non-binary,61,Port Ellaside,New South Wales,2021-07-17,2021-08-01,2516,90,1,90,Trousers,Relaxed Leg,M,violet,46,15,2021-07-01,Senior
Glenn Keri,Non-binary,61,Port Ellaside,New South Wales,2021-07-17,2021-08-01,2517,91,2,182,Jacket,Pullover,L,red,69,15,2021-07-01,Senior
Glenn Keri,Non-binary,61,Port Ellaside,New South Wales,2021-07-17,2021-08-01,2518,119,3,357,Shirt,Casual Slim Fit,XS,green,69,15,2021-07-01,Senior
Glenn Keri,Non-binary,61,Port Ellaside,New South Wales,2021-07-17,2021-08-01,2519,93,2,186,Jacket,Coach,M,red,76,15,2021-07-01,Senior
Glenn Keri,Non-binary,61,Port Ellaside,New South Wales,2021-07-17,2021-08-01,2520,90,2,180,Trousers,Relaxed Leg,M,red,56,15,2021-07-01,Senior
Glenn Keri,Non-binary,61,Port Ellaside,New South Wales,2021-07-17,2021-08-01,2521,96,2,192,Shirt,Oxford Cloth,S,green,56,15,2021-07-01,Senior
Glenn Keri,Non-binary,61,Port Ellaside,New South Wales,2021-07-17,2021-08-01,2522,119,1,119,Jacket,Trench Coat,L,green,73,15,2021-07-01,Senior
Glenn Keri,Non-binary,61,Port Ellaside,New South Wales,2021-07-17,2021-08-01,2523,96,1,96,Shirt,Oxford Cloth,XL,blue,60,15,2021-07-01,Senior
Glenn Keri,Non-binary,61,Port Ellaside,New South Wales,2021-07-17,2021-08-01,2524,102,1,102,Jacket,Windbreaker,S,green,65,15,2021-07-01,Senior
Felice Dumbleton,Genderfluid,24,Harveyville,Australian Capital Territory,2021-09-26,2021-10-16,2122,90,2,180,Trousers,Relaxed Leg,S,green,51,20,2021-09-01,Young
Wald Kaine,Female,72,South Georgia,Western Australia,2021-04-28,2021-04-30,3839,113,2,226,Jacket,Parka,XL,indigo,78,2,2021-04-01,Senior
Wald Kaine,Female,72,South Georgia,Western Australia,2021-04-28,2021-04-30,3840,91,1,91,Jacket,Pullover,S,blue,73,2,2021-04-01,Senior
Wald Kaine,Female,72,South Georgia,Western Australia,2021-04-28,2021-04-30,3841,109,3,327,Shirt,Mandarin Collar,XS,blue,59,2,2021-04-01,Senior
Wald Kaine,Female,72,South Georgia,Western Australia,2021-04-28,2021-04-30,3842,107,2,214,Jacket,Denim,L,indigo,67,2,2021-04-01,Senior
Farah Schukert,Agender,34,Feeneymouth,Queensland,2021-09-10,2021-10-04,3849,94,2,188,Shirt,Henley,XS,green,61,24,2021-09-01,Young
Mallissa Lawdham,Genderfluid,44,East Madison,New South Wales,2021-02-19,2021-03-01,3751,107,2,214,Jacket,Denim,M,green,79,10,2021-02-01,Middle Aged
Mallissa Lawdham,Genderfluid,44,East Madison,New South Wales,2021-02-19,2021-03-01,3752,94,2,188,Trousers,Cords,XL,orange,72,10,2021-02-01,Middle Aged
Mallissa Lawdham,Genderfluid,44,East Madison,New South Wales,2021-02-19,2021-03-01,3753,109,1,109,Shirt,Mandarin Collar,L,green,67,10,2021-02-01,Middle Aged
Mallissa Lawdham,Genderfluid,44,East Madison,New South Wales,2021-02-19,2021-03-01,3754,94,1,94,Shirt,Henley,M,violet,44,10,2021-02-01,Middle Aged
Mallissa Lawdham,Genderfluid,44,East Madison,New South Wales,2021-02-19,2021-03-01,3755,99,2,198,Trousers,High-Waisted,XL,red,80,10,2021-02-01,Middle Aged
Mallissa Lawdham,Genderfluid,44,East Madison,New South Wales,2021-02-19,2021-03-01,3756,102,2,204,Jacket,Windbreaker,XL,green,71,10,2021-02-01,Middle Aged
Mallissa Lawdham,Genderfluid,44,East Madison,New South Wales,2021-02-19,2021-03-01,3757,118,1,118,Shirt,Flannel,S,blue,43,10,2021-02-01,Middle Aged
Mallissa Lawdham,Genderfluid,44,East Madison,New South Wales,2021-02-19,2021-03-01,3758,119,1,119,Jacket,Trench Coat,L,orange,70,10,2021-02-01,Middle Aged
Mallissa Lawdham,Genderfluid,44,East Madison,New South Wales,2021-02-19,2021-03-01,3759,100,2,200,Jacket,Bomber,L,blue,64,10,2021-02-01,Middle Aged
Mallissa Lawdham,Genderfluid,44,East Madison,New South Wales,2021-02-19,2021-03-01,3760,102,1,102,Jacket,Windbreaker,M,green,63,10,2021-02-01,Middle Aged
Mallissa Lawdham,Genderfluid,44,East Madison,New South Wales,2021-02-19,2021-03-01,3761,115,3,345,Trousers,Cropped,L,indigo,63,10,2021-02-01,Middle Aged
Puff Newbury,Polygender,27,Port Joshuaside,Northern Territory,2021-08-26,2021-09-20,370,93,1,93,Trousers,Joggers,XL,blue,52,25,2021-08-01,Young
Puff Newbury,Polygender,27,Port Joshuaside,Northern Territory,2021-08-26,2021-09-20,371,94,3,282,Shirt,Henley,S,blue,75,25,2021-08-01,Young
Puff Newbury,Polygender,27,Port Joshuaside,Northern Territory,2021-08-26,2021-09-20,372,98,2,196,Shirt,Camp Collared,S,green,60,25,2021-08-01,Young
Farah Schukert,Agender,34,Feeneymouth,Queensland,2021-06-21,2021-06-23,4016,106,3,318,Shirt,Chambray,XL,green,58,2,2021-06-01,Young
Farah Schukert,Agender,34,Feeneymouth,Queensland,2021-06-21,2021-06-23,4017,105,3,315,Trousers,Pleated,L,yellow,62,2,2021-06-01,Young
Farah Schukert,Agender,34,Feeneymouth,Queensland,2021-06-21,2021-06-23,4018,118,1,118,Shirt,Flannel,M,orange,68,2,2021-06-01,Young
Farah Schukert,Agender,34,Feeneymouth,Queensland,2021-06-21,2021-06-23,4019,119,2,238,Shirt,Casual Slim Fit,S,green,72,2,2021-06-01,Young
Tracie Okey,Polygender,69,Violetstad,Australian Capital Territory,2021-08-24,2021-09-15,2076,115,1,115,Trousers,Cropped,M,green,65,22,2021-08-01,Senior
Tracie Okey,Polygender,69,Violetstad,Australian Capital Territory,2021-08-24,2021-09-15,2077,97,3,291,Trousers,Slim-Fit,XS,indigo,74,22,2021-08-01,Senior
Tracie Okey,Polygender,69,Violetstad,Australian Capital Territory,2021-08-24,2021-09-15,2078,92,1,92,Shirt,Denim,L,yellow,75,22,2021-08-01,Senior
Tracie Okey,Polygender,69,Violetstad,Australian Capital Territory,2021-08-24,2021-09-15,2079,107,1,107,Jacket,Denim,S,green,49,22,2021-08-01,Senior
Tracie Okey,Polygender,69,Violetstad,Australian Capital Territory,2021-08-24,2021-09-15,2080,97,3,291,Trousers,Slim-Fit,XL,green,67,22,2021-08-01,Senior
Farah Schukert,Agender,34,Feeneymouth,Queensland,2021-03-15,2021-04-08,4551,93,2,186,Jacket,Coach,XS,orange,42,24,2021-03-01,Young
Farah Schukert,Agender,34,Feeneymouth,Queensland,2021-03-15,2021-04-08,4552,92,2,184,Shirt,Denim,M,indigo,56,24,2021-03-01,Young
Farah Schukert,Agender,34,Feeneymouth,Queensland,2021-03-15,2021-04-08,4553,98,3,294,Shirt,Camp Collared,S,blue,75,24,2021-03-01,Young
Farah Schukert,Agender,34,Feeneymouth,Queensland,2021-03-15,2021-04-08,4554,104,1,104,Shirt,Dress,XL,yellow,75,24,2021-03-01,Young
Farah Schukert,Agender,34,Feeneymouth,Queensland,2021-03-15,2021-04-08,4555,93,3,279,Trousers,Joggers,XL,red,58,24,2021-03-01,Young
Farah Schukert,Agender,34,Feeneymouth,Queensland,2021-03-15,2021-04-08,4556,117,3,351,Jacket,Shearling,M,yellow,60,24,2021-03-01,Young
Farah Schukert,Agender,34,Feeneymouth,Queensland,2021-03-15,2021-04-08,4557,91,1,91,Shirt,Linen,S,red,67,24,2021-03-01,Young
Farah Schukert,Agender,34,Feeneymouth,Queensland,2021-03-15,2021-04-08,4558,93,3,279,Jacket,Coach,S,red,76,24,2021-03-01,Young
Farah Schukert,Agender,34,Feeneymouth,Queensland,2021-03-15,2021-04-08,4559,106,2,212,Shirt,Chambray,L,indigo,79,24,2021-03-01,Young
Farah Schukert,Agender,34,Feeneymouth,Queensland,2021-03-15,2021-04-08,4560,113,1,113,Trousers,Chinos,M,red,54,24,2021-03-01,Young
Berry Rosiello,Agender,28,New Charlieville,Western Australia,2021-02-06,2021-02-28,3850,105,3,315,Trousers,Pleated,XL,green,55,22,2021-02-01,Young
Berry Rosiello,Agender,28,New Charlieville,Western Australia,2021-02-06,2021-02-28,3851,113,1,113,Jacket,Parka,XS,red,65,22,2021-02-01,Young
Berry Rosiello,Agender,28,New Charlieville,Western Australia,2021-02-06,2021-02-28,3852,113,2,226,Trousers,Chinos,XL,indigo,78,22,2021-02-01,Young
Delcine Pickthorn,Genderfluid,44,Lake Lincoln,Queensland,2021-06-06,2021-06-18,3853,107,2,214,Jacket,Denim,L,blue,42,12,2021-06-01,Middle Aged
Delcine Pickthorn,Genderfluid,44,Lake Lincoln,Queensland,2021-06-06,2021-06-18,3854,109,1,109,Jacket,Peacoat,M,indigo,52,12,2021-06-01,Middle Aged
Delcine Pickthorn,Genderfluid,44,Lake Lincoln,Queensland,2021-06-06,2021-06-18,3855,91,2,182,Shirt,Linen,S,green,58,12,2021-06-01,Middle Aged
Leonore Yakunikov,Agender,21,Langworthville,New South Wales,2021-06-23,2021-07-13,3864,113,3,339,Trousers,Chinos,S,violet,64,20,2021-06-01,Young
Leonore Yakunikov,Agender,21,Langworthville,New South Wales,2021-06-23,2021-07-13,3865,109,1,109,Shirt,Mandarin Collar,S,orange,52,20,2021-06-01,Young
Leonore Yakunikov,Agender,21,Langworthville,New South Wales,2021-06-23,2021-07-13,3866,106,2,212,Shirt,Chambray,XL,red,42,20,2021-06-01,Young
Leonore Yakunikov,Agender,21,Langworthville,New South Wales,2021-10-02,2021-10-03,4043,93,2,186,Trousers,Joggers,XL,red,58,1,2021-10-01,Young
Leonore Yakunikov,Agender,21,Langworthville,New South Wales,2021-10-02,2021-10-03,4044,95,2,190,Shirt,Polo,L,yellow,46,1,2021-10-01,Young
Leonore Yakunikov,Agender,21,Langworthville,New South Wales,2021-10-02,2021-10-03,4045,99,1,99,Trousers,High-Waisted,S,yellow,56,1,2021-10-01,Young
Leonore Yakunikov,Agender,21,Langworthville,New South Wales,2021-10-02,2021-10-03,4046,96,3,288,Shirt,Oxford Cloth,XS,indigo,61,1,2021-10-01,Young
Leonore Yakunikov,Agender,21,Langworthville,New South Wales,2021-10-02,2021-10-03,4047,107,2,214,Jacket,Denim,L,violet,50,1,2021-10-01,Young
Leonore Yakunikov,Agender,21,Langworthville,New South Wales,2021-10-02,2021-10-03,4048,119,2,238,Jacket,Trench Coat,XS,green,62,1,2021-10-01,Young
Leonore Yakunikov,Agender,21,Langworthville,New South Wales,2021-10-02,2021-10-03,4049,91,2,182,Jacket,Pullover,L,indigo,50,1,2021-10-01,Young
Rachel Colebrook,Genderqueer,38,Stokestown,Australian Capital Territory,2021-01-02,2021-01-07,4187,90,1,90,Trousers,Relaxed Leg,S,green,51,5,2021-01-01,Middle Aged
Rachel Colebrook,Genderqueer,38,Stokestown,Australian Capital Territory,2021-01-02,2021-01-07,4188,104,2,208,Shirt,Dress,M,green,65,5,2021-01-01,Middle Aged
Rachel Colebrook,Genderqueer,38,Stokestown,Australian Capital Territory,2021-01-02,2021-01-07,4189,95,3,285,Shirt,Polo,XL,violet,79,5,2021-01-01,Middle Aged
Rachel Colebrook,Genderqueer,38,Stokestown,Australian Capital Territory,2021-01-02,2021-01-07,4190,96,2,192,Trousers,Drawstring,M,yellow,55,5,2021-01-01,Middle Aged
Rachel Colebrook,Genderqueer,38,Stokestown,Australian Capital Territory,2021-01-02,2021-01-07,4191,94,3,282,Shirt,Henley,XL,indigo,52,5,2021-01-01,Middle Aged
Fabian Gostage,Polygender,40,Hackettland,South Australia,2021-05-22,2021-05-25,3231,106,3,318,Trousers,Wool,M,green,41,3,2021-05-01,Middle Aged
Fabian Gostage,Polygender,40,Hackettland,South Australia,2021-05-22,2021-05-25,3232,98,3,294,Jacket,Leather,L,yellow,45,3,2021-05-01,Middle Aged
Fabian Gostage,Polygender,40,Hackettland,South Australia,2021-05-22,2021-05-25,3233,93,1,93,Jacket,Coach,XS,yellow,52,3,2021-05-01,Middle Aged
Fabian Gostage,Polygender,40,Hackettland,South Australia,2021-05-22,2021-05-25,3234,93,2,186,Trousers,Joggers,M,blue,78,3,2021-05-01,Middle Aged
Fabian Gostage,Polygender,40,Hackettland,South Australia,2021-05-22,2021-05-25,3235,91,2,182,Shirt,Linen,S,green,58,3,2021-05-01,Middle Aged
Fabian Gostage,Polygender,40,Hackettland,South Australia,2021-05-22,2021-05-25,3236,94,2,188,Shirt,Henley,S,yellow,70,3,2021-05-01,Middle Aged
Fabian Gostage,Polygender,40,Hackettland,South Australia,2021-05-22,2021-05-25,3237,91,1,91,Jacket,Pullover,S,violet,74,3,2021-05-01,Middle Aged
Fabian Gostage,Polygender,40,Hackettland,South Australia,2021-05-22,2021-05-25,3238,118,1,118,Jacket,Puffer,S,red,62,3,2021-05-01,Middle Aged
Fabian Gostage,Polygender,40,Hackettland,South Australia,2021-05-22,2021-05-25,3239,109,2,218,Shirt,Mandarin Collar,S,blue,44,3,2021-05-01,Middle Aged
Trudey Betteridge,Genderfluid,45,Edwardtown,Western Australia,2021-03-31,2021-04-20,4396,98,1,98,Jacket,Leather,L,green,71,20,2021-03-01,Middle Aged
Trudey Betteridge,Genderfluid,45,Edwardtown,Western Australia,2021-03-31,2021-04-20,4397,115,3,345,Trousers,Cropped,XL,blue,51,20,2021-03-01,Middle Aged
Valentine Marley,Bigender,61,New Ava,Queensland,2021-01-29,2021-02-13,875,118,1,118,Jacket,Puffer,L,orange,66,15,2021-01-01,Senior
Valentine Marley,Bigender,61,New Ava,Queensland,2021-01-29,2021-02-13,876,102,3,306,Jacket,Windbreaker,S,green,65,15,2021-01-01,Senior
Sherwynd Batsford,Polygender,45,Samuelside,New South Wales,2021-07-24,2021-08-10,2825,104,1,104,Shirt,Dress,XL,orange,78,17,2021-07-01,Middle Aged
Sherwynd Batsford,Polygender,45,Samuelside,New South Wales,2021-07-24,2021-08-10,2826,91,2,182,Shirt,Linen,XS,blue,53,17,2021-07-01,Middle Aged
Sherwynd Batsford,Polygender,45,Samuelside,New South Wales,2021-07-24,2021-08-10,2827,96,3,288,Shirt,Oxford Cloth,XL,red,47,17,2021-07-01,Middle Aged
Sherwynd Batsford,Polygender,45,Samuelside,New South Wales,2021-07-24,2021-08-10,2828,109,2,218,Jacket,Peacoat,XL,green,68,17,2021-07-01,Middle Aged
Alina Strotton,Female,54,West Chasemouth,Australian Capital Territory,2021-02-26,2021-03-03,1973,92,3,276,Shirt,Denim,S,red,57,5,2021-02-01,Middle Aged
Alina Strotton,Female,54,West Chasemouth,Australian Capital Territory,2021-02-26,2021-03-03,1974,109,2,218,Jacket,Peacoat,XL,red,58,5,2021-02-01,Middle Aged
Alina Strotton,Female,54,West Chasemouth,Australian Capital Territory,2021-02-26,2021-03-03,1975,96,1,96,Trousers,Drawstring,XS,yellow,41,5,2021-02-01,Middle Aged
Alina Strotton,Female,54,West Chasemouth,Australian Capital Territory,2021-02-26,2021-03-03,1976,105,2,210,Trousers,Pleated,XL,green,55,5,2021-02-01,Middle Aged
Elvira Sarfati,Agender,59,Lake Danielland,Tasmania,2021-03-09,2021-03-12,808,90,2,180,Trousers,Relaxed Leg,S,red,70,3,2021-03-01,Senior
Elvira Sarfati,Agender,59,Lake Danielland,Tasmania,2021-03-09,2021-03-12,809,118,3,354,Jacket,Puffer,L,yellow,46,3,2021-03-01,Senior
Elvira Sarfati,Agender,59,Lake Danielland,Tasmania,2021-03-09,2021-03-12,810,96,2,192,Trousers,Drawstring,L,green,43,3,2021-03-01,Senior
Elvira Sarfati,Agender,59,Lake Danielland,Tasmania,2021-03-09,2021-03-12,811,112,2,224,Jacket,Cardigan,XS,yellow,46,3,2021-03-01,Senior
Elvira Sarfati,Agender,59,Lake Danielland,Tasmania,2021-03-09,2021-03-12,812,119,2,238,Jacket,Trench Coat,M,blue,46,3,2021-03-01,Senior
Elvira Sarfati,Agender,59,Lake Danielland,Tasmania,2021-03-09,2021-03-12,813,91,3,273,Jacket,Pullover,M,blue,44,3,2021-03-01,Senior
Elvira Sarfati,Agender,59,Lake Danielland,Tasmania,2021-03-09,2021-03-12,814,98,3,294,Jacket,Leather,S,red,80,3,2021-03-01,Senior
Elvira Sarfati,Agender,59,Lake Danielland,Tasmania,2021-03-09,2021-03-12,815,93,1,93,Trousers,Joggers,M,yellow,72,3,2021-03-01,Senior
Elvira Sarfati,Agender,59,Lake Danielland,Tasmania,2021-03-09,2021-03-12,816,109,2,218,Jacket,Peacoat,S,green,41,3,2021-03-01,Senior
Ianthe Magowan,Male,52,Lake Laurenview,Tasmania,2021-09-02,2021-09-27,3872,94,2,188,Shirt,Henley,M,blue,42,25,2021-09-01,Middle Aged
Ianthe Magowan,Male,52,Lake Laurenview,Tasmania,2021-09-02,2021-09-27,3873,91,1,91,Jacket,Pullover,XL,green,65,25,2021-09-01,Middle Aged
Ianthe Magowan,Male,52,Lake Laurenview,Tasmania,2021-09-02,2021-09-27,3874,119,2,238,Shirt,Casual Slim Fit,XL,violet,57,25,2021-09-01,Middle Aged
Ianthe Magowan,Male,52,Lake Laurenview,Tasmania,2021-09-02,2021-09-27,3875,113,2,226,Jacket,Parka,XL,indigo,78,25,2021-09-01,Middle Aged
Merl Gayforth,Genderfluid,30,South Adam,Western Australia,2021-01-11,2021-02-03,481,104,2,208,Shirt,Dress,XL,red,47,23,2021-01-01,Young
Merl Gayforth,Genderfluid,30,South Adam,Western Australia,2021-01-11,2021-02-03,482,119,1,119,Shirt,Casual Slim Fit,L,red,78,23,2021-01-01,Young
Merl Gayforth,Genderfluid,30,South Adam,Western Australia,2021-01-11,2021-02-03,483,109,2,218,Shirt,Mandarin Collar,XL,violet,71,23,2021-01-01,Young
Merl Gayforth,Genderfluid,30,South Adam,Western Australia,2021-01-11,2021-02-03,484,98,3,294,Shirt,Camp Collared,L,indigo,72,23,2021-01-01,Young
Merl Gayforth,Genderfluid,30,South Adam,Western Australia,2021-01-11,2021-02-03,485,94,1,94,Trousers,Cords,M,orange,53,23,2021-01-01,Young
Merl Gayforth,Genderfluid,30,South Adam,Western Australia,2021-01-11,2021-02-03,486,106,2,212,Shirt,Chambray,M,violet,72,23,2021-01-01,Young
Bird McGarvie,Female,60,East Jakeberg,New South Wales,2021-10-15,2021-10-31,52,106,2,212,Shirt,Chambray,M,orange,43,16,2021-10-01,Senior
Bird McGarvie,Female,60,East Jakeberg,New South Wales,2021-10-15,2021-10-31,53,118,3,354,Shirt,Flannel,XS,indigo,46,16,2021-10-01,Senior
Bird McGarvie,Female,60,East Jakeberg,New South Wales,2021-10-15,2021-10-31,54,91,2,182,Jacket,Pullover,XS,violet,61,16,2021-10-01,Senior
Bird McGarvie,Female,60,East Jakeberg,New South Wales,2021-10-15,2021-10-31,55,117,1,117,Jacket,Shearling,XS,violet,75,16,2021-10-01,Senior
Bird McGarvie,Female,60,East Jakeberg,New South Wales,2021-10-15,2021-10-31,56,112,2,224,Trousers,Tracksuit Bottoms,XL,blue,68,16,2021-10-01,Senior
Bird McGarvie,Female,60,East Jakeberg,New South Wales,2021-10-15,2021-10-31,57,109,2,218,Jacket,Peacoat,L,green,73,16,2021-10-01,Senior
Bird McGarvie,Female,60,East Jakeberg,New South Wales,2021-10-15,2021-10-31,58,92,3,276,Shirt,Denim,XL,orange,67,16,2021-10-01,Senior
Evelyn Chevolleau,Polygender,79,Port Logan,Western Australia,2021-01-02,2021-01-03,2052,106,3,318,Shirt,Chambray,L,blue,69,1,2021-01-01,Senior
Evelyn Chevolleau,Polygender,79,Port Logan,Western Australia,2021-01-02,2021-01-03,2053,96,1,96,Trousers,Drawstring,M,blue,41,1,2021-01-01,Senior
Evelyn Chevolleau,Polygender,79,Port Logan,Western Australia,2021-01-02,2021-01-03,2054,112,1,112,Jacket,Cardigan,XS,violet,40,1,2021-01-01,Senior
Horatius Genever,Genderqueer,37,Gabriellatown,Victoria,2021-01-24,2021-02-07,3883,100,2,200,Jacket,Bomber,XL,violet,53,14,2021-01-01,Middle Aged
Horatius Genever,Genderqueer,37,Gabriellatown,Victoria,2021-01-24,2021-02-07,3884,98,3,294,Jacket,Leather,S,yellow,41,14,2021-01-01,Middle Aged
Horatius Genever,Genderqueer,37,Gabriellatown,Victoria,2021-01-24,2021-02-07,3885,98,1,98,Jacket,Leather,S,red,80,14,2021-01-01,Middle Aged
Horatius Genever,Genderqueer,37,Gabriellatown,Victoria,2021-01-24,2021-02-07,3886,102,2,204,Trousers,Cargo Pants,M,indigo,51,14,2021-01-01,Middle Aged
Horatius Genever,Genderqueer,37,Gabriellatown,Victoria,2021-01-24,2021-02-07,3887,106,2,212,Shirt,Chambray,XS,blue,76,14,2021-01-01,Middle Aged
Horatius Genever,Genderqueer,37,Gabriellatown,Victoria,2021-01-24,2021-02-07,3888,91,1,91,Jacket,Pullover,XS,yellow,65,14,2021-01-01,Middle Aged
Chadwick Cruddas,Agender,41,West Bailey,Victoria,2021-04-13,2021-04-27,1318,96,1,96,Trousers,Drawstring,M,violet,73,14,2021-04-01,Middle Aged
Chadwick Cruddas,Agender,41,West Bailey,Victoria,2021-04-13,2021-04-27,1319,102,2,204,Trousers,Cargo Pants,XS,blue,73,14,2021-04-01,Middle Aged
Chadwick Cruddas,Agender,41,West Bailey,Victoria,2021-04-13,2021-04-27,1320,118,3,354,Shirt,Flannel,L,red,77,14,2021-04-01,Middle Aged
Chadwick Cruddas,Agender,41,West Bailey,Victoria,2021-04-13,2021-04-27,1321,112,1,112,Trousers,Tracksuit Bottoms,XS,red,55,14,2021-04-01,Middle Aged
Chadwick Cruddas,Agender,41,West Bailey,Victoria,2021-04-13,2021-04-27,1322,102,3,306,Jacket,Windbreaker,L,blue,41,14,2021-04-01,Middle Aged
Chadwick Cruddas,Agender,41,West Bailey,Victoria,2021-04-13,2021-04-27,1323,100,1,100,Jacket,Bomber,S,blue,50,14,2021-04-01,Middle Aged
Winn Siemandl,Bigender,76,South Tyler,Tasmania,2021-06-13,2021-07-07,393,92,3,276,Shirt,Denim,XL,indigo,58,24,2021-06-01,Senior
Winn Siemandl,Bigender,76,South Tyler,Tasmania,2021-06-13,2021-07-07,394,96,2,192,Shirt,Oxford Cloth,XL,green,42,24,2021-06-01,Senior
Winn Siemandl,Bigender,76,South Tyler,Tasmania,2021-06-13,2021-07-07,395,109,2,218,Jacket,Peacoat,S,yellow,49,24,2021-06-01,Senior
Winn Siemandl,Bigender,76,South Tyler,Tasmania,2021-06-13,2021-07-07,396,102,3,306,Trousers,Cargo Pants,XL,orange,61,24,2021-06-01,Senior
Winn Siemandl,Bigender,76,South Tyler,Tasmania,2021-06-13,2021-07-07,397,104,3,312,Shirt,Dress,XS,green,51,24,2021-06-01,Senior
Winn Siemandl,Bigender,76,South Tyler,Tasmania,2021-06-13,2021-07-07,398,93,1,93,Jacket,Coach,S,yellow,67,24,2021-06-01,Senior
Olimpia Tankus,Genderfluid,39,North Jessica,Western Australia,2021-03-20,2021-04-09,1119,98,2,196,Shirt,Camp Collared,M,green,41,20,2021-03-01,Middle Aged
Olimpia Tankus,Genderfluid,39,North Jessica,Western Australia,2021-03-20,2021-04-09,1120,93,2,186,Jacket,Coach,S,green,60,20,2021-03-01,Middle Aged
Olimpia Tankus,Genderfluid,39,North Jessica,Western Australia,2021-03-20,2021-04-09,1121,96,1,96,Shirt,Oxford Cloth,S,red,53,20,2021-03-01,Middle Aged
Olimpia Tankus,Genderfluid,39,North Jessica,Western Australia,2021-03-20,2021-04-09,1122,109,1,109,Jacket,Peacoat,XS,orange,78,20,2021-03-01,Middle Aged
Olimpia Tankus,Genderfluid,39,North Jessica,Western Australia,2021-03-20,2021-04-09,1123,92,2,184,Shirt,Denim,S,blue,47,20,2021-03-01,Middle Aged
Marabel Swinfon,Male,42,Maddisonmouth,Queensland,2021-09-28,2021-10-13,1980,102,1,102,Jacket,Windbreaker,L,yellow,70,15,2021-09-01,Middle Aged
Marabel Swinfon,Male,42,Maddisonmouth,Queensland,2021-09-28,2021-10-13,1981,118,1,118,Jacket,Puffer,M,green,72,15,2021-09-01,Middle Aged
Marabel Swinfon,Male,42,Maddisonmouth,Queensland,2021-09-28,2021-10-13,1982,112,1,112,Jacket,Cardigan,S,green,62,15,2021-09-01,Middle Aged
Ronni Gruszczak,Agender,41,Jademouth,Victoria,2021-01-16,2021-02-09,3876,112,2,224,Jacket,Cardigan,XS,violet,40,24,2021-01-01,Middle Aged
Ronni Gruszczak,Agender,41,Jademouth,Victoria,2021-01-16,2021-02-09,3877,119,3,357,Shirt,Casual Slim Fit,S,green,72,24,2021-01-01,Middle Aged
Ronni Gruszczak,Agender,41,Jademouth,Victoria,2021-01-16,2021-02-09,3878,102,3,306,Trousers,Cargo Pants,S,orange,60,24,2021-01-01,Middle Aged
Ronni Gruszczak,Agender,41,Jademouth,Victoria,2021-01-16,2021-02-09,3879,100,1,100,Jacket,Bomber,M,green,61,24,2021-01-01,Middle Aged
Ronni Gruszczak,Agender,41,Jademouth,Victoria,2021-01-16,2021-02-09,3880,119,2,238,Jacket,Trench Coat,S,blue,64,24,2021-01-01,Middle Aged
Ronni Gruszczak,Agender,41,Jademouth,Victoria,2021-01-16,2021-02-09,3881,93,3,279,Jacket,Coach,M,indigo,64,24,2021-01-01,Middle Aged
Ronni Gruszczak,Agender,41,Jademouth,Victoria,2021-01-16,2021-02-09,3882,117,3,351,Jacket,Shearling,L,green,66,24,2021-01-01,Middle Aged
Frayda Simonini,Non-binary,75,West Sophie,Northern Territory,2021-06-10,2021-07-05,2297,99,1,99,Trousers,High-Waisted,L,violet,68,25,2021-06-01,Senior
Frayda Simonini,Non-binary,75,West Sophie,Northern Territory,2021-06-10,2021-07-05,2298,119,3,357,Jacket,Trench Coat,L,violet,76,25,2021-06-01,Senior
Frayda Simonini,Non-binary,75,West Sophie,Northern Territory,2021-06-10,2021-07-05,2299,119,1,119,Jacket,Trench Coat,L,green,73,25,2021-06-01,Senior
Frayda Simonini,Non-binary,75,West Sophie,Northern Territory,2021-06-10,2021-07-05,2300,99,1,99,Trousers,High-Waisted,M,red,59,25,2021-06-01,Senior
Cary Boaler,Genderfluid,27,New Isaac,Victoria,2021-07-07,2021-07-21,3889,100,2,200,Jacket,Bomber,S,red,74,14,2021-07-01,Young
Cary Boaler,Genderfluid,27,New Isaac,Victoria,2021-07-07,2021-07-21,3890,112,3,336,Jacket,Cardigan,S,blue,53,14,2021-07-01,Young
Cary Boaler,Genderfluid,27,New Isaac,Victoria,2021-07-07,2021-07-21,3891,94,1,94,Shirt,Henley,L,violet,51,14,2021-07-01,Young
Cary Boaler,Genderfluid,27,New Isaac,Victoria,2021-07-07,2021-07-21,3892,98,3,294,Shirt,Camp Collared,XS,orange,52,14,2021-07-01,Young
Cary Boaler,Genderfluid,27,New Isaac,Victoria,2021-07-07,2021-07-21,3893,109,3,327,Jacket,Peacoat,S,green,41,14,2021-07-01,Young
Cary Boaler,Genderfluid,27,New Isaac,Victoria,2021-07-07,2021-07-21,3894,91,1,91,Shirt,Linen,S,indigo,72,14,2021-07-01,Young
Cary Boaler,Genderfluid,27,New Isaac,Victoria,2021-07-07,2021-07-21,3895,96,2,192,Shirt,Oxford Cloth,S,blue,51,14,2021-07-01,Young
Cary Boaler,Genderfluid,27,New Isaac,Victoria,2021-07-07,2021-07-21,3896,119,2,238,Shirt,Casual Slim Fit,XL,blue,68,14,2021-07-01,Young
Tobin Jeffryes,Non-binary,40,Lake Alice,Victoria,2021-05-22,2021-05-25,4837,93,2,186,Jacket,Coach,S,blue,47,3,2021-05-01,Middle Aged
Tobin Jeffryes,Non-binary,40,Lake Alice,Victoria,2021-05-22,2021-05-25,4838,104,3,312,Shirt,Dress,XS,red,63,3,2021-05-01,Middle Aged
Tobin Jeffryes,Non-binary,40,Lake Alice,Victoria,2021-05-22,2021-05-25,4839,95,2,190,Shirt,Polo,S,blue,76,3,2021-05-01,Middle Aged
Meredith Canniffe,Polygender,41,Port Siennaport,South Australia,2021-03-14,2021-04-04,3921,96,2,192,Trousers,Drawstring,S,indigo,46,21,2021-03-01,Middle Aged
Meredith Canniffe,Polygender,41,Port Siennaport,South Australia,2021-03-14,2021-04-04,3922,113,2,226,Trousers,Chinos,XL,indigo,78,21,2021-03-01,Middle Aged
Meredith Canniffe,Polygender,41,Port Siennaport,South Australia,2021-03-14,2021-04-04,3923,90,1,90,Trousers,Relaxed Leg,L,green,62,21,2021-03-01,Middle Aged
Meredith Canniffe,Polygender,41,Port Siennaport,South Australia,2021-03-14,2021-04-04,3924,91,3,273,Shirt,Linen,S,yellow,60,21,2021-03-01,Middle Aged
Meredith Canniffe,Polygender,41,Port Siennaport,South Australia,2021-03-14,2021-04-04,3925,90,2,180,Trousers,Relaxed Leg,L,yellow,65,21,2021-03-01,Middle Aged
Meredith Canniffe,Polygender,41,Port Siennaport,South Australia,2021-03-14,2021-04-04,3926,119,1,119,Shirt,Casual Slim Fit,M,yellow,76,21,2021-03-01,Middle Aged
Avivah Chipchase,Bigender,60,Eliburgh,Tasmania,2021-07-18,2021-07-31,3941,97,1,97,Trousers,Slim-Fit,S,blue,49,13,2021-07-01,Senior
Avivah Chipchase,Bigender,60,Eliburgh,Tasmania,2021-07-18,2021-07-31,3942,104,2,208,Shirt,Dress,L,violet,74,13,2021-07-01,Senior
Avivah Chipchase,Bigender,60,Eliburgh,Tasmania,2021-07-18,2021-07-31,3943,102,2,204,Jacket,Windbreaker,L,green,62,13,2021-07-01,Senior
Avivah Chipchase,Bigender,60,Eliburgh,Tasmania,2021-07-18,2021-07-31,3944,93,3,279,Trousers,Joggers,M,indigo,66,13,2021-07-01,Senior
Avivah Chipchase,Bigender,60,Eliburgh,Tasmania,2021-07-18,2021-07-31,3945,119,1,119,Shirt,Casual Slim Fit,M,yellow,76,13,2021-07-01,Senior
Avivah Chipchase,Bigender,60,Eliburgh,Tasmania,2021-07-18,2021-07-31,3946,94,2,188,Shirt,Henley,S,orange,46,13,2021-07-01,Senior
Avivah Chipchase,Bigender,60,Eliburgh,Tasmania,2021-07-18,2021-07-31,3947,99,1,99,Trousers,High-Waisted,M,indigo,61,13,2021-07-01,Senior
Chan Duchesne,Male,79,Walterland,New South Wales,2021-02-26,2021-03-08,1745,112,2,224,Jacket,Cardigan,XS,indigo,70,10,2021-02-01,Senior
Chan Duchesne,Male,79,Walterland,New South Wales,2021-02-26,2021-03-08,1746,109,1,109,Shirt,Mandarin Collar,XL,orange,59,10,2021-02-01,Senior
Chan Duchesne,Male,79,Walterland,New South Wales,2021-02-26,2021-03-08,1747,91,1,91,Shirt,Linen,M,orange,42,10,2021-02-01,Senior
Chan Duchesne,Male,79,Walterland,New South Wales,2021-02-26,2021-03-08,1748,98,3,294,Jacket,Leather,XS,indigo,78,10,2021-02-01,Senior
Chan Duchesne,Male,79,Walterland,New South Wales,2021-02-26,2021-03-08,1749,97,1,97,Trousers,Slim-Fit,S,violet,46,10,2021-02-01,Senior
Chan Duchesne,Male,79,Walterland,New South Wales,2021-02-26,2021-03-08,1750,119,2,238,Shirt,Casual Slim Fit,XL,blue,68,10,2021-02-01,Senior
Chan Duchesne,Male,79,Walterland,New South Wales,2021-02-26,2021-03-08,1751,119,3,357,Jacket,Trench Coat,L,yellow,77,10,2021-02-01,Senior
Merrill Care,Bigender,57,Port Rosemouth,Queensland,2021-10-08,2021-10-13,3948,98,1,98,Shirt,Camp Collared,XL,orange,48,5,2021-10-01,Senior
Merrill Care,Bigender,57,Port Rosemouth,Queensland,2021-10-08,2021-10-13,3949,98,2,196,Jacket,Leather,L,red,76,5,2021-10-01,Senior
Merrill Care,Bigender,57,Port Rosemouth,Queensland,2021-10-08,2021-10-13,3950,96,3,288,Shirt,Oxford Cloth,L,green,52,5,2021-10-01,Senior
Merrill Care,Bigender,57,Port Rosemouth,Queensland,2021-10-08,2021-10-13,3951,117,2,234,Jacket,Shearling,XS,indigo,68,5,2021-10-01,Senior
Merrill Care,Bigender,57,Port Rosemouth,Queensland,2021-10-08,2021-10-13,3952,102,1,102,Jacket,Windbreaker,XS,red,79,5,2021-10-01,Senior
Merrill Care,Bigender,57,Port Rosemouth,Queensland,2021-10-08,2021-10-13,3953,99,3,297,Trousers,High-Waisted,M,orange,69,5,2021-10-01,Senior
Tucky Kitchaside,Female,57,East Zacharystad,Queensland,2021-02-08,2021-02-11,677,109,2,218,Jacket,Peacoat,XS,orange,78,3,2021-02-01,Senior
Tucky Kitchaside,Female,57,East Zacharystad,Queensland,2021-02-08,2021-02-11,678,118,2,236,Shirt,Flannel,XL,blue,61,3,2021-02-01,Senior
Tucky Kitchaside,Female,57,East Zacharystad,Queensland,2021-02-08,2021-02-11,679,93,1,93,Trousers,Joggers,L,violet,60,3,2021-02-01,Senior
Tucky Kitchaside,Female,57,East Zacharystad,Queensland,2021-02-08,2021-02-11,680,119,1,119,Shirt,Casual Slim Fit,M,red,67,3,2021-02-01,Senior
Tucky Kitchaside,Female,57,East Zacharystad,Queensland,2021-02-08,2021-02-11,681,102,3,306,Trousers,Cargo Pants,L,red,61,3,2021-02-01,Senior
Tucky Kitchaside,Female,57,East Zacharystad,Queensland,2021-02-08,2021-02-11,682,117,1,117,Jacket,Shearling,M,violet,74,3,2021-02-01,Senior
Merrill Care,Bigender,57,Port Rosemouth,Queensland,2021-04-20,2021-05-03,4454,119,2,238,Shirt,Casual Slim Fit,XS,yellow,63,13,2021-04-01,Senior
Merrill Care,Bigender,57,Port Rosemouth,Queensland,2021-06-18,2021-07-14,4799,91,1,91,Jacket,Pullover,M,violet,78,26,2021-06-01,Senior
Merrill Care,Bigender,57,Port Rosemouth,Queensland,2021-06-18,2021-07-14,4800,102,2,204,Jacket,Windbreaker,L,blue,41,26,2021-06-01,Senior
Merrill Care,Bigender,57,Port Rosemouth,Queensland,2021-06-18,2021-07-14,4801,119,3,357,Jacket,Trench Coat,M,orange,43,26,2021-06-01,Senior
Merrill Care,Bigender,57,Port Rosemouth,Queensland,2021-06-18,2021-07-14,4802,105,1,105,Shirt,Cuban Collar,L,blue,65,26,2021-06-01,Senior
Merrill Care,Bigender,57,Port Rosemouth,Queensland,2021-06-18,2021-07-14,4803,102,3,306,Jacket,Windbreaker,L,red,40,26,2021-06-01,Senior
Merrill Care,Bigender,57,Port Rosemouth,Queensland,2021-06-18,2021-07-14,4804,105,3,315,Shirt,Cuban Collar,L,yellow,77,26,2021-06-01,Senior
Lucias Forsythe,Bigender,40,West Kiara,Tasmania,2021-04-14,2021-05-08,1607,96,1,96,Shirt,Oxford Cloth,L,orange,48,24,2021-04-01,Middle Aged
Lucias Forsythe,Bigender,40,West Kiara,Tasmania,2021-04-14,2021-05-08,1608,93,3,279,Trousers,Joggers,XL,green,56,24,2021-04-01,Middle Aged
Lucias Forsythe,Bigender,40,West Kiara,Tasmania,2021-04-14,2021-05-08,1609,102,1,102,Trousers,Cargo Pants,XS,indigo,51,24,2021-04-01,Middle Aged
Eloise Ondrusek,Polygender,43,South Codyhaven,Tasmania,2021-10-11,2021-11-03,3954,106,2,212,Trousers,Wool,S,indigo,45,23,2021-10-01,Middle Aged
Eloise Ondrusek,Polygender,43,South Codyhaven,Tasmania,2021-10-11,2021-11-03,3955,117,2,234,Jacket,Shearling,L,orange,58,23,2021-10-01,Middle Aged
Eloise Ondrusek,Polygender,43,South Codyhaven,Tasmania,2021-10-11,2021-11-03,3956,96,1,96,Trousers,Drawstring,S,blue,48,23,2021-10-01,Middle Aged
Eloise Ondrusek,Polygender,43,South Codyhaven,Tasmania,2021-10-11,2021-11-03,3957,97,2,194,Trousers,Slim-Fit,M,indigo,67,23,2021-10-01,Middle Aged
Trenton Lydiard,Genderfluid,70,West Isabelton,Queensland,2021-05-16,2021-05-27,3958,90,3,270,Trousers,Relaxed Leg,S,orange,47,11,2021-05-01,Senior
Trenton Lydiard,Genderfluid,70,West Isabelton,Queensland,2021-05-16,2021-05-27,3959,119,3,357,Jacket,Trench Coat,M,indigo,42,11,2021-05-01,Senior
Trenton Lydiard,Genderfluid,70,West Isabelton,Queensland,2021-05-16,2021-05-27,3960,94,1,94,Trousers,Cords,M,red,68,11,2021-05-01,Senior
Trenton Lydiard,Genderfluid,70,West Isabelton,Queensland,2021-05-16,2021-05-27,3961,119,2,238,Jacket,Trench Coat,L,green,73,11,2021-05-01,Senior
Trenton Lydiard,Genderfluid,70,West Isabelton,Queensland,2021-05-16,2021-05-27,3962,105,3,315,Trousers,Pleated,L,indigo,73,11,2021-05-01,Senior
Trenton Lydiard,Genderfluid,70,West Isabelton,Queensland,2021-05-16,2021-05-27,3963,105,2,210,Shirt,Cuban Collar,L,yellow,77,11,2021-05-01,Senior
Trenton Lydiard,Genderfluid,70,West Isabelton,Queensland,2021-05-16,2021-05-27,3964,98,2,196,Shirt,Camp Collared,XL,yellow,44,11,2021-05-01,Senior
Trenton Lydiard,Genderfluid,70,West Isabelton,Queensland,2021-05-16,2021-05-27,3965,106,3,318,Trousers,Wool,L,violet,61,11,2021-05-01,Senior
Orton Heigl,Genderfluid,64,West Jackfort,South Australia,2021-05-05,2021-05-21,3966,106,3,318,Shirt,Chambray,M,green,56,16,2021-05-01,Senior
Orton Heigl,Genderfluid,64,West Jackfort,South Australia,2021-05-05,2021-05-21,3967,93,2,186,Jacket,Coach,XS,violet,58,16,2021-05-01,Senior
Orton Heigl,Genderfluid,64,West Jackfort,South Australia,2021-05-05,2021-05-21,3968,94,1,94,Shirt,Henley,XS,violet,50,16,2021-05-01,Senior
Orton Heigl,Genderfluid,64,West Jackfort,South Australia,2021-05-05,2021-05-21,3969,99,3,297,Trousers,High-Waisted,L,violet,68,16,2021-05-01,Senior
Orton Heigl,Genderfluid,64,West Jackfort,South Australia,2021-05-05,2021-05-21,3970,105,1,105,Trousers,Pleated,L,yellow,62,16,2021-05-01,Senior
Orton Heigl,Genderfluid,64,West Jackfort,South Australia,2021-05-05,2021-05-21,3971,119,1,119,Jacket,Trench Coat,XL,orange,71,16,2021-05-01,Senior
Nicholle Coom,Male,49,New Madisonborough,Victoria,2021-10-22,2021-11-16,955,93,3,279,Trousers,Joggers,L,red,63,25,2021-10-01,Middle Aged
Nicholle Coom,Male,49,New Madisonborough,Victoria,2021-10-22,2021-11-16,956,97,2,194,Trousers,Slim-Fit,L,red,80,25,2021-10-01,Middle Aged
Nicholle Coom,Male,49,New Madisonborough,Victoria,2021-10-22,2021-11-16,957,102,1,102,Trousers,Cargo Pants,M,orange,51,25,2021-10-01,Middle Aged
Nicholle Coom,Male,49,New Madisonborough,Victoria,2021-10-22,2021-11-16,958,109,1,109,Jacket,Peacoat,XS,green,61,25,2021-10-01,Middle Aged
Nicholle Coom,Male,49,New Madisonborough,Victoria,2021-10-22,2021-11-16,959,106,3,318,Shirt,Chambray,XL,indigo,61,25,2021-10-01,Middle Aged
Nicholle Coom,Male,49,New Madisonborough,Victoria,2021-10-22,2021-11-16,960,105,2,210,Shirt,Cuban Collar,S,indigo,41,25,2021-10-01,Middle Aged
Lenna Beau,Genderqueer,36,Port Lillianside,South Australia,2021-08-22,2021-09-16,1554,102,1,102,Trousers,Cargo Pants,M,violet,58,25,2021-08-01,Middle Aged
Lenna Beau,Genderqueer,36,Port Lillianside,South Australia,2021-08-22,2021-09-16,1555,105,1,105,Trousers,Pleated,M,yellow,54,25,2021-08-01,Middle Aged
Lenna Beau,Genderqueer,36,Port Lillianside,South Australia,2021-08-22,2021-09-16,1556,99,1,99,Trousers,High-Waisted,XS,orange,55,25,2021-08-01,Middle Aged
Lenna Beau,Genderqueer,36,Port Lillianside,South Australia,2021-08-22,2021-09-16,1557,91,3,273,Shirt,Linen,M,blue,58,25,2021-08-01,Middle Aged
Lenna Beau,Genderqueer,36,Port Lillianside,South Australia,2021-08-22,2021-09-16,1558,119,1,119,Shirt,Casual Slim Fit,XS,red,49,25,2021-08-01,Middle Aged
Luelle Fernanando,Agender,57,North Sebastianberg,Australian Capital Territory,2021-04-18,2021-05-08,3988,97,1,97,Trousers,Slim-Fit,M,indigo,67,20,2021-04-01,Senior
Luelle Fernanando,Agender,57,North Sebastianberg,Australian Capital Territory,2021-04-18,2021-05-08,3989,98,2,196,Shirt,Camp Collared,XL,violet,40,20,2021-04-01,Senior
Luelle Fernanando,Agender,57,North Sebastianberg,Australian Capital Territory,2021-04-18,2021-05-08,3990,100,3,300,Jacket,Bomber,M,blue,44,20,2021-04-01,Senior
Luelle Fernanando,Agender,57,North Sebastianberg,Australian Capital Territory,2021-04-18,2021-05-08,3991,95,2,190,Shirt,Polo,M,red,70,20,2021-04-01,Senior
Luelle Fernanando,Agender,57,North Sebastianberg,Australian Capital Territory,2021-04-18,2021-05-08,3992,119,3,357,Jacket,Trench Coat,XL,blue,69,20,2021-04-01,Senior
Luelle Fernanando,Agender,57,North Sebastianberg,Australian Capital Territory,2021-04-18,2021-05-08,3993,118,2,236,Jacket,Puffer,XS,green,41,20,2021-04-01,Senior
Luelle Fernanando,Agender,57,North Sebastianberg,Australian Capital Territory,2021-04-18,2021-05-08,3994,96,2,192,Trousers,Drawstring,M,yellow,55,20,2021-04-01,Senior
Joannes Pandie,Female,52,Huelhaven,Australian Capital Territory,2021-05-09,2021-05-17,1024,112,2,224,Trousers,Tracksuit Bottoms,L,indigo,50,8,2021-05-01,Middle Aged
Joannes Pandie,Female,52,Huelhaven,Australian Capital Territory,2021-05-09,2021-05-17,1025,107,2,214,Jacket,Denim,XS,yellow,52,8,2021-05-01,Middle Aged
Joannes Pandie,Female,52,Huelhaven,Australian Capital Territory,2021-05-09,2021-05-17,1026,91,3,273,Shirt,Linen,M,yellow,59,8,2021-05-01,Middle Aged
Joannes Pandie,Female,52,Huelhaven,Australian Capital Territory,2021-05-09,2021-05-17,1027,102,1,102,Jacket,Windbreaker,XL,indigo,60,8,2021-05-01,Middle Aged
Joannes Pandie,Female,52,Huelhaven,Australian Capital Territory,2021-05-09,2021-05-17,1028,100,3,300,Jacket,Bomber,L,yellow,54,8,2021-05-01,Middle Aged
Cassaundra Sliman,Agender,71,Lake Mollyburgh,New South Wales,2021-06-15,2021-07-12,668,96,3,288,Shirt,Oxford Cloth,L,orange,48,27,2021-06-01,Senior
Cassaundra Sliman,Agender,71,Lake Mollyburgh,New South Wales,2021-06-15,2021-07-12,669,113,2,226,Trousers,Chinos,L,red,44,27,2021-06-01,Senior
Cassaundra Sliman,Agender,71,Lake Mollyburgh,New South Wales,2021-06-15,2021-07-12,670,92,3,276,Shirt,Denim,S,indigo,69,27,2021-06-01,Senior
Cassaundra Sliman,Agender,71,Lake Mollyburgh,New South Wales,2021-06-15,2021-07-12,671,100,3,300,Jacket,Bomber,XS,green,48,27,2021-06-01,Senior
Cassaundra Sliman,Agender,71,Lake Mollyburgh,New South Wales,2021-06-15,2021-07-12,672,119,3,357,Jacket,Trench Coat,M,green,67,27,2021-06-01,Senior
Cassaundra Sliman,Agender,71,Lake Mollyburgh,New South Wales,2021-06-15,2021-07-12,673,112,3,336,Trousers,Tracksuit Bottoms,M,yellow,80,27,2021-06-01,Senior
Cassaundra Sliman,Agender,71,Lake Mollyburgh,New South Wales,2021-06-15,2021-07-12,674,119,1,119,Jacket,Trench Coat,M,yellow,54,27,2021-06-01,Senior
Cassaundra Sliman,Agender,71,Lake Mollyburgh,New South Wales,2021-06-15,2021-07-12,675,96,3,288,Trousers,Drawstring,M,blue,41,27,2021-06-01,Senior
Cassaundra Sliman,Agender,71,Lake Mollyburgh,New South Wales,2021-06-15,2021-07-12,676,93,3,279,Jacket,Coach,XS,red,71,27,2021-06-01,Senior
Luelle Fernanando,Agender,57,North Sebastianberg,Australian Capital Territory,2021-02-17,2021-02-18,4603,102,2,204,Jacket,Windbreaker,XL,red,48,1,2021-02-01,Senior
Luelle Fernanando,Agender,57,North Sebastianberg,Australian Capital Territory,2021-02-17,2021-02-18,4604,93,2,186,Trousers,Joggers,XS,violet,50,1,2021-02-01,Senior
Luelle Fernanando,Agender,57,North Sebastianberg,Australian Capital Territory,2021-02-17,2021-02-18,4605,100,3,300,Jacket,Bomber,L,yellow,54,1,2021-02-01,Senior
Salomo Shuttell,Bigender,64,North Stephanie,South Australia,2021-07-31,2021-08-06,3997,94,2,188,Shirt,Henley,M,yellow,71,6,2021-07-01,Senior
Salomo Shuttell,Bigender,64,North Stephanie,South Australia,2021-07-31,2021-08-06,3998,107,1,107,Jacket,Denim,M,green,79,6,2021-07-01,Senior
Wadsworth Olivier,Non-binary,59,North Elijahshire,Western Australia,2021-03-17,2021-03-27,1152,90,3,270,Trousers,Relaxed Leg,XL,orange,80,10,2021-03-01,Senior
Wadsworth Olivier,Non-binary,59,North Elijahshire,Western Australia,2021-03-17,2021-03-27,1153,94,2,188,Trousers,Cords,L,orange,74,10,2021-03-01,Senior
Wadsworth Olivier,Non-binary,59,North Elijahshire,Western Australia,2021-03-17,2021-03-27,1154,118,3,354,Shirt,Flannel,S,violet,70,10,2021-03-01,Senior
Wadsworth Olivier,Non-binary,59,North Elijahshire,Western Australia,2021-03-17,2021-03-27,1155,105,3,315,Shirt,Cuban Collar,L,violet,78,10,2021-03-01,Senior
Wadsworth Olivier,Non-binary,59,North Elijahshire,Western Australia,2021-03-17,2021-03-27,1156,98,2,196,Shirt,Camp Collared,XL,red,79,10,2021-03-01,Senior
Wadsworth Olivier,Non-binary,59,North Elijahshire,Western Australia,2021-03-17,2021-03-27,1157,109,1,109,Shirt,Mandarin Collar,XS,indigo,80,10,2021-03-01,Senior
Vladimir Jandourek,Non-binary,26,New Jackson,South Australia,2021-02-14,2021-03-02,1717,105,3,315,Shirt,Cuban Collar,XL,violet,44,16,2021-02-01,Young
Vladimir Jandourek,Non-binary,26,New Jackson,South Australia,2021-02-14,2021-03-02,1718,119,3,357,Shirt,Casual Slim Fit,XS,red,49,16,2021-02-01,Young
Vladimir Jandourek,Non-binary,26,New Jackson,South Australia,2021-02-14,2021-03-02,1719,106,1,106,Trousers,Wool,M,green,41,16,2021-02-01,Young
Vladimir Jandourek,Non-binary,26,New Jackson,South Australia,2021-02-14,2021-03-02,1720,109,1,109,Shirt,Mandarin Collar,S,blue,44,16,2021-02-01,Young
Vladimir Jandourek,Non-binary,26,New Jackson,South Australia,2021-02-14,2021-03-02,1721,102,2,204,Jacket,Windbreaker,S,yellow,66,16,2021-02-01,Young
Vladimir Jandourek,Non-binary,26,New Jackson,South Australia,2021-02-14,2021-03-02,1722,105,1,105,Shirt,Cuban Collar,L,indigo,65,16,2021-02-01,Young
Judith Plimmer,Male,46,Thomaschester,Tasmania,2021-03-17,2021-04-01,4006,97,2,194,Trousers,Slim-Fit,XL,violet,48,15,2021-03-01,Middle Aged
Judith Plimmer,Male,46,Thomaschester,Tasmania,2021-03-17,2021-04-01,4007,100,2,200,Jacket,Bomber,XS,red,76,15,2021-03-01,Middle Aged
Judith Plimmer,Male,46,Thomaschester,Tasmania,2021-03-17,2021-04-01,4008,113,1,113,Jacket,Parka,S,blue,72,15,2021-03-01,Middle Aged
Judith Plimmer,Male,46,Thomaschester,Tasmania,2021-03-17,2021-04-01,4009,96,2,192,Trousers,Drawstring,S,orange,58,15,2021-03-01,Middle Aged
Judith Plimmer,Male,46,Thomaschester,Tasmania,2021-03-17,2021-04-01,4010,91,2,182,Jacket,Pullover,S,blue,73,15,2021-03-01,Middle Aged
Leeann Gowdie,Agender,52,Callumborough,Queensland,2021-09-12,2021-09-20,1545,93,3,279,Trousers,Joggers,XL,indigo,66,8,2021-09-01,Middle Aged
Leeann Gowdie,Agender,52,Callumborough,Queensland,2021-09-12,2021-09-20,1546,91,1,91,Shirt,Linen,XS,violet,56,8,2021-09-01,Middle Aged
Leeann Gowdie,Agender,52,Callumborough,Queensland,2021-09-12,2021-09-20,1547,93,2,186,Trousers,Joggers,S,blue,50,8,2021-09-01,Middle Aged
Leeann Gowdie,Agender,52,Callumborough,Queensland,2021-09-12,2021-09-20,1548,118,3,354,Shirt,Flannel,L,violet,76,8,2021-09-01,Middle Aged
Stanley Kolakowski,Agender,63,East Joshua,Queensland,2021-02-22,2021-03-19,2087,107,1,107,Jacket,Denim,S,blue,56,25,2021-02-01,Senior
Stanley Kolakowski,Agender,63,East Joshua,Queensland,2021-02-22,2021-03-19,2088,92,3,276,Shirt,Denim,XL,red,63,25,2021-02-01,Senior
Stanley Kolakowski,Agender,63,East Joshua,Queensland,2021-02-22,2021-03-19,2089,95,2,190,Shirt,Polo,L,orange,63,25,2021-02-01,Senior
Stanley Kolakowski,Agender,63,East Joshua,Queensland,2021-02-22,2021-03-19,2090,97,3,291,Trousers,Slim-Fit,XS,green,74,25,2021-02-01,Senior
Stanley Kolakowski,Agender,63,East Joshua,Queensland,2021-02-22,2021-03-19,2091,100,3,300,Jacket,Bomber,XL,green,79,25,2021-02-01,Senior
Beckie Nasey,Genderfluid,61,Evastad,South Australia,2021-03-11,2021-04-04,4011,109,3,327,Shirt,Mandarin Collar,S,green,74,24,2021-03-01,Senior
Beckie Nasey,Genderfluid,61,Evastad,South Australia,2021-03-11,2021-04-04,4012,105,3,315,Trousers,Pleated,L,green,47,24,2021-03-01,Senior
Beckie Nasey,Genderfluid,61,Evastad,South Australia,2021-03-11,2021-04-04,4013,94,1,94,Trousers,Cords,S,yellow,68,24,2021-03-01,Senior
Beckie Nasey,Genderfluid,61,Evastad,South Australia,2021-03-11,2021-04-04,4014,105,1,105,Trousers,Pleated,S,red,78,24,2021-03-01,Senior
Beckie Nasey,Genderfluid,61,Evastad,South Australia,2021-03-11,2021-04-04,4015,96,1,96,Shirt,Oxford Cloth,M,green,60,24,2021-03-01,Senior
Angie O Mullen,Male,42,North Gracetown,Northern Territory,2021-09-02,2021-09-06,499,113,2,226,Jacket,Parka,M,blue,54,4,2021-09-01,Middle Aged
Angie O Mullen,Male,42,North Gracetown,Northern Territory,2021-09-02,2021-09-06,500,117,1,117,Jacket,Shearling,L,yellow,58,4,2021-09-01,Middle Aged
Angie O Mullen,Male,42,North Gracetown,Northern Territory,2021-09-02,2021-09-06,501,94,1,94,Trousers,Cords,S,green,78,4,2021-09-01,Middle Aged
Angie O Mullen,Male,42,North Gracetown,Northern Territory,2021-09-02,2021-09-06,502,102,1,102,Trousers,Cargo Pants,XL,blue,57,4,2021-09-01,Middle Aged
Angie O Mullen,Male,42,North Gracetown,Northern Territory,2021-09-02,2021-09-06,503,93,3,279,Jacket,Coach,M,green,63,4,2021-09-01,Middle Aged
Gerri McCarle,Female,54,Cameronport,South Australia,2021-09-14,2021-10-11,2070,91,3,273,Shirt,Linen,L,violet,70,27,2021-09-01,Middle Aged
Gerri McCarle,Female,54,Cameronport,South Australia,2021-09-14,2021-10-11,2071,100,2,200,Jacket,Bomber,XS,red,76,27,2021-09-01,Middle Aged
Gerri McCarle,Female,54,Cameronport,South Australia,2021-09-14,2021-10-11,2072,97,1,97,Trousers,Slim-Fit,L,green,43,27,2021-09-01,Middle Aged
Gerri McCarle,Female,54,Cameronport,South Australia,2021-09-14,2021-10-11,2073,106,2,212,Trousers,Wool,S,orange,59,27,2021-09-01,Middle Aged
Gerri McCarle,Female,54,Cameronport,South Australia,2021-09-14,2021-10-11,2074,90,3,270,Trousers,Relaxed Leg,M,orange,74,27,2021-09-01,Middle Aged
Gerri McCarle,Female,54,Cameronport,South Australia,2021-09-14,2021-10-11,2075,105,1,105,Trousers,Pleated,XL,blue,55,27,2021-09-01,Middle Aged
Joannes Pandie,Female,52,Huelhaven,Australian Capital Territory,2021-09-30,2021-10-23,4737,93,3,279,Trousers,Joggers,XL,orange,44,23,2021-09-01,Middle Aged
Joannes Pandie,Female,52,Huelhaven,Australian Capital Territory,2021-09-30,2021-10-23,4738,93,3,279,Jacket,Coach,M,green,63,23,2021-09-01,Middle Aged
Joannes Pandie,Female,52,Huelhaven,Australian Capital Territory,2021-09-30,2021-10-23,4739,93,1,93,Jacket,Coach,S,red,76,23,2021-09-01,Middle Aged
Joannes Pandie,Female,52,Huelhaven,Australian Capital Territory,2021-09-30,2021-10-23,4740,91,1,91,Shirt,Linen,S,yellow,60,23,2021-09-01,Middle Aged
Joannes Pandie,Female,52,Huelhaven,Australian Capital Territory,2021-09-30,2021-10-23,4741,91,1,91,Shirt,Linen,XL,yellow,54,23,2021-09-01,Middle Aged
Wren Helgass,Female,59,Port Hannahburgh,Australian Capital Territory,2021-06-09,2021-06-10,4705,113,1,113,Trousers,Chinos,M,indigo,64,1,2021-06-01,Senior
Wren Helgass,Female,59,Port Hannahburgh,Australian Capital Territory,2021-06-09,2021-06-10,4706,98,1,98,Shirt,Camp Collared,M,green,41,1,2021-06-01,Senior
Wren Helgass,Female,59,Port Hannahburgh,Australian Capital Territory,2021-06-09,2021-06-10,4707,94,3,282,Shirt,Henley,L,violet,51,1,2021-06-01,Senior
Wren Helgass,Female,59,Port Hannahburgh,Australian Capital Territory,2021-06-09,2021-06-10,4708,95,2,190,Shirt,Polo,S,orange,78,1,2021-06-01,Senior
Wren Helgass,Female,59,Port Hannahburgh,Australian Capital Territory,2021-06-09,2021-06-10,4709,93,2,186,Jacket,Coach,S,green,60,1,2021-06-01,Senior
Waylen Swallwell,Non-binary,73,Sarahstad,Western Australia,2021-06-02,2021-06-09,2748,105,3,315,Shirt,Cuban Collar,S,orange,50,7,2021-06-01,Senior
Zebulon Rousel,Agender,62,Hamishview,New South Wales,2021-03-16,2021-04-09,2280,118,2,236,Shirt,Flannel,M,blue,73,24,2021-03-01,Senior
Zebulon Rousel,Agender,62,Hamishview,New South Wales,2021-03-16,2021-04-09,2281,106,3,318,Trousers,Wool,S,orange,59,24,2021-03-01,Senior
Zebulon Rousel,Agender,62,Hamishview,New South Wales,2021-03-16,2021-04-09,2282,119,1,119,Jacket,Trench Coat,XL,indigo,64,24,2021-03-01,Senior
Zebulon Rousel,Agender,62,Hamishview,New South Wales,2021-03-16,2021-04-09,2283,118,3,354,Jacket,Puffer,S,red,62,24,2021-03-01,Senior
Zebulon Rousel,Agender,62,Hamishview,New South Wales,2021-03-16,2021-04-09,2284,113,3,339,Trousers,Chinos,XL,blue,48,24,2021-03-01,Senior
Atlante Dissman,Male,37,Abbeyshire,South Australia,2021-01-14,2021-01-24,694,106,1,106,Shirt,Chambray,L,red,44,10,2021-01-01,Middle Aged
Atlante Dissman,Male,37,Abbeyshire,South Australia,2021-01-14,2021-01-24,695,91,3,273,Jacket,Pullover,XL,orange,69,10,2021-01-01,Middle Aged
Atlante Dissman,Male,37,Abbeyshire,South Australia,2021-01-14,2021-01-24,696,105,3,315,Trousers,Pleated,XL,blue,55,10,2021-01-01,Middle Aged
Atlante Dissman,Male,37,Abbeyshire,South Australia,2021-01-14,2021-01-24,697,106,3,318,Shirt,Chambray,XS,yellow,57,10,2021-01-01,Middle Aged
Lori Briars,Male,61,Annaton,South Australia,2021-08-03,2021-08-17,1075,117,3,351,Jacket,Shearling,XL,green,51,14,2021-08-01,Senior
Lori Briars,Male,61,Annaton,South Australia,2021-08-03,2021-08-17,1076,109,2,218,Shirt,Mandarin Collar,L,violet,54,14,2021-08-01,Senior
Lori Briars,Male,61,Annaton,South Australia,2021-08-03,2021-08-17,1077,119,3,357,Shirt,Casual Slim Fit,S,violet,50,14,2021-08-01,Senior
Lori Briars,Male,61,Annaton,South Australia,2021-08-03,2021-08-17,1078,119,1,119,Jacket,Trench Coat,XS,red,78,14,2021-08-01,Senior
Meade Yglesia,Genderfluid,54,New Masonport,Northern Territory,2021-02-05,2021-02-19,3339,102,2,204,Jacket,Windbreaker,XL,violet,54,14,2021-02-01,Middle Aged
Meade Yglesia,Genderfluid,54,New Masonport,Northern Territory,2021-02-05,2021-02-19,3340,106,3,318,Trousers,Wool,L,violet,61,14,2021-02-01,Middle Aged
Meade Yglesia,Genderfluid,54,New Masonport,Northern Territory,2021-02-05,2021-02-19,3341,94,2,188,Trousers,Cords,S,orange,59,14,2021-02-01,Middle Aged
Meade Yglesia,Genderfluid,54,New Masonport,Northern Territory,2021-02-05,2021-02-19,3342,102,2,204,Trousers,Cargo Pants,XL,indigo,64,14,2021-02-01,Middle Aged
Meade Yglesia,Genderfluid,54,New Masonport,Northern Territory,2021-02-05,2021-02-19,3343,112,1,112,Jacket,Cardigan,L,violet,66,14,2021-02-01,Middle Aged
Meade Yglesia,Genderfluid,54,New Masonport,Northern Territory,2021-02-05,2021-02-19,3344,96,2,192,Trousers,Drawstring,L,indigo,77,14,2021-02-01,Middle Aged
Meade Yglesia,Genderfluid,54,New Masonport,Northern Territory,2021-02-05,2021-02-19,3345,115,2,230,Trousers,Cropped,XL,violet,64,14,2021-02-01,Middle Aged
Harrietta Burchatt,Genderfluid,20,Port Elliechester,Australian Capital Territory,2021-10-23,2021-11-09,2223,96,3,288,Trousers,Drawstring,L,yellow,68,17,2021-10-01,Young
Harrietta Burchatt,Genderfluid,20,Port Elliechester,Australian Capital Territory,2021-10-23,2021-11-09,2224,115,2,230,Trousers,Cropped,XL,orange,61,17,2021-10-01,Young
Harrietta Burchatt,Genderfluid,20,Port Elliechester,Australian Capital Territory,2021-10-23,2021-11-09,2225,107,1,107,Jacket,Denim,XS,orange,60,17,2021-10-01,Young
Harrietta Burchatt,Genderfluid,20,Port Elliechester,Australian Capital Territory,2021-10-23,2021-11-09,2226,99,1,99,Trousers,High-Waisted,M,blue,52,17,2021-10-01,Young
Leandra Derks,Polygender,63,Hermistonberg,Western Australia,2021-08-02,2021-08-17,4020,115,2,230,Trousers,Cropped,XS,red,75,15,2021-08-01,Senior
Leandra Derks,Polygender,63,Hermistonberg,Western Australia,2021-08-02,2021-08-17,4021,97,2,194,Trousers,Slim-Fit,XS,green,74,15,2021-08-01,Senior
Leandra Derks,Polygender,63,Hermistonberg,Western Australia,2021-08-02,2021-08-17,4022,91,3,273,Shirt,Linen,M,yellow,59,15,2021-08-01,Senior
Leandra Derks,Polygender,63,Hermistonberg,Western Australia,2021-08-02,2021-08-17,4023,119,1,119,Jacket,Trench Coat,XL,blue,69,15,2021-08-01,Senior
Leandra Derks,Polygender,63,Hermistonberg,Western Australia,2021-08-02,2021-08-17,4024,92,3,276,Shirt,Denim,XL,violet,73,15,2021-08-01,Senior
Leandra Derks,Polygender,63,Hermistonberg,Western Australia,2021-08-02,2021-08-17,4025,94,2,188,Trousers,Cords,XL,red,80,15,2021-08-01,Senior
Leandra Derks,Polygender,63,Hermistonberg,Western Australia,2021-08-02,2021-08-17,4026,96,3,288,Shirt,Oxford Cloth,S,indigo,59,15,2021-08-01,Senior
Leandra Derks,Polygender,63,Hermistonberg,Western Australia,2021-08-02,2021-08-17,4027,119,3,357,Shirt,Casual Slim Fit,M,yellow,76,15,2021-08-01,Senior
Leandra Derks,Polygender,63,Hermistonberg,Western Australia,2021-08-02,2021-08-17,4028,98,1,98,Shirt,Camp Collared,XS,indigo,64,15,2021-08-01,Senior
Leandra Derks,Polygender,63,Hermistonberg,Western Australia,2021-08-02,2021-08-17,4029,117,1,117,Jacket,Shearling,L,yellow,58,15,2021-08-01,Senior
Rebecka Fabler,Polygender,32,Kohlerberg,Queensland,2021-07-19,2021-08-07,3859,119,2,238,Shirt,Casual Slim Fit,L,yellow,63,19,2021-07-01,Young
Rebecka Fabler,Polygender,32,Kohlerberg,Queensland,2021-07-19,2021-08-07,3860,91,1,91,Shirt,Linen,M,orange,42,19,2021-07-01,Young
Rebecka Fabler,Polygender,32,Kohlerberg,Queensland,2021-07-19,2021-08-07,3861,100,3,300,Jacket,Bomber,L,red,50,19,2021-07-01,Young
Rebecka Fabler,Polygender,32,Kohlerberg,Queensland,2021-07-19,2021-08-07,3862,93,2,186,Trousers,Joggers,M,green,54,19,2021-07-01,Young
Rebecka Fabler,Polygender,32,Kohlerberg,Queensland,2021-07-19,2021-08-07,3863,95,2,190,Shirt,Polo,S,green,71,19,2021-07-01,Young
Zorina Rabl,Bigender,31,Lake Phoebe,Western Australia,2021-04-03,2021-04-16,4031,102,2,204,Jacket,Windbreaker,S,blue,41,13,2021-04-01,Young
Zorina Rabl,Bigender,31,Lake Phoebe,Western Australia,2021-04-03,2021-04-16,4032,113,3,339,Trousers,Chinos,S,blue,51,13,2021-04-01,Young
Zorina Rabl,Bigender,31,Lake Phoebe,Western Australia,2021-04-03,2021-04-16,4033,96,3,288,Trousers,Drawstring,XS,blue,45,13,2021-04-01,Young
Zorina Rabl,Bigender,31,Lake Phoebe,Western Australia,2021-04-03,2021-04-16,4034,119,1,119,Shirt,Casual Slim Fit,XL,yellow,78,13,2021-04-01,Young
Aindrea Franzetti,Female,43,North Caitlin,South Australia,2021-07-02,2021-07-25,1988,104,3,312,Shirt,Dress,M,blue,48,23,2021-07-01,Middle Aged
Aindrea Franzetti,Female,43,North Caitlin,South Australia,2021-07-02,2021-07-25,1989,90,2,180,Trousers,Relaxed Leg,M,blue,72,23,2021-07-01,Middle Aged
Aindrea Franzetti,Female,43,North Caitlin,South Australia,2021-07-02,2021-07-25,1990,104,2,208,Shirt,Dress,S,orange,69,23,2021-07-01,Middle Aged
Aindrea Franzetti,Female,43,North Caitlin,South Australia,2021-07-02,2021-07-25,1991,99,3,297,Trousers,High-Waisted,XS,yellow,64,23,2021-07-01,Middle Aged
Aindrea Franzetti,Female,43,North Caitlin,South Australia,2021-07-02,2021-07-25,1992,106,1,106,Shirt,Chambray,S,indigo,59,23,2021-07-01,Middle Aged
Aindrea Franzetti,Female,43,North Caitlin,South Australia,2021-07-02,2021-07-25,1993,102,1,102,Jacket,Windbreaker,XS,indigo,79,23,2021-07-01,Middle Aged
Aindrea Franzetti,Female,43,North Caitlin,South Australia,2021-07-02,2021-07-25,1994,98,1,98,Shirt,Camp Collared,M,yellow,49,23,2021-07-01,Middle Aged
Ansel Chittem,Polygender,51,North Ivy,Queensland,2021-03-29,2021-04-17,4328,118,1,118,Shirt,Flannel,L,orange,59,19,2021-03-01,Middle Aged
Ansel Chittem,Polygender,51,North Ivy,Queensland,2021-03-29,2021-04-17,4329,109,2,218,Shirt,Mandarin Collar,S,blue,44,19,2021-03-01,Middle Aged
Ansel Chittem,Polygender,51,North Ivy,Queensland,2021-03-29,2021-04-17,4330,97,2,194,Trousers,Slim-Fit,S,red,71,19,2021-03-01,Middle Aged
Ellerey Kaesmakers,Genderfluid,40,South Jayden,South Australia,2021-04-10,2021-04-21,4035,96,1,96,Trousers,Drawstring,L,yellow,68,11,2021-04-01,Middle Aged
Ellerey Kaesmakers,Genderfluid,40,South Jayden,South Australia,2021-04-10,2021-04-21,4036,102,1,102,Trousers,Cargo Pants,L,yellow,71,11,2021-04-01,Middle Aged
Ellerey Kaesmakers,Genderfluid,40,South Jayden,South Australia,2021-04-10,2021-04-21,4037,109,1,109,Shirt,Mandarin Collar,M,green,57,11,2021-04-01,Middle Aged
Ellerey Kaesmakers,Genderfluid,40,South Jayden,South Australia,2021-04-10,2021-04-21,4038,119,3,357,Jacket,Trench Coat,XS,yellow,78,11,2021-04-01,Middle Aged
Ellerey Kaesmakers,Genderfluid,40,South Jayden,South Australia,2021-04-10,2021-04-21,4039,98,1,98,Jacket,Leather,XL,indigo,52,11,2021-04-01,Middle Aged
Ellerey Kaesmakers,Genderfluid,40,South Jayden,South Australia,2021-04-10,2021-04-21,4040,106,2,212,Trousers,Wool,XS,green,73,11,2021-04-01,Middle Aged
Ellerey Kaesmakers,Genderfluid,40,South Jayden,South Australia,2021-04-10,2021-04-21,4041,102,3,306,Jacket,Windbreaker,XL,green,71,11,2021-04-01,Middle Aged
Ellerey Kaesmakers,Genderfluid,40,South Jayden,South Australia,2021-04-10,2021-04-21,4042,97,3,291,Trousers,Slim-Fit,M,green,78,11,2021-04-01,Middle Aged
Orran Skip,Male,25,Port Eveland,South Australia,2021-02-09,2021-02-18,4793,113,3,339,Trousers,Chinos,S,indigo,67,9,2021-02-01,Young
Orran Skip,Male,25,Port Eveland,South Australia,2021-02-09,2021-02-18,4794,109,3,327,Jacket,Peacoat,XS,green,61,9,2021-02-01,Young
Orran Skip,Male,25,Port Eveland,South Australia,2021-02-09,2021-02-18,4795,109,3,327,Shirt,Mandarin Collar,S,yellow,76,9,2021-02-01,Young
Orran Skip,Male,25,Port Eveland,South Australia,2021-02-09,2021-02-18,4796,94,2,188,Shirt,Henley,M,green,65,9,2021-02-01,Young
Orran Skip,Male,25,Port Eveland,South Australia,2021-02-09,2021-02-18,4797,95,1,95,Shirt,Polo,M,green,62,9,2021-02-01,Young
Orran Skip,Male,25,Port Eveland,South Australia,2021-02-09,2021-02-18,4798,119,3,357,Shirt,Casual Slim Fit,M,red,67,9,2021-02-01,Young
Camala Llywarch,Agender,78,Laurenview,Western Australia,2021-08-01,2021-08-16,4050,102,1,102,Jacket,Windbreaker,M,violet,64,15,2021-08-01,Senior
Camala Llywarch,Agender,78,Laurenview,Western Australia,2021-08-01,2021-08-16,4051,118,3,354,Jacket,Puffer,M,indigo,49,15,2021-08-01,Senior
Artemas Vasilischev,Bigender,53,South Rileyview,Western Australia,2021-03-29,2021-04-12,2241,113,3,339,Jacket,Parka,XL,red,64,14,2021-03-01,Middle Aged
Artemas Vasilischev,Bigender,53,South Rileyview,Western Australia,2021-03-29,2021-04-12,2242,113,1,113,Jacket,Parka,L,indigo,44,14,2021-03-01,Middle Aged
Artemas Vasilischev,Bigender,53,South Rileyview,Western Australia,2021-03-29,2021-04-12,2243,105,2,210,Shirt,Cuban Collar,S,orange,50,14,2021-03-01,Middle Aged
Artemas Vasilischev,Bigender,53,South Rileyview,Western Australia,2021-03-29,2021-04-12,2244,94,2,188,Shirt,Henley,M,violet,44,14,2021-03-01,Middle Aged
Otha Skein,Genderqueer,46,East Isla,Western Australia,2021-08-14,2021-08-24,1995,95,1,95,Shirt,Polo,S,blue,76,10,2021-08-01,Middle Aged
Otha Skein,Genderqueer,46,East Isla,Western Australia,2021-08-14,2021-08-24,1996,91,2,182,Jacket,Pullover,S,blue,73,10,2021-08-01,Middle Aged
Otha Skein,Genderqueer,46,East Isla,Western Australia,2021-08-14,2021-08-24,1997,119,1,119,Shirt,Casual Slim Fit,M,orange,47,10,2021-08-01,Middle Aged
Otha Skein,Genderqueer,46,East Isla,Western Australia,2021-08-14,2021-08-24,1998,92,1,92,Shirt,Denim,M,violet,55,10,2021-08-01,Middle Aged
Otha Skein,Genderqueer,46,East Isla,Western Australia,2021-08-14,2021-08-24,1999,118,2,236,Shirt,Flannel,M,blue,73,10,2021-08-01,Middle Aged
Otha Skein,Genderqueer,46,East Isla,Western Australia,2021-08-14,2021-08-24,2000,93,2,186,Jacket,Coach,M,green,63,10,2021-08-01,Middle Aged
Otha Skein,Genderqueer,46,East Isla,Western Australia,2021-08-14,2021-08-24,2001,107,3,321,Jacket,Denim,M,red,43,10,2021-08-01,Middle Aged
Loni Tort,Polygender,58,Joelmouth,Australian Capital Territory,2021-10-13,2021-10-16,1395,118,3,354,Shirt,Flannel,XL,yellow,72,3,2021-10-01,Senior
Loni Tort,Polygender,58,Joelmouth,Australian Capital Territory,2021-10-13,2021-10-16,1396,102,3,306,Jacket,Windbreaker,XL,indigo,60,3,2021-10-01,Senior
Loni Tort,Polygender,58,Joelmouth,Australian Capital Territory,2021-10-13,2021-10-16,1397,119,1,119,Jacket,Trench Coat,XS,green,62,3,2021-10-01,Senior
Loni Tort,Polygender,58,Joelmouth,Australian Capital Territory,2021-10-13,2021-10-16,1398,102,3,306,Jacket,Windbreaker,XL,indigo,60,3,2021-10-01,Senior
Loni Tort,Polygender,58,Joelmouth,Australian Capital Territory,2021-10-13,2021-10-16,1399,91,2,182,Jacket,Pullover,L,green,72,3,2021-10-01,Senior
Loni Tort,Polygender,58,Joelmouth,Australian Capital Territory,2021-10-13,2021-10-16,1400,94,3,282,Trousers,Cords,L,yellow,62,3,2021-10-01,Senior
Loni Tort,Polygender,58,Joelmouth,Australian Capital Territory,2021-10-13,2021-10-16,1401,105,1,105,Trousers,Pleated,L,yellow,62,3,2021-10-01,Senior
Loni Tort,Polygender,58,Joelmouth,Australian Capital Territory,2021-10-13,2021-10-16,1402,113,2,226,Trousers,Chinos,M,orange,73,3,2021-10-01,Senior
Loni Tort,Polygender,58,Joelmouth,Australian Capital Territory,2021-10-13,2021-10-16,1403,119,1,119,Shirt,Casual Slim Fit,XS,yellow,63,3,2021-10-01,Senior
Thorny Nornable,Genderqueer,76,Rubyfort,Tasmania,2021-08-24,2021-09-08,1677,96,3,288,Trousers,Drawstring,XL,orange,68,15,2021-08-01,Senior
Thorny Nornable,Genderqueer,76,Rubyfort,Tasmania,2021-08-24,2021-09-08,1678,93,1,93,Trousers,Joggers,S,green,76,15,2021-08-01,Senior
Thorny Nornable,Genderqueer,76,Rubyfort,Tasmania,2021-08-24,2021-09-08,1679,102,2,204,Trousers,Cargo Pants,XL,indigo,64,15,2021-08-01,Senior
Thorny Nornable,Genderqueer,76,Rubyfort,Tasmania,2021-08-24,2021-09-08,1680,90,3,270,Trousers,Relaxed Leg,S,red,70,15,2021-08-01,Senior
Thorny Nornable,Genderqueer,76,Rubyfort,Tasmania,2021-08-24,2021-09-08,1681,112,1,112,Jacket,Cardigan,S,red,47,15,2021-08-01,Senior
Thorny Nornable,Genderqueer,76,Rubyfort,Tasmania,2021-08-24,2021-09-08,1682,102,2,204,Jacket,Windbreaker,XS,red,79,15,2021-08-01,Senior
Lucas Cromly,Polygender,67,O'connertown,Tasmania,2021-05-01,2021-05-18,3631,91,2,182,Shirt,Linen,XS,indigo,70,17,2021-05-01,Senior
Lucas Cromly,Polygender,67,O'connertown,Tasmania,2021-05-01,2021-05-18,3632,91,1,91,Jacket,Pullover,S,indigo,44,17,2021-05-01,Senior
Nelli Engall,Genderfluid,21,Chasemouth,Western Australia,2021-07-15,2021-08-05,2367,93,2,186,Trousers,Joggers,XL,indigo,66,21,2021-07-01,Young
Nelli Engall,Genderfluid,21,Chasemouth,Western Australia,2021-07-15,2021-08-05,2368,115,3,345,Trousers,Cropped,L,indigo,63,21,2021-07-01,Young
Nelli Engall,Genderfluid,21,Chasemouth,Western Australia,2021-07-15,2021-08-05,2369,90,2,180,Trousers,Relaxed Leg,XL,indigo,58,21,2021-07-01,Young
Nelli Engall,Genderfluid,21,Chasemouth,Western Australia,2021-07-15,2021-08-05,2370,90,1,90,Trousers,Relaxed Leg,XL,violet,42,21,2021-07-01,Young
Joy Mirrlees,Agender,58,West Rubyland,Queensland,2021-07-04,2021-07-08,112,109,3,327,Jacket,Peacoat,S,red,67,4,2021-07-01,Senior
Joy Mirrlees,Agender,58,West Rubyland,Queensland,2021-07-04,2021-07-08,113,100,2,200,Jacket,Bomber,L,violet,68,4,2021-07-01,Senior
Jerald MacMeeking,Male,44,Connellyport,Tasmania,2021-10-13,2021-10-30,4056,105,2,210,Shirt,Cuban Collar,XL,indigo,53,17,2021-10-01,Middle Aged
Jerald MacMeeking,Male,44,Connellyport,Tasmania,2021-10-13,2021-10-30,4057,105,1,105,Trousers,Pleated,XS,orange,74,17,2021-10-01,Middle Aged
Jerald MacMeeking,Male,44,Connellyport,Tasmania,2021-10-13,2021-10-30,4058,94,3,282,Shirt,Henley,L,indigo,44,17,2021-10-01,Middle Aged
Jerald MacMeeking,Male,44,Connellyport,Tasmania,2021-10-13,2021-10-30,4059,98,1,98,Jacket,Leather,S,indigo,40,17,2021-10-01,Middle Aged
Jerald MacMeeking,Male,44,Connellyport,Tasmania,2021-10-13,2021-10-30,4060,113,2,226,Trousers,Chinos,XS,yellow,41,17,2021-10-01,Middle Aged
Rebecka Fabler,Polygender,32,Kohlerberg,Queensland,2021-01-05,2021-01-08,1386,109,1,109,Jacket,Peacoat,XS,orange,78,3,2021-01-01,Young
Rebecka Fabler,Polygender,32,Kohlerberg,Queensland,2021-01-05,2021-01-08,1387,106,3,318,Trousers,Wool,M,red,58,3,2021-01-01,Young
Rebecka Fabler,Polygender,32,Kohlerberg,Queensland,2021-01-05,2021-01-08,1388,119,3,357,Jacket,Trench Coat,XL,green,53,3,2021-01-01,Young
Rebecka Fabler,Polygender,32,Kohlerberg,Queensland,2021-01-05,2021-01-08,1389,91,2,182,Jacket,Pullover,M,violet,78,3,2021-01-01,Young
Rebecka Fabler,Polygender,32,Kohlerberg,Queensland,2021-01-05,2021-01-08,1390,105,3,315,Shirt,Cuban Collar,XS,orange,62,3,2021-01-01,Young
Rebecka Fabler,Polygender,32,Kohlerberg,Queensland,2021-01-05,2021-01-08,1391,109,1,109,Jacket,Peacoat,S,orange,73,3,2021-01-01,Young
Ailene McKeller,Agender,46,South Logan,Western Australia,2021-02-19,2021-02-26,235,113,1,113,Jacket,Parka,L,red,73,7,2021-02-01,Middle Aged
Ailene McKeller,Agender,46,South Logan,Western Australia,2021-02-19,2021-02-26,236,97,3,291,Trousers,Slim-Fit,L,blue,49,7,2021-02-01,Middle Aged
Ailene McKeller,Agender,46,South Logan,Western Australia,2021-02-19,2021-02-26,237,93,2,186,Trousers,Joggers,S,blue,50,7,2021-02-01,Middle Aged
Chandal Fransinelli,Polygender,21,Hackettchester,South Australia,2021-05-23,2021-05-30,156,117,2,234,Jacket,Shearling,M,yellow,60,7,2021-05-01,Young
Chandal Fransinelli,Polygender,21,Hackettchester,South Australia,2021-05-23,2021-05-30,157,98,1,98,Jacket,Leather,XS,violet,70,7,2021-05-01,Young
Chandal Fransinelli,Polygender,21,Hackettchester,South Australia,2021-05-23,2021-05-30,158,91,3,273,Jacket,Pullover,XS,orange,79,7,2021-05-01,Young
Chandal Fransinelli,Polygender,21,Hackettchester,South Australia,2021-05-23,2021-05-30,159,104,1,104,Shirt,Dress,M,indigo,51,7,2021-05-01,Young
Thomasine Baudet,Female,60,Ameliaview,South Australia,2021-01-06,2021-01-29,4945,118,2,236,Shirt,Flannel,L,orange,59,23,2021-01-01,Senior
Thomasine Baudet,Female,60,Ameliaview,South Australia,2021-01-06,2021-01-29,4946,113,2,226,Jacket,Parka,XS,blue,67,23,2021-01-01,Senior
Thomasine Baudet,Female,60,Ameliaview,South Australia,2021-01-06,2021-01-29,4947,109,1,109,Shirt,Mandarin Collar,XS,green,63,23,2021-01-01,Senior
Thomasine Baudet,Female,60,Ameliaview,South Australia,2021-01-06,2021-01-29,4948,119,2,238,Shirt,Casual Slim Fit,L,red,78,23,2021-01-01,Senior
Zaria Garken,Female,40,Towneport,Northern Territory,2021-07-15,2021-08-08,1141,96,2,192,Shirt,Oxford Cloth,M,green,60,24,2021-07-01,Middle Aged
Zaria Garken,Female,40,Towneport,Northern Territory,2021-07-15,2021-08-08,1142,100,1,100,Jacket,Bomber,S,orange,49,24,2021-07-01,Middle Aged
Zaria Garken,Female,40,Towneport,Northern Territory,2021-07-15,2021-08-08,1143,113,1,113,Trousers,Chinos,XL,red,71,24,2021-07-01,Middle Aged
Zaria Garken,Female,40,Towneport,Northern Territory,2021-07-15,2021-08-08,1144,93,1,93,Jacket,Coach,XS,yellow,52,24,2021-07-01,Middle Aged
Zaria Garken,Female,40,Towneport,Northern Territory,2021-07-15,2021-08-08,1145,99,1,99,Trousers,High-Waisted,XL,violet,74,24,2021-07-01,Middle Aged
Zaria Garken,Female,40,Towneport,Northern Territory,2021-07-15,2021-08-08,1146,91,2,182,Shirt,Linen,XS,blue,53,24,2021-07-01,Middle Aged
Jehanna Water,Polygender,48,Monahanside,South Australia,2021-02-11,2021-02-25,4061,119,3,357,Shirt,Casual Slim Fit,L,yellow,63,14,2021-02-01,Middle Aged
Jehanna Water,Polygender,48,Monahanside,South Australia,2021-02-11,2021-02-25,4062,117,2,234,Jacket,Shearling,XL,green,51,14,2021-02-01,Middle Aged
Jehanna Water,Polygender,48,Monahanside,South Australia,2021-02-11,2021-02-25,4063,102,1,102,Jacket,Windbreaker,M,blue,70,14,2021-02-01,Middle Aged
Jehanna Water,Polygender,48,Monahanside,South Australia,2021-02-11,2021-02-25,4064,91,1,91,Jacket,Pullover,L,orange,56,14,2021-02-01,Middle Aged
Jehanna Water,Polygender,48,Monahanside,South Australia,2021-02-11,2021-02-25,4065,92,1,92,Shirt,Denim,S,violet,54,14,2021-02-01,Middle Aged
Elianore Syphas,Genderfluid,54,Lake William,Victoria,2021-07-07,2021-07-17,627,102,1,102,Jacket,Windbreaker,L,violet,72,10,2021-07-01,Middle Aged
Elianore Syphas,Genderfluid,54,Lake William,Victoria,2021-07-07,2021-07-17,628,96,2,192,Trousers,Drawstring,M,violet,73,10,2021-07-01,Middle Aged
Elianore Syphas,Genderfluid,54,Lake William,Victoria,2021-07-07,2021-07-17,629,94,3,282,Shirt,Henley,XL,blue,75,10,2021-07-01,Middle Aged
Ellynn Korba,Genderqueer,34,West Jonathanshire,Tasmania,2021-07-17,2021-08-09,4713,117,2,234,Jacket,Shearling,XS,green,74,23,2021-07-01,Young
Theodosia Postins,Polygender,38,Turcottetown,Australian Capital Territory,2021-09-25,2021-10-20,2617,115,3,345,Trousers,Cropped,S,orange,78,25,2021-09-01,Middle Aged
Theodosia Postins,Polygender,38,Turcottetown,Australian Capital Territory,2021-09-25,2021-10-20,2618,113,3,339,Trousers,Chinos,L,orange,60,25,2021-09-01,Middle Aged
Theodosia Postins,Polygender,38,Turcottetown,Australian Capital Territory,2021-09-25,2021-10-20,2619,105,3,315,Trousers,Pleated,M,red,40,25,2021-09-01,Middle Aged
Theodosia Postins,Polygender,38,Turcottetown,Australian Capital Territory,2021-09-25,2021-10-20,2620,104,2,208,Shirt,Dress,XS,yellow,69,25,2021-09-01,Middle Aged
Theodosia Postins,Polygender,38,Turcottetown,Australian Capital Territory,2021-09-25,2021-10-20,2621,119,3,357,Jacket,Trench Coat,M,indigo,42,25,2021-09-01,Middle Aged
Theodosia Postins,Polygender,38,Turcottetown,Australian Capital Territory,2021-09-25,2021-10-20,2622,94,2,188,Shirt,Henley,S,yellow,70,25,2021-09-01,Middle Aged
Nicole Cheel,Genderfluid,48,West Danieltown,Victoria,2021-06-18,2021-07-06,2967,112,3,336,Trousers,Tracksuit Bottoms,XL,orange,42,18,2021-06-01,Middle Aged
Henryetta Sheffield,Genderqueer,35,New Masonstad,New South Wales,2021-07-13,2021-08-03,202,102,2,204,Trousers,Cargo Pants,S,indigo,48,21,2021-07-01,Young
Henryetta Sheffield,Genderqueer,35,New Masonstad,New South Wales,2021-07-13,2021-08-03,203,100,1,100,Jacket,Bomber,S,indigo,41,21,2021-07-01,Young
Henryetta Sheffield,Genderqueer,35,New Masonstad,New South Wales,2021-07-13,2021-08-03,204,92,3,276,Shirt,Denim,XL,indigo,58,21,2021-07-01,Young
Aida Warsap,Bigender,52,Port Isabel,Northern Territory,2021-03-22,2021-04-04,4066,105,2,210,Trousers,Pleated,S,violet,50,13,2021-03-01,Middle Aged
Aida Warsap,Bigender,52,Port Isabel,Northern Territory,2021-03-22,2021-04-04,4067,94,1,94,Shirt,Henley,S,orange,46,13,2021-03-01,Middle Aged
Aida Warsap,Bigender,52,Port Isabel,Northern Territory,2021-03-22,2021-04-04,4068,113,2,226,Jacket,Parka,XL,blue,47,13,2021-03-01,Middle Aged
Aida Warsap,Bigender,52,Port Isabel,Northern Territory,2021-03-22,2021-04-04,4069,109,1,109,Jacket,Peacoat,M,indigo,52,13,2021-03-01,Middle Aged
Aida Warsap,Bigender,52,Port Isabel,Northern Territory,2021-03-22,2021-04-04,4070,105,3,315,Trousers,Pleated,M,yellow,54,13,2021-03-01,Middle Aged
Aida Warsap,Bigender,52,Port Isabel,Northern Territory,2021-03-22,2021-04-04,4071,92,3,276,Shirt,Denim,XS,indigo,79,13,2021-03-01,Middle Aged
Aida Warsap,Bigender,52,Port Isabel,Northern Territory,2021-03-22,2021-04-04,4072,113,3,339,Jacket,Parka,S,indigo,53,13,2021-03-01,Middle Aged
Aida Warsap,Bigender,52,Port Isabel,Northern Territory,2021-03-22,2021-04-04,4073,99,3,297,Trousers,High-Waisted,S,yellow,56,13,2021-03-01,Middle Aged
Aida Warsap,Bigender,52,Port Isabel,Northern Territory,2021-03-22,2021-04-04,4074,90,3,270,Trousers,Relaxed Leg,XS,yellow,44,13,2021-03-01,Middle Aged
Raquela Swinnard,Agender,27,Sanfordton,South Australia,2021-05-02,2021-05-17,4098,105,3,315,Trousers,Pleated,XL,yellow,52,15,2021-05-01,Young
Raquela Swinnard,Agender,27,Sanfordton,South Australia,2021-05-02,2021-05-17,4099,96,2,192,Trousers,Drawstring,M,green,52,15,2021-05-01,Young
Raquela Swinnard,Agender,27,Sanfordton,South Australia,2021-05-02,2021-05-17,4100,93,1,93,Trousers,Joggers,XL,orange,44,15,2021-05-01,Young
Raquela Swinnard,Agender,27,Sanfordton,South Australia,2021-05-02,2021-05-17,4101,107,2,214,Jacket,Denim,L,indigo,67,15,2021-05-01,Young
Raquela Swinnard,Agender,27,Sanfordton,South Australia,2021-05-02,2021-05-17,4102,94,1,94,Trousers,Cords,L,indigo,62,15,2021-05-01,Young
Raquela Swinnard,Agender,27,Sanfordton,South Australia,2021-05-02,2021-05-17,4103,90,3,270,Trousers,Relaxed Leg,XS,yellow,44,15,2021-05-01,Young
Raquela Swinnard,Agender,27,Sanfordton,South Australia,2021-05-02,2021-05-17,4104,98,2,196,Jacket,Leather,S,violet,65,15,2021-05-01,Young
Raquela Swinnard,Agender,27,Sanfordton,South Australia,2021-05-02,2021-05-17,4105,119,2,238,Jacket,Trench Coat,M,red,57,15,2021-05-01,Young
Peri Pilsworth,Genderfluid,36,Walterland,Victoria,2021-06-27,2021-07-05,4112,91,1,91,Jacket,Pullover,L,yellow,43,8,2021-06-01,Middle Aged
Peri Pilsworth,Genderfluid,36,Walterland,Victoria,2021-06-27,2021-07-05,4113,98,1,98,Shirt,Camp Collared,S,orange,62,8,2021-06-01,Middle Aged
Peri Pilsworth,Genderfluid,36,Walterland,Victoria,2021-06-27,2021-07-05,4114,102,3,306,Trousers,Cargo Pants,L,violet,74,8,2021-06-01,Middle Aged
Peri Pilsworth,Genderfluid,36,Walterland,Victoria,2021-06-27,2021-07-05,4115,91,1,91,Shirt,Linen,XL,orange,59,8,2021-06-01,Middle Aged
Peri Pilsworth,Genderfluid,36,Walterland,Victoria,2021-06-27,2021-07-05,4116,112,2,224,Jacket,Cardigan,M,indigo,58,8,2021-06-01,Middle Aged
Adena Venn,Polygender,53,Jordanburgh,Victoria,2021-09-03,2021-09-09,2769,105,2,210,Shirt,Cuban Collar,M,red,53,6,2021-09-01,Middle Aged
Adena Venn,Polygender,53,Jordanburgh,Victoria,2021-09-03,2021-09-09,2770,94,2,188,Shirt,Henley,L,orange,77,6,2021-09-01,Middle Aged
Adena Venn,Polygender,53,Jordanburgh,Victoria,2021-09-03,2021-09-09,2771,100,1,100,Jacket,Bomber,XS,green,48,6,2021-09-01,Middle Aged
Adena Venn,Polygender,53,Jordanburgh,Victoria,2021-09-03,2021-09-09,2772,98,3,294,Jacket,Leather,S,red,80,6,2021-09-01,Middle Aged
Adena Venn,Polygender,53,Jordanburgh,Victoria,2021-09-03,2021-09-09,2773,96,1,96,Shirt,Oxford Cloth,L,red,69,6,2021-09-01,Middle Aged
Adena Venn,Polygender,53,Jordanburgh,Victoria,2021-09-03,2021-09-09,2774,96,1,96,Trousers,Drawstring,L,green,43,6,2021-09-01,Middle Aged
Theodor Skipton,Bigender,68,Declanton,South Australia,2021-03-13,2021-03-18,2109,119,1,119,Shirt,Casual Slim Fit,M,blue,61,5,2021-03-01,Senior
Theodor Skipton,Bigender,68,Declanton,South Australia,2021-03-13,2021-03-18,2110,109,1,109,Jacket,Peacoat,XL,blue,77,5,2021-03-01,Senior
Theodor Skipton,Bigender,68,Declanton,South Australia,2021-03-13,2021-03-18,2111,93,2,186,Trousers,Joggers,L,indigo,42,5,2021-03-01,Senior
Theodor Skipton,Bigender,68,Declanton,South Australia,2021-03-13,2021-03-18,2112,98,1,98,Shirt,Camp Collared,M,orange,65,5,2021-03-01,Senior
Theodor Skipton,Bigender,68,Declanton,South Australia,2021-03-13,2021-03-18,2113,117,1,117,Jacket,Shearling,L,indigo,66,5,2021-03-01,Senior
Theodor Skipton,Bigender,68,Declanton,South Australia,2021-03-13,2021-03-18,2114,107,3,321,Jacket,Denim,XS,red,60,5,2021-03-01,Senior
Theodor Skipton,Bigender,68,Declanton,South Australia,2021-03-13,2021-03-18,2115,90,2,180,Trousers,Relaxed Leg,XS,indigo,60,5,2021-03-01,Senior
Theodor Skipton,Bigender,68,Declanton,South Australia,2021-03-13,2021-03-18,2116,107,1,107,Jacket,Denim,XL,violet,63,5,2021-03-01,Senior
Pate De Ambrosis,Non-binary,54,Donnellyfort,New South Wales,2021-04-04,2021-04-17,99,96,1,96,Shirt,Oxford Cloth,M,orange,77,13,2021-04-01,Middle Aged
Pate De Ambrosis,Non-binary,54,Donnellyfort,New South Wales,2021-04-04,2021-04-17,100,105,2,210,Shirt,Cuban Collar,L,green,58,13,2021-04-01,Middle Aged
Pate De Ambrosis,Non-binary,54,Donnellyfort,New South Wales,2021-04-04,2021-04-17,101,94,2,188,Trousers,Cords,S,violet,65,13,2021-04-01,Middle Aged
Ellyn Collacombe,Male,73,Adamsside,Tasmania,2021-08-10,2021-08-20,1048,98,1,98,Shirt,Camp Collared,M,violet,41,10,2021-08-01,Senior
Ellyn Collacombe,Male,73,Adamsside,Tasmania,2021-08-10,2021-08-20,1049,112,2,224,Jacket,Cardigan,L,blue,68,10,2021-08-01,Senior
Ellyn Collacombe,Male,73,Adamsside,Tasmania,2021-08-10,2021-08-20,1050,91,3,273,Jacket,Pullover,XS,yellow,65,10,2021-08-01,Senior
Ellyn Collacombe,Male,73,Adamsside,Tasmania,2021-08-10,2021-08-20,1051,91,2,182,Jacket,Pullover,L,blue,66,10,2021-08-01,Senior
Morgana Weymouth,Female,64,Blakeborough,Australian Capital Territory,2021-09-25,2021-10-03,4123,105,2,210,Shirt,Cuban Collar,M,yellow,49,8,2021-09-01,Senior
Morgana Weymouth,Female,64,Blakeborough,Australian Capital Territory,2021-09-25,2021-10-03,4124,115,1,115,Trousers,Cropped,L,violet,40,8,2021-09-01,Senior
Morgana Weymouth,Female,64,Blakeborough,Australian Capital Territory,2021-09-25,2021-10-03,4125,99,1,99,Trousers,High-Waisted,L,orange,78,8,2021-09-01,Senior
Morgana Weymouth,Female,64,Blakeborough,Australian Capital Territory,2021-09-25,2021-10-03,4126,115,2,230,Trousers,Cropped,XS,red,75,8,2021-09-01,Senior
Morgana Weymouth,Female,64,Blakeborough,Australian Capital Territory,2021-09-25,2021-10-03,4127,109,1,109,Jacket,Peacoat,L,yellow,63,8,2021-09-01,Senior
Morgana Weymouth,Female,64,Blakeborough,Australian Capital Territory,2021-09-25,2021-10-03,4128,100,2,200,Jacket,Bomber,S,violet,45,8,2021-09-01,Senior
Morgana Weymouth,Female,64,Blakeborough,Australian Capital Territory,2021-09-25,2021-10-03,4129,99,1,99,Trousers,High-Waisted,XS,yellow,64,8,2021-09-01,Senior
Alicea Momford,Non-binary,23,West Bella,South Australia,2021-01-25,2021-02-07,2669,96,3,288,Trousers,Drawstring,L,green,43,13,2021-01-01,Young
Alicea Momford,Non-binary,23,West Bella,South Australia,2021-01-25,2021-02-07,2670,119,3,357,Jacket,Trench Coat,M,orange,43,13,2021-01-01,Young
Alicea Momford,Non-binary,23,West Bella,South Australia,2021-01-25,2021-02-07,2671,104,1,104,Shirt,Dress,L,blue,61,13,2021-01-01,Young
Alicea Momford,Non-binary,23,West Bella,South Australia,2021-01-25,2021-02-07,2672,97,2,194,Trousers,Slim-Fit,S,red,71,13,2021-01-01,Young
Alicea Momford,Non-binary,23,West Bella,South Australia,2021-01-25,2021-02-07,2673,105,2,210,Trousers,Pleated,XL,violet,65,13,2021-01-01,Young
Alicea Momford,Non-binary,23,West Bella,South Australia,2021-01-25,2021-02-07,2674,91,1,91,Shirt,Linen,XL,blue,47,13,2021-01-01,Young
Cacilie Forrestill,Bigender,53,O'reillychester,South Australia,2021-02-13,2021-02-15,1884,92,1,92,Shirt,Denim,S,orange,69,2,2021-02-01,Middle Aged
Cacilie Forrestill,Bigender,53,O'reillychester,South Australia,2021-02-13,2021-02-15,1885,90,1,90,Trousers,Relaxed Leg,S,red,70,2,2021-02-01,Middle Aged
Cacilie Forrestill,Bigender,53,O'reillychester,South Australia,2021-02-13,2021-02-15,1886,98,1,98,Jacket,Leather,XS,orange,63,2,2021-02-01,Middle Aged
Cacilie Forrestill,Bigender,53,O'reillychester,South Australia,2021-02-13,2021-02-15,1887,100,3,300,Jacket,Bomber,S,blue,50,2,2021-02-01,Middle Aged
Cacilie Forrestill,Bigender,53,O'reillychester,South Australia,2021-02-13,2021-02-15,1888,106,1,106,Trousers,Wool,L,red,74,2,2021-02-01,Middle Aged
Cacilie Forrestill,Bigender,53,O'reillychester,South Australia,2021-02-13,2021-02-15,1889,98,1,98,Jacket,Leather,L,orange,78,2,2021-02-01,Middle Aged
Cacilie Forrestill,Bigender,53,O'reillychester,South Australia,2021-02-13,2021-02-15,1890,118,1,118,Shirt,Flannel,M,yellow,59,2,2021-02-01,Middle Aged
Cacilie Forrestill,Bigender,53,O'reillychester,South Australia,2021-02-13,2021-02-15,1891,106,2,212,Shirt,Chambray,S,yellow,40,2,2021-02-01,Middle Aged
Morgana Weymouth,Female,64,Blakeborough,Australian Capital Territory,2021-10-14,2021-10-19,4633,96,1,96,Shirt,Oxford Cloth,M,blue,57,5,2021-10-01,Senior
Morgana Weymouth,Female,64,Blakeborough,Australian Capital Territory,2021-10-14,2021-10-19,4634,119,1,119,Shirt,Casual Slim Fit,XS,green,69,5,2021-10-01,Senior
Morgana Weymouth,Female,64,Blakeborough,Australian Capital Territory,2021-10-14,2021-10-19,4635,104,1,104,Shirt,Dress,M,violet,41,5,2021-10-01,Senior
Morgana Weymouth,Female,64,Blakeborough,Australian Capital Territory,2021-10-14,2021-10-19,4636,107,1,107,Jacket,Denim,S,red,69,5,2021-10-01,Senior
Morgana Weymouth,Female,64,Blakeborough,Australian Capital Territory,2021-10-14,2021-10-19,4637,105,1,105,Shirt,Cuban Collar,XS,yellow,78,5,2021-10-01,Senior
Morgana Weymouth,Female,64,Blakeborough,Australian Capital Territory,2021-10-14,2021-10-19,4638,115,2,230,Trousers,Cropped,XS,blue,47,5,2021-10-01,Senior
Morgana Weymouth,Female,64,Blakeborough,Australian Capital Territory,2021-10-14,2021-10-19,4639,96,2,192,Trousers,Drawstring,M,yellow,55,5,2021-10-01,Senior
Meghan Simic,Male,57,South Cameron,Australian Capital Territory,2021-01-03,2021-01-10,4130,97,3,291,Trousers,Slim-Fit,S,green,70,7,2021-01-01,Senior
Meghan Simic,Male,57,South Cameron,Australian Capital Territory,2021-01-03,2021-01-10,4131,109,2,218,Shirt,Mandarin Collar,M,red,60,7,2021-01-01,Senior
Meghan Simic,Male,57,South Cameron,Australian Capital Territory,2021-01-03,2021-01-10,4132,93,3,279,Trousers,Joggers,XL,violet,40,7,2021-01-01,Senior
Orran Skip,Male,25,Port Eveland,South Australia,2021-03-23,2021-03-30,1082,94,3,282,Trousers,Cords,L,orange,74,7,2021-03-01,Young
Orran Skip,Male,25,Port Eveland,South Australia,2021-03-23,2021-03-30,1083,94,1,94,Shirt,Henley,L,blue,60,7,2021-03-01,Young
Orran Skip,Male,25,Port Eveland,South Australia,2021-03-23,2021-03-30,1084,117,1,117,Jacket,Shearling,M,indigo,74,7,2021-03-01,Young
Orran Skip,Male,25,Port Eveland,South Australia,2021-03-23,2021-03-30,1085,96,1,96,Shirt,Oxford Cloth,L,yellow,75,7,2021-03-01,Young
Orran Skip,Male,25,Port Eveland,South Australia,2021-03-23,2021-03-30,1086,115,3,345,Trousers,Cropped,M,violet,47,7,2021-03-01,Young
Orran Skip,Male,25,Port Eveland,South Australia,2021-03-23,2021-03-30,1087,118,2,236,Shirt,Flannel,S,blue,43,7,2021-03-01,Young
Orran Skip,Male,25,Port Eveland,South Australia,2021-03-23,2021-03-30,1088,100,3,300,Jacket,Bomber,L,blue,64,7,2021-03-01,Young
Adena Venn,Polygender,53,Jordanburgh,Victoria,2021-06-22,2021-07-04,216,113,3,339,Jacket,Parka,S,red,66,12,2021-06-01,Middle Aged
Adena Venn,Polygender,53,Jordanburgh,Victoria,2021-06-22,2021-07-04,217,102,1,102,Jacket,Windbreaker,L,orange,68,12,2021-06-01,Middle Aged
Adena Venn,Polygender,53,Jordanburgh,Victoria,2021-06-22,2021-07-04,218,109,3,327,Shirt,Mandarin Collar,S,red,48,12,2021-06-01,Middle Aged
Amaleta Beange,Female,72,Imogenmouth,Northern Territory,2021-05-15,2021-05-26,309,100,1,100,Jacket,Bomber,L,violet,68,11,2021-05-01,Senior
Beverlie Bansal,Agender,80,Port Sebastianland,Queensland,2021-09-05,2021-09-12,4133,119,1,119,Jacket,Trench Coat,XS,green,62,7,2021-09-01,Senior
Beverlie Bansal,Agender,80,Port Sebastianland,Queensland,2021-09-05,2021-09-12,4134,93,2,186,Jacket,Coach,M,violet,74,7,2021-09-01,Senior
Beverlie Bansal,Agender,80,Port Sebastianland,Queensland,2021-09-05,2021-09-12,4135,113,2,226,Trousers,Chinos,M,green,49,7,2021-09-01,Senior
Beverlie Bansal,Agender,80,Port Sebastianland,Queensland,2021-09-05,2021-09-12,4136,98,1,98,Shirt,Camp Collared,S,orange,62,7,2021-09-01,Senior
Beverlie Bansal,Agender,80,Port Sebastianland,Queensland,2021-09-05,2021-09-12,4137,97,1,97,Trousers,Slim-Fit,M,orange,44,7,2021-09-01,Senior
Patin Circuit,Genderqueer,62,Langfort,Tasmania,2021-08-25,2021-09-13,1169,96,3,288,Shirt,Oxford Cloth,S,indigo,59,19,2021-08-01,Senior
Patin Circuit,Genderqueer,62,Langfort,Tasmania,2021-08-25,2021-09-13,1170,106,3,318,Trousers,Wool,M,blue,52,19,2021-08-01,Senior
Patin Circuit,Genderqueer,62,Langfort,Tasmania,2021-08-25,2021-09-13,1171,94,1,94,Trousers,Cords,M,red,68,19,2021-08-01,Senior
Patin Circuit,Genderqueer,62,Langfort,Tasmania,2021-08-25,2021-09-13,1172,97,1,97,Trousers,Slim-Fit,XS,orange,69,19,2021-08-01,Senior
Patin Circuit,Genderqueer,62,Langfort,Tasmania,2021-08-25,2021-09-13,1173,98,3,294,Shirt,Camp Collared,M,orange,65,19,2021-08-01,Senior
Patin Circuit,Genderqueer,62,Langfort,Tasmania,2021-08-25,2021-09-13,1174,119,3,357,Jacket,Trench Coat,XL,indigo,64,19,2021-08-01,Senior
Bee Mazonowicz,Bigender,36,South Eveshire,Western Australia,2021-01-07,2021-01-25,1505,119,1,119,Shirt,Casual Slim Fit,S,blue,75,18,2021-01-01,Middle Aged
Bee Mazonowicz,Bigender,36,South Eveshire,Western Australia,2021-01-07,2021-01-25,1506,94,2,188,Shirt,Henley,XS,red,62,18,2021-01-01,Middle Aged
Etheline Bahde,Female,66,Hoppeville,New South Wales,2021-01-04,2021-01-28,4138,96,3,288,Shirt,Oxford Cloth,XL,blue,60,24,2021-01-01,Senior
Etheline Bahde,Female,66,Hoppeville,New South Wales,2021-01-04,2021-01-28,4139,100,2,200,Jacket,Bomber,XL,indigo,50,24,2021-01-01,Senior
Etheline Bahde,Female,66,Hoppeville,New South Wales,2021-01-04,2021-01-28,4140,104,1,104,Shirt,Dress,L,violet,74,24,2021-01-01,Senior
Cy Sabbins,Male,66,New Mollystad,Tasmania,2021-04-06,2021-04-28,4163,105,3,315,Trousers,Pleated,L,red,70,22,2021-04-01,Senior
Cy Sabbins,Male,66,New Mollystad,Tasmania,2021-04-06,2021-04-28,4164,105,2,210,Shirt,Cuban Collar,XL,yellow,76,22,2021-04-01,Senior
Cy Sabbins,Male,66,New Mollystad,Tasmania,2021-04-06,2021-04-28,4165,100,2,200,Jacket,Bomber,M,violet,45,22,2021-04-01,Senior
Cy Sabbins,Male,66,New Mollystad,Tasmania,2021-04-06,2021-04-28,4166,115,1,115,Trousers,Cropped,XL,green,49,22,2021-04-01,Senior
Eve Stutard,Female,75,Monahanberg,New South Wales,2021-08-04,2021-08-20,4172,98,1,98,Jacket,Leather,L,orange,78,16,2021-08-01,Senior
Eve Stutard,Female,75,Monahanberg,New South Wales,2021-08-04,2021-08-20,4173,93,2,186,Jacket,Coach,L,blue,80,16,2021-08-01,Senior
Eve Stutard,Female,75,Monahanberg,New South Wales,2021-08-04,2021-08-20,4174,100,3,300,Jacket,Bomber,XL,yellow,50,16,2021-08-01,Senior
Eve Stutard,Female,75,Monahanberg,New South Wales,2021-08-04,2021-08-20,4175,94,2,188,Shirt,Henley,S,red,60,16,2021-08-01,Senior
Eve Stutard,Female,75,Monahanberg,New South Wales,2021-08-04,2021-08-20,4176,104,2,208,Shirt,Dress,XS,orange,58,16,2021-08-01,Senior
Perry McAless,Polygender,26,New Leah,Queensland,2021-04-07,2021-04-12,1765,112,1,112,Jacket,Cardigan,XS,indigo,70,5,2021-04-01,Young
Perry McAless,Polygender,26,New Leah,Queensland,2021-04-07,2021-04-12,1766,119,3,357,Shirt,Casual Slim Fit,XS,red,49,5,2021-04-01,Young
Perry McAless,Polygender,26,New Leah,Queensland,2021-04-07,2021-04-12,1767,96,2,192,Shirt,Oxford Cloth,L,orange,48,5,2021-04-01,Young
Perry McAless,Polygender,26,New Leah,Queensland,2021-04-07,2021-04-12,1768,109,2,218,Shirt,Mandarin Collar,M,yellow,58,5,2021-04-01,Young
Perry McAless,Polygender,26,New Leah,Queensland,2021-04-07,2021-04-12,1769,95,1,95,Shirt,Polo,XL,yellow,46,5,2021-04-01,Young
Perry McAless,Polygender,26,New Leah,Queensland,2021-04-07,2021-04-12,1770,105,2,210,Shirt,Cuban Collar,L,orange,65,5,2021-04-01,Young
Perry McAless,Polygender,26,New Leah,Queensland,2021-04-07,2021-04-12,1771,98,3,294,Jacket,Leather,L,yellow,45,5,2021-04-01,Young
Perry McAless,Polygender,26,New Leah,Queensland,2021-04-07,2021-04-12,1772,118,3,354,Shirt,Flannel,XL,blue,61,5,2021-04-01,Young
Perry McAless,Polygender,26,New Leah,Queensland,2021-04-07,2021-04-12,1773,96,2,192,Shirt,Oxford Cloth,S,orange,72,5,2021-04-01,Young
Vida Matchitt,Male,73,Hudsonberg,Australian Capital Territory,2021-02-23,2021-03-08,4183,102,2,204,Jacket,Windbreaker,S,green,65,13,2021-02-01,Senior
Vida Matchitt,Male,73,Hudsonberg,Australian Capital Territory,2021-02-23,2021-03-08,4184,119,1,119,Jacket,Trench Coat,XS,violet,64,13,2021-02-01,Senior
Vida Matchitt,Male,73,Hudsonberg,Australian Capital Territory,2021-02-23,2021-03-08,4185,106,3,318,Shirt,Chambray,XS,violet,47,13,2021-02-01,Senior
Vida Matchitt,Male,73,Hudsonberg,Australian Capital Territory,2021-02-23,2021-03-08,4186,94,3,282,Trousers,Cords,S,green,78,13,2021-02-01,Senior
Brooks Sayers,Polygender,74,Jaydenside,Victoria,2021-06-12,2021-06-21,2103,105,3,315,Shirt,Cuban Collar,S,indigo,41,9,2021-06-01,Senior
Brooks Sayers,Polygender,74,Jaydenside,Victoria,2021-06-12,2021-06-21,2104,99,2,198,Trousers,High-Waisted,M,indigo,61,9,2021-06-01,Senior
Brooks Sayers,Polygender,74,Jaydenside,Victoria,2021-06-12,2021-06-21,2105,98,3,294,Shirt,Camp Collared,XS,violet,72,9,2021-06-01,Senior
Brooks Sayers,Polygender,74,Jaydenside,Victoria,2021-06-12,2021-06-21,2106,104,2,208,Shirt,Dress,L,red,79,9,2021-06-01,Senior
Brooks Sayers,Polygender,74,Jaydenside,Victoria,2021-06-12,2021-06-21,2107,91,2,182,Jacket,Pullover,L,red,69,9,2021-06-01,Senior
Brooks Sayers,Polygender,74,Jaydenside,Victoria,2021-06-12,2021-06-21,2108,98,2,196,Jacket,Leather,XL,green,58,9,2021-06-01,Senior
Marilyn Rontree,Genderqueer,56,Emilymouth,Northern Territory,2021-04-19,2021-04-24,2781,113,3,339,Trousers,Chinos,XS,yellow,41,5,2021-04-01,Senior
Marilyn Rontree,Genderqueer,56,Emilymouth,Northern Territory,2021-04-19,2021-04-24,2782,106,3,318,Trousers,Wool,L,blue,79,5,2021-04-01,Senior
Marilyn Rontree,Genderqueer,56,Emilymouth,Northern Territory,2021-04-19,2021-04-24,2783,93,1,93,Trousers,Joggers,XS,blue,67,5,2021-04-01,Senior
Marilyn Rontree,Genderqueer,56,Emilymouth,Northern Territory,2021-04-19,2021-04-24,2784,94,3,282,Shirt,Henley,XS,red,62,5,2021-04-01,Senior
Marilyn Rontree,Genderqueer,56,Emilymouth,Northern Territory,2021-04-19,2021-04-24,2785,104,3,312,Shirt,Dress,S,violet,69,5,2021-04-01,Senior
Marilyn Rontree,Genderqueer,56,Emilymouth,Northern Territory,2021-04-19,2021-04-24,2786,105,2,210,Trousers,Pleated,S,blue,60,5,2021-04-01,Senior
Elizabet Pippin,Non-binary,72,Port Anna,South Australia,2021-08-19,2021-09-13,3203,107,2,214,Jacket,Denim,XL,blue,80,25,2021-08-01,Senior
Elizabet Pippin,Non-binary,72,Port Anna,South Australia,2021-08-19,2021-09-13,3204,100,2,200,Jacket,Bomber,S,indigo,41,25,2021-08-01,Senior
Elizabet Pippin,Non-binary,72,Port Anna,South Australia,2021-08-19,2021-09-13,3205,100,3,300,Jacket,Bomber,XS,blue,44,25,2021-08-01,Senior
Elizabet Pippin,Non-binary,72,Port Anna,South Australia,2021-08-19,2021-09-13,3206,118,2,236,Jacket,Puffer,XS,red,67,25,2021-08-01,Senior
Elizabet Pippin,Non-binary,72,Port Anna,South Australia,2021-08-19,2021-09-13,3207,96,3,288,Trousers,Drawstring,XL,indigo,41,25,2021-08-01,Senior
Elizabet Pippin,Non-binary,72,Port Anna,South Australia,2021-08-19,2021-09-13,3208,98,2,196,Jacket,Leather,XS,red,67,25,2021-08-01,Senior
Elizabet Pippin,Non-binary,72,Port Anna,South Australia,2021-08-19,2021-09-13,3209,118,2,236,Jacket,Puffer,XS,green,41,25,2021-08-01,Senior
Osgood Percifer,Genderqueer,76,Cameronton,Western Australia,2021-02-04,2021-03-01,2587,96,2,192,Trousers,Drawstring,XS,yellow,41,25,2021-02-01,Senior
Osgood Percifer,Genderqueer,76,Cameronton,Western Australia,2021-02-04,2021-03-01,2588,102,2,204,Trousers,Cargo Pants,S,green,79,25,2021-02-01,Senior
Osgood Percifer,Genderqueer,76,Cameronton,Western Australia,2021-02-04,2021-03-01,2589,96,3,288,Shirt,Oxford Cloth,XS,violet,74,25,2021-02-01,Senior
Osgood Percifer,Genderqueer,76,Cameronton,Western Australia,2021-02-04,2021-03-01,2590,118,2,236,Jacket,Puffer,XS,yellow,55,25,2021-02-01,Senior
Osgood Percifer,Genderqueer,76,Cameronton,Western Australia,2021-02-04,2021-03-01,2591,115,2,230,Trousers,Cropped,S,orange,78,25,2021-02-01,Senior
Osgood Percifer,Genderqueer,76,Cameronton,Western Australia,2021-02-04,2021-03-01,2592,97,1,97,Trousers,Slim-Fit,XS,violet,70,25,2021-02-01,Senior
Osgood Percifer,Genderqueer,76,Cameronton,Western Australia,2021-02-04,2021-03-01,2593,92,1,92,Shirt,Denim,L,violet,78,25,2021-02-01,Senior
Osgood Percifer,Genderqueer,76,Cameronton,Western Australia,2021-02-04,2021-03-01,2594,97,3,291,Trousers,Slim-Fit,XL,orange,78,25,2021-02-01,Senior
Osgood Percifer,Genderqueer,76,Cameronton,Western Australia,2021-02-04,2021-03-01,2595,93,2,186,Trousers,Joggers,M,red,43,25,2021-02-01,Senior
Osgood Percifer,Genderqueer,76,Cameronton,Western Australia,2021-02-04,2021-03-01,2596,98,1,98,Shirt,Camp Collared,XL,indigo,42,25,2021-02-01,Senior
Raul Crilly,Genderfluid,24,South Jasper,Queensland,2021-01-02,2021-01-15,4200,106,2,212,Trousers,Wool,M,violet,51,13,2021-01-01,Young
Raul Crilly,Genderfluid,24,South Jasper,Queensland,2021-01-02,2021-01-15,4201,118,1,118,Jacket,Puffer,XL,yellow,65,13,2021-01-01,Young
Raul Crilly,Genderfluid,24,South Jasper,Queensland,2021-01-02,2021-01-15,4202,102,3,306,Trousers,Cargo Pants,L,orange,78,13,2021-01-01,Young
Silas Stephens,Polygender,68,West Audreyhaven,Queensland,2021-09-16,2021-09-27,4203,113,2,226,Trousers,Chinos,M,orange,73,11,2021-09-01,Senior
Silas Stephens,Polygender,68,West Audreyhaven,Queensland,2021-09-16,2021-09-27,4204,96,3,288,Shirt,Oxford Cloth,S,violet,41,11,2021-09-01,Senior
Silas Stephens,Polygender,68,West Audreyhaven,Queensland,2021-09-16,2021-09-27,4205,98,3,294,Shirt,Camp Collared,M,orange,65,11,2021-09-01,Senior
Silas Stephens,Polygender,68,West Audreyhaven,Queensland,2021-09-16,2021-09-27,4206,91,2,182,Shirt,Linen,XS,orange,70,11,2021-09-01,Senior
Silas Stephens,Polygender,68,West Audreyhaven,Queensland,2021-09-16,2021-09-27,4207,90,3,270,Trousers,Relaxed Leg,XL,red,50,11,2021-09-01,Senior
Silas Stephens,Polygender,68,West Audreyhaven,Queensland,2021-09-16,2021-09-27,4208,90,2,180,Trousers,Relaxed Leg,L,blue,61,11,2021-09-01,Senior
Silas Stephens,Polygender,68,West Audreyhaven,Queensland,2021-09-16,2021-09-27,4209,92,1,92,Shirt,Denim,S,orange,69,11,2021-09-01,Senior
Silas Stephens,Polygender,68,West Audreyhaven,Queensland,2021-09-16,2021-09-27,4210,98,3,294,Jacket,Leather,L,violet,78,11,2021-09-01,Senior
Silas Stephens,Polygender,68,West Audreyhaven,Queensland,2021-09-16,2021-09-27,4211,105,1,105,Shirt,Cuban Collar,L,red,45,11,2021-09-01,Senior
Silas Stephens,Polygender,68,West Audreyhaven,Queensland,2021-09-16,2021-09-27,4212,118,1,118,Jacket,Puffer,L,green,43,11,2021-09-01,Senior
Silas Stephens,Polygender,68,West Audreyhaven,Queensland,2021-09-16,2021-09-27,4213,93,2,186,Trousers,Joggers,S,indigo,56,11,2021-09-01,Senior
Prissie Kondratovich,Genderqueer,65,South Zacmouth,Western Australia,2021-08-05,2021-08-11,376,100,2,200,Jacket,Bomber,M,yellow,71,6,2021-08-01,Senior
Willa Gaisford,Female,23,West Justin,Western Australia,2021-08-24,2021-09-15,324,100,2,200,Jacket,Bomber,S,yellow,64,22,2021-08-01,Young
Willa Gaisford,Female,23,West Justin,Western Australia,2021-08-24,2021-09-15,325,119,3,357,Shirt,Casual Slim Fit,XS,yellow,63,22,2021-08-01,Young
Willa Gaisford,Female,23,West Justin,Western Australia,2021-08-24,2021-09-15,326,112,3,336,Jacket,Cardigan,XL,orange,75,22,2021-08-01,Young
Hilliard Papes,Genderqueer,27,Jaspermouth,Western Australia,2021-08-26,2021-08-31,1565,118,2,236,Jacket,Puffer,M,red,62,5,2021-08-01,Young
Hilliard Papes,Genderqueer,27,Jaspermouth,Western Australia,2021-08-26,2021-08-31,1566,96,3,288,Trousers,Drawstring,L,blue,50,5,2021-08-01,Young
Hilliard Papes,Genderqueer,27,Jaspermouth,Western Australia,2021-08-26,2021-08-31,1567,113,1,113,Jacket,Parka,L,orange,77,5,2021-08-01,Young
Hilliard Papes,Genderqueer,27,Jaspermouth,Western Australia,2021-08-26,2021-08-31,1568,112,2,224,Jacket,Cardigan,XS,blue,54,5,2021-08-01,Young
Hilliard Papes,Genderqueer,27,Jaspermouth,Western Australia,2021-08-26,2021-08-31,1569,90,1,90,Trousers,Relaxed Leg,XS,orange,64,5,2021-08-01,Young
Hilliard Papes,Genderqueer,27,Jaspermouth,Western Australia,2021-08-26,2021-08-31,1570,94,1,94,Trousers,Cords,M,green,76,5,2021-08-01,Young
Hilliard Papes,Genderqueer,27,Jaspermouth,Western Australia,2021-08-26,2021-08-31,1571,112,1,112,Jacket,Cardigan,M,green,46,5,2021-08-01,Young
Hilliard Papes,Genderqueer,27,Jaspermouth,Western Australia,2021-08-26,2021-08-31,1572,94,2,188,Trousers,Cords,M,yellow,58,5,2021-08-01,Young
Hilliard Papes,Genderqueer,27,Jaspermouth,Western Australia,2021-08-26,2021-08-31,1573,96,2,192,Trousers,Drawstring,XL,violet,80,5,2021-08-01,Young
Michell Lappine,Polygender,34,East Sophia,Queensland,2021-01-26,2021-02-16,1404,117,2,234,Jacket,Shearling,L,blue,64,21,2021-01-01,Young
Michell Lappine,Polygender,34,East Sophia,Queensland,2021-01-26,2021-02-16,1405,107,1,107,Jacket,Denim,M,red,43,21,2021-01-01,Young
Michell Lappine,Polygender,34,East Sophia,Queensland,2021-01-26,2021-02-16,1406,102,1,102,Trousers,Cargo Pants,S,blue,63,21,2021-01-01,Young
Michell Lappine,Polygender,34,East Sophia,Queensland,2021-01-26,2021-02-16,1407,112,2,224,Jacket,Cardigan,XL,red,54,21,2021-01-01,Young
Michell Lappine,Polygender,34,East Sophia,Queensland,2021-01-26,2021-02-16,1408,118,2,236,Jacket,Puffer,S,indigo,62,21,2021-01-01,Young
Michell Lappine,Polygender,34,East Sophia,Queensland,2021-01-26,2021-02-16,1409,109,2,218,Jacket,Peacoat,S,red,67,21,2021-01-01,Young
Michell Lappine,Polygender,34,East Sophia,Queensland,2021-01-26,2021-02-16,1410,104,3,312,Shirt,Dress,XS,yellow,69,21,2021-01-01,Young
Michell Lappine,Polygender,34,East Sophia,Queensland,2021-01-26,2021-02-16,1411,90,1,90,Trousers,Relaxed Leg,XS,violet,49,21,2021-01-01,Young
Michell Lappine,Polygender,34,East Sophia,Queensland,2021-01-26,2021-02-16,1412,118,2,236,Jacket,Puffer,L,orange,66,21,2021-01-01,Young
Michell Lappine,Polygender,34,East Sophia,Queensland,2021-01-26,2021-02-16,1413,102,2,204,Trousers,Cargo Pants,XS,violet,40,21,2021-01-01,Young
Silas Stephens,Polygender,68,West Audreyhaven,Queensland,2021-10-11,2021-11-07,4824,106,1,106,Shirt,Chambray,XS,indigo,75,27,2021-10-01,Senior
Silas Stephens,Polygender,68,West Audreyhaven,Queensland,2021-10-11,2021-11-07,4825,105,1,105,Shirt,Cuban Collar,L,red,45,27,2021-10-01,Senior
Silas Stephens,Polygender,68,West Audreyhaven,Queensland,2021-10-11,2021-11-07,4826,100,1,100,Jacket,Bomber,S,violet,45,27,2021-10-01,Senior
Silas Stephens,Polygender,68,West Audreyhaven,Queensland,2021-10-11,2021-11-07,4827,93,3,279,Trousers,Joggers,L,indigo,42,27,2021-10-01,Senior
Silas Stephens,Polygender,68,West Audreyhaven,Queensland,2021-10-11,2021-11-07,4828,92,2,184,Shirt,Denim,L,indigo,58,27,2021-10-01,Senior
Silas Stephens,Polygender,68,West Audreyhaven,Queensland,2021-10-11,2021-11-07,4829,104,1,104,Shirt,Dress,M,orange,53,27,2021-10-01,Senior
Silas Stephens,Polygender,68,West Audreyhaven,Queensland,2021-10-11,2021-11-07,4830,109,2,218,Jacket,Peacoat,XL,violet,42,27,2021-10-01,Senior
Adamo Saddington,Male,80,Port Lucas,Queensland,2021-09-26,2021-10-18,4241,105,2,210,Trousers,Pleated,M,violet,45,22,2021-09-01,Senior
Adamo Saddington,Male,80,Port Lucas,Queensland,2021-09-26,2021-10-18,4242,92,3,276,Shirt,Denim,XL,indigo,58,22,2021-09-01,Senior
Adamo Saddington,Male,80,Port Lucas,Queensland,2021-09-26,2021-10-18,4243,90,3,270,Trousers,Relaxed Leg,XL,orange,80,22,2021-09-01,Senior
Adamo Saddington,Male,80,Port Lucas,Queensland,2021-09-26,2021-10-18,4244,92,1,92,Shirt,Denim,XL,violet,73,22,2021-09-01,Senior
Adamo Saddington,Male,80,Port Lucas,Queensland,2021-09-26,2021-10-18,4245,100,3,300,Jacket,Bomber,S,indigo,41,22,2021-09-01,Senior
Adamo Saddington,Male,80,Port Lucas,Queensland,2021-08-24,2021-09-02,4724,97,2,194,Trousers,Slim-Fit,M,indigo,67,9,2021-08-01,Senior
Adamo Saddington,Male,80,Port Lucas,Queensland,2021-08-24,2021-09-02,4725,112,1,112,Trousers,Tracksuit Bottoms,S,blue,48,9,2021-08-01,Senior
Adamo Saddington,Male,80,Port Lucas,Queensland,2021-08-24,2021-09-02,4726,92,1,92,Shirt,Denim,S,green,49,9,2021-08-01,Senior
Adamo Saddington,Male,80,Port Lucas,Queensland,2021-08-24,2021-09-02,4727,94,1,94,Trousers,Cords,S,blue,59,9,2021-08-01,Senior
Valentine Marley,Bigender,61,New Ava,Queensland,2021-07-14,2021-08-09,3549,91,2,182,Shirt,Linen,L,violet,70,26,2021-07-01,Senior
Valentine Marley,Bigender,61,New Ava,Queensland,2021-07-14,2021-08-09,3550,102,1,102,Jacket,Windbreaker,XL,violet,54,26,2021-07-01,Senior
Valentine Marley,Bigender,61,New Ava,Queensland,2021-07-14,2021-08-09,3551,91,1,91,Shirt,Linen,M,blue,58,26,2021-07-01,Senior
Valentine Marley,Bigender,61,New Ava,Queensland,2021-07-14,2021-08-09,3552,112,2,224,Trousers,Tracksuit Bottoms,XS,indigo,63,26,2021-07-01,Senior
Valentine Marley,Bigender,61,New Ava,Queensland,2021-07-14,2021-08-09,3553,113,2,226,Trousers,Chinos,L,violet,62,26,2021-07-01,Senior
Valentine Marley,Bigender,61,New Ava,Queensland,2021-07-14,2021-08-09,3554,109,2,218,Shirt,Mandarin Collar,S,yellow,76,26,2021-07-01,Senior
Melissa Partkya,Male,23,O'keefeton,Tasmania,2021-05-20,2021-05-24,4387,119,2,238,Jacket,Trench Coat,L,yellow,77,4,2021-05-01,Young
Melissa Partkya,Male,23,O'keefeton,Tasmania,2021-05-20,2021-05-24,4388,109,3,327,Jacket,Peacoat,XL,red,58,4,2021-05-01,Young
Melissa Partkya,Male,23,O'keefeton,Tasmania,2021-05-20,2021-05-24,4389,115,2,230,Trousers,Cropped,M,red,50,4,2021-05-01,Young
Melissa Partkya,Male,23,O'keefeton,Tasmania,2021-05-20,2021-05-24,4390,112,2,224,Jacket,Cardigan,S,yellow,79,4,2021-05-01,Young
Melissa Partkya,Male,23,O'keefeton,Tasmania,2021-05-20,2021-05-24,4391,113,2,226,Jacket,Parka,M,violet,75,4,2021-05-01,Young
Ashely Inmett,Genderqueer,61,Liamton,Queensland,2021-10-22,2021-11-16,388,95,1,95,Shirt,Polo,S,indigo,50,25,2021-10-01,Senior
Ashely Inmett,Genderqueer,61,Liamton,Queensland,2021-10-22,2021-11-16,389,117,2,234,Jacket,Shearling,L,yellow,58,25,2021-10-01,Senior
Ashely Inmett,Genderqueer,61,Liamton,Queensland,2021-10-22,2021-11-16,390,98,1,98,Jacket,Leather,XL,blue,67,25,2021-10-01,Senior
Ashely Inmett,Genderqueer,61,Liamton,Queensland,2021-10-22,2021-11-16,391,102,3,306,Jacket,Windbreaker,XS,violet,68,25,2021-10-01,Senior
Ashely Inmett,Genderqueer,61,Liamton,Queensland,2021-10-22,2021-11-16,392,98,1,98,Jacket,Leather,XS,blue,77,25,2021-10-01,Senior
Orella Singyard,Polygender,24,Michaelberg,Victoria,2021-03-22,2021-03-28,135,93,1,93,Jacket,Coach,L,red,80,6,2021-03-01,Young
Orella Singyard,Polygender,24,Michaelberg,Victoria,2021-03-22,2021-03-28,136,94,3,282,Trousers,Cords,M,violet,77,6,2021-03-01,Young
Orella Singyard,Polygender,24,Michaelberg,Victoria,2021-03-22,2021-03-28,137,95,2,190,Shirt,Polo,S,red,60,6,2021-03-01,Young
Orella Singyard,Polygender,24,Michaelberg,Victoria,2021-03-22,2021-03-28,138,109,3,327,Jacket,Peacoat,M,indigo,52,6,2021-03-01,Young
Deedee Pashe,Bigender,28,Lake Abigailhaven,Western Australia,2021-07-04,2021-07-29,1280,90,2,180,Trousers,Relaxed Leg,XL,yellow,54,25,2021-07-01,Young
Deedee Pashe,Bigender,28,Lake Abigailhaven,Western Australia,2021-07-04,2021-07-29,1281,109,2,218,Jacket,Peacoat,M,orange,47,25,2021-07-01,Young
Deedee Pashe,Bigender,28,Lake Abigailhaven,Western Australia,2021-07-04,2021-07-29,1282,94,1,94,Shirt,Henley,XL,yellow,55,25,2021-07-01,Young
Deedee Pashe,Bigender,28,Lake Abigailhaven,Western Australia,2021-07-04,2021-07-29,1283,118,1,118,Jacket,Puffer,XL,blue,80,25,2021-07-01,Young
Deedee Pashe,Bigender,28,Lake Abigailhaven,Western Australia,2021-07-04,2021-07-29,1284,117,1,117,Jacket,Shearling,L,orange,58,25,2021-07-01,Young
Deedee Pashe,Bigender,28,Lake Abigailhaven,Western Australia,2021-07-04,2021-07-29,1285,93,1,93,Jacket,Coach,XS,red,71,25,2021-07-01,Young
Deedee Pashe,Bigender,28,Lake Abigailhaven,Western Australia,2021-07-04,2021-07-29,1286,118,1,118,Jacket,Puffer,M,orange,61,25,2021-07-01,Young
Saul Franklyn,Male,62,Tillmanview,New South Wales,2021-09-24,2021-10-14,4255,96,3,288,Shirt,Oxford Cloth,L,indigo,70,20,2021-09-01,Senior
Saul Franklyn,Male,62,Tillmanview,New South Wales,2021-09-24,2021-10-14,4256,104,2,208,Shirt,Dress,S,violet,69,20,2021-09-01,Senior
Saul Franklyn,Male,62,Tillmanview,New South Wales,2021-09-24,2021-10-14,4257,93,2,186,Jacket,Coach,M,yellow,48,20,2021-09-01,Senior
Saul Franklyn,Male,62,Tillmanview,New South Wales,2021-09-24,2021-10-14,4258,94,1,94,Shirt,Henley,XS,indigo,58,20,2021-09-01,Senior
Saul Franklyn,Male,62,Tillmanview,New South Wales,2021-09-24,2021-10-14,4259,98,3,294,Shirt,Camp Collared,S,indigo,50,20,2021-09-01,Senior
Saul Franklyn,Male,62,Tillmanview,New South Wales,2021-09-24,2021-10-14,4260,117,3,351,Jacket,Shearling,XS,indigo,68,20,2021-09-01,Senior
Saul Franklyn,Male,62,Tillmanview,New South Wales,2021-09-24,2021-10-14,4261,105,3,315,Shirt,Cuban Collar,S,orange,50,20,2021-09-01,Senior
Saul Franklyn,Male,62,Tillmanview,New South Wales,2021-09-24,2021-10-14,4262,100,3,300,Jacket,Bomber,L,blue,64,20,2021-09-01,Senior
Saul Franklyn,Male,62,Tillmanview,New South Wales,2021-09-24,2021-10-14,4263,100,2,200,Jacket,Bomber,S,violet,45,20,2021-09-01,Senior
Jojo Toffanini,Agender,34,Elijahshire,Queensland,2021-04-21,2021-04-23,219,93,2,186,Jacket,Coach,XL,violet,60,2,2021-04-01,Young
Jojo Toffanini,Agender,34,Elijahshire,Queensland,2021-04-21,2021-04-23,220,117,2,234,Jacket,Shearling,L,green,66,2,2021-04-01,Young
Jojo Toffanini,Agender,34,Elijahshire,Queensland,2021-04-21,2021-04-23,221,91,1,91,Jacket,Pullover,M,orange,60,2,2021-04-01,Young
Jojo Toffanini,Agender,34,Elijahshire,Queensland,2021-04-21,2021-04-23,222,118,2,236,Shirt,Flannel,L,orange,59,2,2021-04-01,Young
Jojo Toffanini,Agender,34,Elijahshire,Queensland,2021-04-21,2021-04-23,223,115,3,345,Trousers,Cropped,XL,red,78,2,2021-04-01,Young
Minta Loble,Female,63,Lake Paigemouth,Northern Territory,2021-06-12,2021-06-17,773,96,2,192,Trousers,Drawstring,M,indigo,58,5,2021-06-01,Senior
Minta Loble,Female,63,Lake Paigemouth,Northern Territory,2021-06-12,2021-06-17,774,109,1,109,Jacket,Peacoat,L,green,73,5,2021-06-01,Senior
Minta Loble,Female,63,Lake Paigemouth,Northern Territory,2021-06-12,2021-06-17,775,100,3,300,Jacket,Bomber,L,red,50,5,2021-06-01,Senior
Minta Loble,Female,63,Lake Paigemouth,Northern Territory,2021-06-12,2021-06-17,776,98,2,196,Jacket,Leather,XL,blue,67,5,2021-06-01,Senior
Minta Loble,Female,63,Lake Paigemouth,Northern Territory,2021-06-12,2021-06-17,777,104,3,312,Shirt,Dress,L,orange,73,5,2021-06-01,Senior
Minta Loble,Female,63,Lake Paigemouth,Northern Territory,2021-06-12,2021-06-17,778,113,3,339,Jacket,Parka,M,green,71,5,2021-06-01,Senior
Minta Loble,Female,63,Lake Paigemouth,Northern Territory,2021-06-12,2021-06-17,779,94,1,94,Shirt,Henley,M,blue,42,5,2021-06-01,Senior
Minta Loble,Female,63,Lake Paigemouth,Northern Territory,2021-06-12,2021-06-17,780,91,2,182,Shirt,Linen,L,yellow,72,5,2021-06-01,Senior
Saul Franklyn,Male,62,Tillmanview,New South Wales,2021-09-11,2021-10-04,4693,105,3,315,Trousers,Pleated,S,yellow,71,23,2021-09-01,Senior
Saul Franklyn,Male,62,Tillmanview,New South Wales,2021-09-11,2021-10-04,4694,100,1,100,Jacket,Bomber,XS,green,48,23,2021-09-01,Senior
Saul Franklyn,Male,62,Tillmanview,New South Wales,2021-09-11,2021-10-04,4695,97,2,194,Trousers,Slim-Fit,XS,yellow,59,23,2021-09-01,Senior
Saul Franklyn,Male,62,Tillmanview,New South Wales,2021-09-11,2021-10-04,4696,106,1,106,Shirt,Chambray,M,red,48,23,2021-09-01,Senior
Saul Franklyn,Male,62,Tillmanview,New South Wales,2021-09-11,2021-10-04,4697,104,2,208,Shirt,Dress,XL,red,47,23,2021-09-01,Senior
Saul Franklyn,Male,62,Tillmanview,New South Wales,2021-09-11,2021-10-04,4698,119,2,238,Shirt,Casual Slim Fit,XS,orange,43,23,2021-09-01,Senior
Saul Franklyn,Male,62,Tillmanview,New South Wales,2021-09-11,2021-10-04,4699,98,3,294,Shirt,Camp Collared,M,red,64,23,2021-09-01,Senior
Saul Franklyn,Male,62,Tillmanview,New South Wales,2021-09-11,2021-10-04,4700,112,3,336,Trousers,Tracksuit Bottoms,XS,violet,67,23,2021-09-01,Senior
Saul Franklyn,Male,62,Tillmanview,New South Wales,2021-09-11,2021-10-04,4701,102,2,204,Jacket,Windbreaker,XL,blue,59,23,2021-09-01,Senior
Saul Franklyn,Male,62,Tillmanview,New South Wales,2021-09-11,2021-10-04,4702,98,3,294,Jacket,Leather,XS,green,57,23,2021-09-01,Senior
Faber Purcell,Female,78,Andrewborough,New South Wales,2021-05-29,2021-06-22,869,104,3,312,Shirt,Dress,XS,green,51,24,2021-05-01,Senior
Faber Purcell,Female,78,Andrewborough,New South Wales,2021-05-29,2021-06-22,870,99,1,99,Trousers,High-Waisted,XL,indigo,57,24,2021-05-01,Senior
Faber Purcell,Female,78,Andrewborough,New South Wales,2021-05-29,2021-06-22,871,112,1,112,Trousers,Tracksuit Bottoms,XS,blue,42,24,2021-05-01,Senior
Faber Purcell,Female,78,Andrewborough,New South Wales,2021-05-29,2021-06-22,872,93,2,186,Trousers,Joggers,L,orange,49,24,2021-05-01,Senior
Faber Purcell,Female,78,Andrewborough,New South Wales,2021-05-29,2021-06-22,873,93,1,93,Trousers,Joggers,XL,red,58,24,2021-05-01,Senior
Faber Purcell,Female,78,Andrewborough,New South Wales,2021-05-29,2021-06-22,874,95,1,95,Shirt,Polo,M,indigo,62,24,2021-05-01,Senior
Saul Franklyn,Male,62,Tillmanview,New South Wales,2021-04-07,2021-04-21,4892,90,1,90,Trousers,Relaxed Leg,M,violet,46,14,2021-04-01,Senior
Saul Franklyn,Male,62,Tillmanview,New South Wales,2021-04-07,2021-04-21,4893,118,3,354,Jacket,Puffer,S,violet,46,14,2021-04-01,Senior
Kerry Luto,Polygender,56,Conroychester,South Australia,2021-10-08,2021-10-12,3768,97,2,194,Trousers,Slim-Fit,XL,green,67,4,2021-10-01,Senior
Kerry Luto,Polygender,56,Conroychester,South Australia,2021-10-08,2021-10-12,3769,98,3,294,Shirt,Camp Collared,S,blue,75,4,2021-10-01,Senior
Kerry Luto,Polygender,56,Conroychester,South Australia,2021-10-08,2021-10-12,3770,113,1,113,Trousers,Chinos,M,green,49,4,2021-10-01,Senior
Kerry Luto,Polygender,56,Conroychester,South Australia,2021-10-08,2021-10-12,3771,118,1,118,Shirt,Flannel,M,violet,71,4,2021-10-01,Senior
Kerry Luto,Polygender,56,Conroychester,South Australia,2021-10-08,2021-10-12,3772,118,3,354,Shirt,Flannel,XS,green,55,4,2021-10-01,Senior
Candis Roswarne,Non-binary,46,West Michaelport,Tasmania,2021-01-31,2021-02-17,1551,93,1,93,Jacket,Coach,XL,red,46,17,2021-01-01,Middle Aged
Candis Roswarne,Non-binary,46,West Michaelport,Tasmania,2021-01-31,2021-02-17,1552,113,1,113,Trousers,Chinos,XL,yellow,59,17,2021-01-01,Middle Aged
Candis Roswarne,Non-binary,46,West Michaelport,Tasmania,2021-01-31,2021-02-17,1553,98,2,196,Jacket,Leather,M,green,45,17,2021-01-01,Middle Aged
Joannes Pandie,Female,52,Huelhaven,Australian Capital Territory,2021-02-21,2021-03-11,2978,97,1,97,Trousers,Slim-Fit,XS,yellow,59,18,2021-02-01,Middle Aged
Joannes Pandie,Female,52,Huelhaven,Australian Capital Territory,2021-02-21,2021-03-11,2979,106,1,106,Trousers,Wool,S,green,43,18,2021-02-01,Middle Aged
Joannes Pandie,Female,52,Huelhaven,Australian Capital Territory,2021-02-21,2021-03-11,2980,94,1,94,Shirt,Henley,XS,violet,50,18,2021-02-01,Middle Aged
Joannes Pandie,Female,52,Huelhaven,Australian Capital Territory,2021-02-21,2021-03-11,2981,113,1,113,Jacket,Parka,XS,red,65,18,2021-02-01,Middle Aged
Joannes Pandie,Female,52,Huelhaven,Australian Capital Territory,2021-02-21,2021-03-11,2982,102,1,102,Trousers,Cargo Pants,XS,red,72,18,2021-02-01,Middle Aged
Joannes Pandie,Female,52,Huelhaven,Australian Capital Territory,2021-02-21,2021-03-11,2983,96,3,288,Trousers,Drawstring,S,red,64,18,2021-02-01,Middle Aged
Joannes Pandie,Female,52,Huelhaven,Australian Capital Territory,2021-02-21,2021-03-11,2984,118,3,354,Jacket,Puffer,M,yellow,44,18,2021-02-01,Middle Aged
Ellene Dedam,Agender,25,Islamouth,Western Australia,2021-07-28,2021-08-16,3219,96,2,192,Trousers,Drawstring,M,yellow,55,19,2021-07-01,Young
Ellene Dedam,Agender,25,Islamouth,Western Australia,2021-07-28,2021-08-16,3220,119,3,357,Shirt,Casual Slim Fit,L,indigo,60,19,2021-07-01,Young
Ellene Dedam,Agender,25,Islamouth,Western Australia,2021-07-28,2021-08-16,3221,105,1,105,Trousers,Pleated,XS,indigo,52,19,2021-07-01,Young
Ellene Dedam,Agender,25,Islamouth,Western Australia,2021-07-28,2021-08-16,3222,105,3,315,Shirt,Cuban Collar,XL,yellow,76,19,2021-07-01,Young
Ellene Dedam,Agender,25,Islamouth,Western Australia,2021-07-28,2021-08-16,3223,95,2,190,Shirt,Polo,XL,indigo,56,19,2021-07-01,Young
Tammie Gavrielli,Genderqueer,25,Jacobsshire,Tasmania,2021-04-23,2021-05-02,4273,90,3,270,Trousers,Relaxed Leg,S,green,51,9,2021-04-01,Young
Tammie Gavrielli,Genderqueer,25,Jacobsshire,Tasmania,2021-04-23,2021-05-02,4274,93,3,279,Trousers,Joggers,XL,blue,52,9,2021-04-01,Young
Tammie Gavrielli,Genderqueer,25,Jacobsshire,Tasmania,2021-04-23,2021-05-02,4275,107,1,107,Jacket,Denim,M,green,79,9,2021-04-01,Young
Tammie Gavrielli,Genderqueer,25,Jacobsshire,Tasmania,2021-04-23,2021-05-02,4276,99,1,99,Trousers,High-Waisted,L,green,75,9,2021-04-01,Young
Pieter Bruton,Polygender,21,Lachlanstad,Queensland,2021-09-27,2021-10-18,4282,98,2,196,Jacket,Leather,XL,blue,67,21,2021-09-01,Young
Pieter Bruton,Polygender,21,Lachlanstad,Queensland,2021-09-27,2021-10-18,4283,98,3,294,Jacket,Leather,XS,green,57,21,2021-09-01,Young
Pieter Bruton,Polygender,21,Lachlanstad,Queensland,2021-09-27,2021-10-18,4284,100,2,200,Jacket,Bomber,L,orange,71,21,2021-09-01,Young
Pieter Bruton,Polygender,21,Lachlanstad,Queensland,2021-09-27,2021-10-18,4285,104,1,104,Shirt,Dress,XS,yellow,69,21,2021-09-01,Young
Pieter Bruton,Polygender,21,Lachlanstad,Queensland,2021-09-27,2021-10-18,4286,90,2,180,Trousers,Relaxed Leg,XS,red,52,21,2021-09-01,Young
Pieter Bruton,Polygender,21,Lachlanstad,Queensland,2021-09-27,2021-10-18,4287,98,2,196,Jacket,Leather,XS,yellow,73,21,2021-09-01,Young
Pieter Bruton,Polygender,21,Lachlanstad,Queensland,2021-09-27,2021-10-18,4288,105,3,315,Trousers,Pleated,XS,violet,58,21,2021-09-01,Young
Hildagarde Dell 'Orto,Bigender,51,Jasperside,South Australia,2021-10-18,2021-11-09,1625,98,1,98,Shirt,Camp Collared,S,blue,75,22,2021-10-01,Middle Aged
Hildagarde Dell 'Orto,Bigender,51,Jasperside,South Australia,2021-10-18,2021-11-09,1626,115,3,345,Trousers,Cropped,M,orange,56,22,2021-10-01,Middle Aged
Hildagarde Dell 'Orto,Bigender,51,Jasperside,South Australia,2021-10-18,2021-11-09,1627,94,3,282,Trousers,Cords,XS,yellow,69,22,2021-10-01,Middle Aged
Hildagarde Dell 'Orto,Bigender,51,Jasperside,South Australia,2021-10-18,2021-11-09,1628,94,1,94,Trousers,Cords,L,indigo,62,22,2021-10-01,Middle Aged
Hildagarde Dell 'Orto,Bigender,51,Jasperside,South Australia,2021-10-18,2021-11-09,1629,117,1,117,Jacket,Shearling,M,green,59,22,2021-10-01,Middle Aged
Hildagarde Dell 'Orto,Bigender,51,Jasperside,South Australia,2021-10-18,2021-11-09,1630,92,3,276,Shirt,Denim,XL,green,52,22,2021-10-01,Middle Aged
Hildagarde Dell 'Orto,Bigender,51,Jasperside,South Australia,2021-10-18,2021-11-09,1631,107,3,321,Jacket,Denim,M,violet,43,22,2021-10-01,Middle Aged
Rafferty Fronek,Genderqueer,43,East Kaylabury,Australian Capital Territory,2021-01-13,2021-01-22,4294,117,2,234,Jacket,Shearling,L,indigo,66,9,2021-01-01,Middle Aged
Rafferty Fronek,Genderqueer,43,East Kaylabury,Australian Capital Territory,2021-01-13,2021-01-22,4295,99,3,297,Trousers,High-Waisted,L,blue,57,9,2021-01-01,Middle Aged
Rafferty Fronek,Genderqueer,43,East Kaylabury,Australian Capital Territory,2021-01-13,2021-01-22,4296,91,3,273,Jacket,Pullover,XL,blue,74,9,2021-01-01,Middle Aged
Rafferty Fronek,Genderqueer,43,East Kaylabury,Australian Capital Territory,2021-01-13,2021-01-22,4297,102,1,102,Jacket,Windbreaker,XL,green,71,9,2021-01-01,Middle Aged
Rafferty Fronek,Genderqueer,43,East Kaylabury,Australian Capital Territory,2021-01-13,2021-01-22,4298,118,1,118,Shirt,Flannel,M,blue,73,9,2021-01-01,Middle Aged
Rafferty Fronek,Genderqueer,43,East Kaylabury,Australian Capital Territory,2021-01-13,2021-01-22,4299,105,2,210,Trousers,Pleated,XL,yellow,52,9,2021-01-01,Middle Aged
Hillier Seward,Genderfluid,32,Heaneyview,South Australia,2021-09-01,2021-09-10,4300,109,3,327,Jacket,Peacoat,S,green,41,9,2021-09-01,Young
Hillier Seward,Genderfluid,32,Heaneyview,South Australia,2021-09-01,2021-09-10,4301,106,3,318,Shirt,Chambray,L,red,44,9,2021-09-01,Young
Hillier Seward,Genderfluid,32,Heaneyview,South Australia,2021-09-01,2021-09-10,4302,94,3,282,Trousers,Cords,M,violet,77,9,2021-09-01,Young
Hillier Seward,Genderfluid,32,Heaneyview,South Australia,2021-09-01,2021-09-10,4303,107,2,214,Jacket,Denim,S,yellow,43,9,2021-09-01,Young
Hillier Seward,Genderfluid,32,Heaneyview,South Australia,2021-05-09,2021-05-12,4579,92,3,276,Shirt,Denim,L,green,71,3,2021-05-01,Young
Hillier Seward,Genderfluid,32,Heaneyview,South Australia,2021-05-09,2021-05-12,4580,115,2,230,Trousers,Cropped,XL,indigo,58,3,2021-05-01,Young
Hillier Seward,Genderfluid,32,Heaneyview,South Australia,2021-06-21,2021-07-01,4778,99,2,198,Trousers,High-Waisted,XL,indigo,57,10,2021-06-01,Young
Hillier Seward,Genderfluid,32,Heaneyview,South Australia,2021-06-21,2021-07-01,4779,91,1,91,Shirt,Linen,M,green,42,10,2021-06-01,Young
Devin Lindmark,Female,57,North Mackenzieborough,Northern Territory,2021-10-11,2021-10-20,4321,96,3,288,Trousers,Drawstring,XS,indigo,61,9,2021-10-01,Senior
Devin Lindmark,Female,57,North Mackenzieborough,Northern Territory,2021-10-11,2021-10-20,4322,91,1,91,Shirt,Linen,M,blue,58,9,2021-10-01,Senior
Devin Lindmark,Female,57,North Mackenzieborough,Northern Territory,2021-10-11,2021-10-20,4323,98,2,196,Shirt,Camp Collared,L,violet,42,9,2021-10-01,Senior
Tymothy Linsay,Genderqueer,45,Barrowschester,Victoria,2021-03-23,2021-04-07,4336,96,1,96,Trousers,Drawstring,XS,blue,45,15,2021-03-01,Middle Aged
Tymothy Linsay,Genderqueer,45,Barrowschester,Victoria,2021-03-23,2021-04-07,4337,92,1,92,Shirt,Denim,XL,blue,73,15,2021-03-01,Middle Aged
Tymothy Linsay,Genderqueer,45,Barrowschester,Victoria,2021-03-23,2021-04-07,4338,107,2,214,Jacket,Denim,XS,yellow,52,15,2021-03-01,Middle Aged
Tymothy Linsay,Genderqueer,45,Barrowschester,Victoria,2021-03-23,2021-04-07,4339,98,1,98,Jacket,Leather,XS,blue,77,15,2021-03-01,Middle Aged
Tymothy Linsay,Genderqueer,45,Barrowschester,Victoria,2021-03-23,2021-04-07,4340,119,1,119,Jacket,Trench Coat,L,blue,50,15,2021-03-01,Middle Aged
Tymothy Linsay,Genderqueer,45,Barrowschester,Victoria,2021-03-23,2021-04-07,4341,96,1,96,Shirt,Oxford Cloth,XL,green,42,15,2021-03-01,Middle Aged
Marna Lammerts,Male,22,Sophiafurt,New South Wales,2021-09-24,2021-10-08,4358,93,1,93,Jacket,Coach,M,orange,72,14,2021-09-01,Young
Marna Lammerts,Male,22,Sophiafurt,New South Wales,2021-09-24,2021-10-08,4359,102,2,204,Jacket,Windbreaker,XS,orange,70,14,2021-09-01,Young
Marna Lammerts,Male,22,Sophiafurt,New South Wales,2021-09-24,2021-10-08,4360,93,1,93,Trousers,Joggers,S,orange,43,14,2021-09-01,Young
Isidore Bleasdille,Genderfluid,72,Davidtown,Victoria,2021-05-07,2021-05-26,461,109,3,327,Shirt,Mandarin Collar,M,green,57,19,2021-05-01,Senior
Timmie Kelshaw,Non-binary,69,Lake Evemouth,South Australia,2021-09-26,2021-10-14,4361,92,3,276,Shirt,Denim,L,orange,45,18,2021-09-01,Senior
Timmie Kelshaw,Non-binary,69,Lake Evemouth,South Australia,2021-09-26,2021-10-14,4362,118,2,236,Jacket,Puffer,M,indigo,49,18,2021-09-01,Senior
Timmie Kelshaw,Non-binary,69,Lake Evemouth,South Australia,2021-09-26,2021-10-14,4363,106,1,106,Shirt,Chambray,XS,blue,76,18,2021-09-01,Senior
Timmie Kelshaw,Non-binary,69,Lake Evemouth,South Australia,2021-09-26,2021-10-14,4364,96,3,288,Shirt,Oxford Cloth,L,indigo,70,18,2021-09-01,Senior
Timmie Kelshaw,Non-binary,69,Lake Evemouth,South Australia,2021-09-26,2021-10-14,4365,112,2,224,Jacket,Cardigan,L,yellow,50,18,2021-09-01,Senior
Timmie Kelshaw,Non-binary,69,Lake Evemouth,South Australia,2021-09-26,2021-10-14,4366,107,2,214,Jacket,Denim,M,red,43,18,2021-09-01,Senior
Timmie Kelshaw,Non-binary,69,Lake Evemouth,South Australia,2021-09-26,2021-10-14,4367,118,1,118,Shirt,Flannel,L,orange,59,18,2021-09-01,Senior
Timmie Kelshaw,Non-binary,69,Lake Evemouth,South Australia,2021-09-26,2021-10-14,4368,107,2,214,Jacket,Denim,XS,indigo,75,18,2021-09-01,Senior
Timmie Kelshaw,Non-binary,69,Lake Evemouth,South Australia,2021-09-26,2021-10-14,4369,118,1,118,Shirt,Flannel,XL,blue,61,18,2021-09-01,Senior
Brendis Blackboro,Non-binary,74,West Lukeshire,New South Wales,2021-03-07,2021-03-23,3910,91,3,273,Shirt,Linen,S,violet,44,16,2021-03-01,Senior
Brendis Blackboro,Non-binary,74,West Lukeshire,New South Wales,2021-03-07,2021-03-23,3911,98,1,98,Shirt,Camp Collared,S,red,67,16,2021-03-01,Senior
Brendis Blackboro,Non-binary,74,West Lukeshire,New South Wales,2021-03-07,2021-03-23,3912,102,1,102,Jacket,Windbreaker,XS,orange,70,16,2021-03-01,Senior
Brendis Blackboro,Non-binary,74,West Lukeshire,New South Wales,2021-03-07,2021-03-23,3913,100,2,200,Jacket,Bomber,XS,violet,75,16,2021-03-01,Senior
Brendis Blackboro,Non-binary,74,West Lukeshire,New South Wales,2021-03-07,2021-03-23,3914,98,3,294,Shirt,Camp Collared,M,yellow,49,16,2021-03-01,Senior
Brendis Blackboro,Non-binary,74,West Lukeshire,New South Wales,2021-03-07,2021-03-23,3915,118,1,118,Shirt,Flannel,L,blue,44,16,2021-03-01,Senior
Alphonse Galego,Male,75,New Chase,Australian Capital Territory,2021-04-06,2021-04-13,1658,98,2,196,Jacket,Leather,XS,red,67,7,2021-04-01,Senior
Alphonse Galego,Male,75,New Chase,Australian Capital Territory,2021-04-06,2021-04-13,1659,107,1,107,Jacket,Denim,S,violet,73,7,2021-04-01,Senior
Alphonse Galego,Male,75,New Chase,Australian Capital Territory,2021-04-06,2021-04-13,1660,94,2,188,Shirt,Henley,L,violet,51,7,2021-04-01,Senior
Alphonse Galego,Male,75,New Chase,Australian Capital Territory,2021-04-06,2021-04-13,1661,93,1,93,Jacket,Coach,S,blue,47,7,2021-04-01,Senior
Alphonse Galego,Male,75,New Chase,Australian Capital Territory,2021-04-06,2021-04-13,1662,109,2,218,Jacket,Peacoat,M,indigo,52,7,2021-04-01,Senior
Alphonse Galego,Male,75,New Chase,Australian Capital Territory,2021-04-06,2021-04-13,1663,105,1,105,Shirt,Cuban Collar,S,yellow,41,7,2021-04-01,Senior
Alphonse Galego,Male,75,New Chase,Australian Capital Territory,2021-04-06,2021-04-13,1664,98,1,98,Jacket,Leather,L,green,71,7,2021-04-01,Senior
Alphonse Galego,Male,75,New Chase,Australian Capital Territory,2021-04-06,2021-04-13,1665,91,1,91,Shirt,Linen,L,green,72,7,2021-04-01,Senior
Minta Loble,Female,63,Lake Paigemouth,Northern Territory,2021-10-19,2021-11-14,4894,105,2,210,Trousers,Pleated,M,indigo,48,26,2021-10-01,Senior
Minta Loble,Female,63,Lake Paigemouth,Northern Territory,2021-10-19,2021-11-14,4895,105,3,315,Shirt,Cuban Collar,XS,indigo,50,26,2021-10-01,Senior
Minta Loble,Female,63,Lake Paigemouth,Northern Territory,2021-10-19,2021-11-14,4896,118,2,236,Jacket,Puffer,S,yellow,48,26,2021-10-01,Senior
Minta Loble,Female,63,Lake Paigemouth,Northern Territory,2021-10-19,2021-11-14,4897,112,2,224,Trousers,Tracksuit Bottoms,XS,indigo,63,26,2021-10-01,Senior
Minta Loble,Female,63,Lake Paigemouth,Northern Territory,2021-10-19,2021-11-14,4898,96,2,192,Trousers,Drawstring,XL,green,49,26,2021-10-01,Senior
Minta Loble,Female,63,Lake Paigemouth,Northern Territory,2021-10-19,2021-11-14,4899,91,3,273,Jacket,Pullover,XL,indigo,43,26,2021-10-01,Senior
Dannie Fidler,Genderfluid,32,East Max,Tasmania,2021-10-04,2021-10-26,1093,113,2,226,Jacket,Parka,M,blue,54,22,2021-10-01,Young
Dannie Fidler,Genderfluid,32,East Max,Tasmania,2021-10-04,2021-10-26,1094,94,1,94,Shirt,Henley,M,violet,44,22,2021-10-01,Young
Dannie Fidler,Genderfluid,32,East Max,Tasmania,2021-10-04,2021-10-26,1095,100,2,200,Jacket,Bomber,XS,green,48,22,2021-10-01,Young
Dannie Fidler,Genderfluid,32,East Max,Tasmania,2021-10-04,2021-10-26,1096,109,2,218,Shirt,Mandarin Collar,L,yellow,78,22,2021-10-01,Young
Dannie Fidler,Genderfluid,32,East Max,Tasmania,2021-10-04,2021-10-26,1097,109,3,327,Shirt,Mandarin Collar,L,red,54,22,2021-10-01,Young
Dannie Fidler,Genderfluid,32,East Max,Tasmania,2021-10-04,2021-10-26,1098,106,3,318,Shirt,Chambray,L,violet,53,22,2021-10-01,Young
Wanids Cudby,Female,49,Davidfurt,Northern Territory,2021-08-14,2021-08-22,286,97,3,291,Trousers,Slim-Fit,M,red,67,8,2021-08-01,Middle Aged
Wanids Cudby,Female,49,Davidfurt,Northern Territory,2021-08-14,2021-08-22,287,113,1,113,Trousers,Chinos,M,orange,73,8,2021-08-01,Middle Aged
Wanids Cudby,Female,49,Davidfurt,Northern Territory,2021-08-14,2021-08-22,288,117,3,351,Jacket,Shearling,XS,orange,54,8,2021-08-01,Middle Aged
Wanids Cudby,Female,49,Davidfurt,Northern Territory,2021-08-14,2021-08-22,289,118,2,236,Jacket,Puffer,XS,yellow,55,8,2021-08-01,Middle Aged
Wanids Cudby,Female,49,Davidfurt,Northern Territory,2021-08-14,2021-08-22,290,92,2,184,Shirt,Denim,XS,blue,76,8,2021-08-01,Middle Aged
Wanids Cudby,Female,49,Davidfurt,Northern Territory,2021-08-14,2021-08-22,291,119,1,119,Jacket,Trench Coat,L,indigo,71,8,2021-08-01,Middle Aged
Wanids Cudby,Female,49,Davidfurt,Northern Territory,2021-08-14,2021-08-22,292,94,2,188,Trousers,Cords,S,indigo,60,8,2021-08-01,Middle Aged
Wanids Cudby,Female,49,Davidfurt,Northern Territory,2021-08-14,2021-08-22,293,113,2,226,Jacket,Parka,M,orange,51,8,2021-08-01,Middle Aged
Wanids Cudby,Female,49,Davidfurt,Northern Territory,2021-08-14,2021-08-22,294,91,3,273,Shirt,Linen,L,blue,70,8,2021-08-01,Middle Aged
Wanids Cudby,Female,49,Davidfurt,Northern Territory,2021-08-14,2021-08-22,295,96,1,96,Trousers,Drawstring,M,violet,73,8,2021-08-01,Middle Aged
Winn Siemandl,Bigender,76,South Tyler,Tasmania,2021-02-03,2021-02-19,178,90,2,180,Trousers,Relaxed Leg,XS,red,52,16,2021-02-01,Senior
Winn Siemandl,Bigender,76,South Tyler,Tasmania,2021-02-03,2021-02-19,179,102,1,102,Jacket,Windbreaker,L,yellow,70,16,2021-02-01,Senior
Winn Siemandl,Bigender,76,South Tyler,Tasmania,2021-02-03,2021-02-19,180,92,2,184,Shirt,Denim,L,violet,78,16,2021-02-01,Senior
Crin Johnikin,Polygender,66,South Clairetown,Queensland,2021-08-19,2021-09-04,124,96,2,192,Shirt,Oxford Cloth,XL,green,42,16,2021-08-01,Senior
Crin Johnikin,Polygender,66,South Clairetown,Queensland,2021-08-19,2021-09-04,125,106,2,212,Shirt,Chambray,S,green,63,16,2021-08-01,Senior
Crin Johnikin,Polygender,66,South Clairetown,Queensland,2021-08-19,2021-09-04,126,99,1,99,Trousers,High-Waisted,L,red,52,16,2021-08-01,Senior
Crin Johnikin,Polygender,66,South Clairetown,Queensland,2021-08-19,2021-09-04,127,119,1,119,Jacket,Trench Coat,XS,violet,64,16,2021-08-01,Senior
Crin Johnikin,Polygender,66,South Clairetown,Queensland,2021-08-19,2021-09-04,128,96,2,192,Shirt,Oxford Cloth,M,red,54,16,2021-08-01,Senior
Crin Johnikin,Polygender,66,South Clairetown,Queensland,2021-08-19,2021-09-04,129,109,2,218,Jacket,Peacoat,S,indigo,49,16,2021-08-01,Senior
Crin Johnikin,Polygender,66,South Clairetown,Queensland,2021-08-19,2021-09-04,130,113,3,339,Jacket,Parka,XL,green,55,16,2021-08-01,Senior
Crin Johnikin,Polygender,66,South Clairetown,Queensland,2021-08-19,2021-09-04,131,96,2,192,Trousers,Drawstring,M,yellow,55,16,2021-08-01,Senior
Crin Johnikin,Polygender,66,South Clairetown,Queensland,2021-08-19,2021-09-04,132,93,2,186,Trousers,Joggers,L,red,63,16,2021-08-01,Senior
Crin Johnikin,Polygender,66,South Clairetown,Queensland,2021-08-19,2021-09-04,133,112,3,336,Trousers,Tracksuit Bottoms,XL,violet,60,16,2021-08-01,Senior
Crin Johnikin,Polygender,66,South Clairetown,Queensland,2021-08-19,2021-09-04,134,91,2,182,Jacket,Pullover,L,violet,78,16,2021-08-01,Senior
Drake Ivanilov,Genderqueer,67,Nathanfort,Australian Capital Territory,2021-01-03,2021-01-09,195,106,1,106,Trousers,Wool,M,violet,51,6,2021-01-01,Senior
Drake Ivanilov,Genderqueer,67,Nathanfort,Australian Capital Territory,2021-01-03,2021-01-09,196,119,1,119,Jacket,Trench Coat,XS,violet,64,6,2021-01-01,Senior
Drake Ivanilov,Genderqueer,67,Nathanfort,Australian Capital Territory,2021-01-03,2021-01-09,197,100,3,300,Jacket,Bomber,XL,green,79,6,2021-01-01,Senior
Kyle Lowbridge,Bigender,59,Lake Jesse,Tasmania,2021-03-25,2021-04-10,4375,96,2,192,Shirt,Oxford Cloth,M,violet,65,16,2021-03-01,Senior
Kyle Lowbridge,Bigender,59,Lake Jesse,Tasmania,2021-03-25,2021-04-10,4376,96,2,192,Trousers,Drawstring,XL,orange,68,16,2021-03-01,Senior
Kyle Lowbridge,Bigender,59,Lake Jesse,Tasmania,2021-03-25,2021-04-10,4377,107,1,107,Jacket,Denim,S,red,69,16,2021-03-01,Senior
Kyle Lowbridge,Bigender,59,Lake Jesse,Tasmania,2021-03-25,2021-04-10,4378,99,1,99,Trousers,High-Waisted,XS,green,42,16,2021-03-01,Senior
Kyle Lowbridge,Bigender,59,Lake Jesse,Tasmania,2021-03-25,2021-04-10,4379,117,3,351,Jacket,Shearling,S,blue,72,16,2021-03-01,Senior
Kyle Lowbridge,Bigender,59,Lake Jesse,Tasmania,2021-03-25,2021-04-10,4380,109,1,109,Jacket,Peacoat,XL,orange,69,16,2021-03-01,Senior
Kyle Lowbridge,Bigender,59,Lake Jesse,Tasmania,2021-03-25,2021-04-10,4381,112,1,112,Trousers,Tracksuit Bottoms,L,yellow,41,16,2021-03-01,Senior
Kyle Lowbridge,Bigender,59,Lake Jesse,Tasmania,2021-03-25,2021-04-10,4382,97,3,291,Trousers,Slim-Fit,L,indigo,48,16,2021-03-01,Senior
Kyle Lowbridge,Bigender,59,Lake Jesse,Tasmania,2021-03-25,2021-04-10,4383,118,3,354,Jacket,Puffer,L,violet,49,16,2021-03-01,Senior
Carlen Kelway,Non-binary,78,Port Haydenchester,Western Australia,2021-03-03,2021-03-14,698,107,1,107,Jacket,Denim,L,red,63,11,2021-03-01,Senior
Carlen Kelway,Non-binary,78,Port Haydenchester,Western Australia,2021-03-03,2021-03-14,699,98,3,294,Jacket,Leather,XL,blue,67,11,2021-03-01,Senior
Carlen Kelway,Non-binary,78,Port Haydenchester,Western Australia,2021-03-03,2021-03-14,700,96,1,96,Trousers,Drawstring,S,blue,48,11,2021-03-01,Senior
Carlen Kelway,Non-binary,78,Port Haydenchester,Western Australia,2021-03-03,2021-03-14,701,94,2,188,Shirt,Henley,XS,violet,50,11,2021-03-01,Senior
Carlen Kelway,Non-binary,78,Port Haydenchester,Western Australia,2021-03-03,2021-03-14,702,118,3,354,Shirt,Flannel,L,blue,44,11,2021-03-01,Senior
Hildegarde Bamlett,Agender,38,Abbottbury,Australian Capital Territory,2021-10-11,2021-10-20,4398,91,3,273,Jacket,Pullover,XL,green,65,9,2021-10-01,Middle Aged
Hildegarde Bamlett,Agender,38,Abbottbury,Australian Capital Territory,2021-10-11,2021-10-20,4399,91,1,91,Jacket,Pullover,S,green,69,9,2021-10-01,Middle Aged
Ann-marie Sinden,Genderqueer,33,Johnschester,New South Wales,2021-04-16,2021-04-28,269,99,1,99,Trousers,High-Waisted,L,orange,78,12,2021-04-01,Young
Ann-marie Sinden,Genderqueer,33,Johnschester,New South Wales,2021-04-16,2021-04-28,270,106,1,106,Shirt,Chambray,XS,red,48,12,2021-04-01,Young
Ann-marie Sinden,Genderqueer,33,Johnschester,New South Wales,2021-04-16,2021-04-28,271,99,1,99,Trousers,High-Waisted,XS,indigo,47,12,2021-04-01,Young
Ann-marie Sinden,Genderqueer,33,Johnschester,New South Wales,2021-04-16,2021-04-28,272,119,3,357,Jacket,Trench Coat,XS,yellow,78,12,2021-04-01,Young
Ann-marie Sinden,Genderqueer,33,Johnschester,New South Wales,2021-04-16,2021-04-28,273,109,2,218,Shirt,Mandarin Collar,S,red,48,12,2021-04-01,Young
Hildegarde Bamlett,Agender,38,Abbottbury,Australian Capital Territory,2021-03-28,2021-04-15,4758,96,2,192,Trousers,Drawstring,M,violet,73,18,2021-03-01,Middle Aged
Hildegarde Bamlett,Agender,38,Abbottbury,Australian Capital Territory,2021-03-28,2021-04-15,4759,91,1,91,Jacket,Pullover,S,blue,73,18,2021-03-01,Middle Aged
Hildegarde Bamlett,Agender,38,Abbottbury,Australian Capital Territory,2021-03-28,2021-04-15,4760,106,1,106,Shirt,Chambray,M,blue,66,18,2021-03-01,Middle Aged
Hildegarde Bamlett,Agender,38,Abbottbury,Australian Capital Territory,2021-03-28,2021-04-15,4761,117,2,234,Jacket,Shearling,XL,green,51,18,2021-03-01,Middle Aged
Hildegarde Bamlett,Agender,38,Abbottbury,Australian Capital Territory,2021-03-28,2021-04-15,4762,100,3,300,Jacket,Bomber,S,indigo,41,18,2021-03-01,Middle Aged
Hildegarde Bamlett,Agender,38,Abbottbury,Australian Capital Territory,2021-03-28,2021-04-15,4763,112,2,224,Trousers,Tracksuit Bottoms,XS,blue,42,18,2021-03-01,Middle Aged
Hildegarde Bamlett,Agender,38,Abbottbury,Australian Capital Territory,2021-03-28,2021-04-15,4764,112,3,336,Jacket,Cardigan,M,blue,57,18,2021-03-01,Middle Aged
Hildegarde Bamlett,Agender,38,Abbottbury,Australian Capital Territory,2021-03-28,2021-04-15,4765,106,3,318,Trousers,Wool,S,violet,59,18,2021-03-01,Middle Aged
Iain Fellnee,Male,68,Kingmouth,Northern Territory,2021-02-27,2021-03-05,4423,93,1,93,Trousers,Joggers,M,orange,52,6,2021-02-01,Senior
Iain Fellnee,Male,68,Kingmouth,Northern Territory,2021-02-27,2021-03-05,4424,92,2,184,Shirt,Denim,XS,green,66,6,2021-02-01,Senior
Iain Fellnee,Male,68,Kingmouth,Northern Territory,2021-02-27,2021-03-05,4425,91,2,182,Shirt,Linen,XS,green,49,6,2021-02-01,Senior
Iain Fellnee,Male,68,Kingmouth,Northern Territory,2021-02-27,2021-03-05,4426,97,3,291,Trousers,Slim-Fit,XS,orange,69,6,2021-02-01,Senior
Iain Fellnee,Male,68,Kingmouth,Northern Territory,2021-02-27,2021-03-05,4427,94,1,94,Shirt,Henley,S,yellow,70,6,2021-02-01,Senior
Iain Fellnee,Male,68,Kingmouth,Northern Territory,2021-02-27,2021-03-05,4428,102,3,306,Jacket,Windbreaker,S,blue,41,6,2021-02-01,Senior
Iain Fellnee,Male,68,Kingmouth,Northern Territory,2021-02-27,2021-03-05,4429,94,3,282,Trousers,Cords,L,orange,74,6,2021-02-01,Senior
Gabbie Aldwinckle,Male,75,New Kai,Victoria,2021-10-18,2021-11-13,4439,102,2,204,Jacket,Windbreaker,S,blue,41,26,2021-10-01,Senior
Gabbie Aldwinckle,Male,75,New Kai,Victoria,2021-10-18,2021-11-13,4440,96,3,288,Trousers,Drawstring,XS,blue,45,26,2021-10-01,Senior
Gabbie Aldwinckle,Male,75,New Kai,Victoria,2021-10-18,2021-11-13,4441,105,2,210,Trousers,Pleated,M,violet,45,26,2021-10-01,Senior
Gabbie Aldwinckle,Male,75,New Kai,Victoria,2021-10-18,2021-11-13,4442,106,3,318,Trousers,Wool,M,violet,51,26,2021-10-01,Senior
Gabbie Aldwinckle,Male,75,New Kai,Victoria,2021-10-18,2021-11-13,4443,118,2,236,Shirt,Flannel,S,red,59,26,2021-10-01,Senior
Daren Airs,Female,75,West Thomas,Victoria,2021-02-06,2021-02-11,3213,106,3,318,Trousers,Wool,S,yellow,69,5,2021-02-01,Senior
Daren Airs,Female,75,West Thomas,Victoria,2021-02-06,2021-02-11,3214,105,3,315,Trousers,Pleated,L,indigo,73,5,2021-02-01,Senior
Daren Airs,Female,75,West Thomas,Victoria,2021-02-06,2021-02-11,3215,95,2,190,Shirt,Polo,L,orange,63,5,2021-02-01,Senior
Calhoun Raphael,Polygender,57,Hoppetown,Queensland,2021-05-12,2021-05-18,3513,113,3,339,Jacket,Parka,M,red,56,6,2021-05-01,Senior
Calhoun Raphael,Polygender,57,Hoppetown,Queensland,2021-05-12,2021-05-18,3514,119,2,238,Jacket,Trench Coat,XL,orange,71,6,2021-05-01,Senior
Calhoun Raphael,Polygender,57,Hoppetown,Queensland,2021-05-12,2021-05-18,3515,96,2,192,Trousers,Drawstring,XL,indigo,41,6,2021-05-01,Senior
Calhoun Raphael,Polygender,57,Hoppetown,Queensland,2021-05-12,2021-05-18,3516,91,3,273,Jacket,Pullover,L,violet,78,6,2021-05-01,Senior
Calhoun Raphael,Polygender,57,Hoppetown,Queensland,2021-05-12,2021-05-18,3517,109,3,327,Jacket,Peacoat,M,orange,47,6,2021-05-01,Senior
Calhoun Raphael,Polygender,57,Hoppetown,Queensland,2021-05-12,2021-05-18,3518,106,2,212,Shirt,Chambray,XL,blue,43,6,2021-05-01,Senior
Calhoun Raphael,Polygender,57,Hoppetown,Queensland,2021-05-12,2021-05-18,3519,95,3,285,Shirt,Polo,XL,indigo,56,6,2021-05-01,Senior
Cosmo Leys,Female,24,Kaiberg,Western Australia,2021-06-19,2021-07-07,1481,93,1,93,Trousers,Joggers,M,red,43,18,2021-06-01,Young
Cosmo Leys,Female,24,Kaiberg,Western Australia,2021-06-19,2021-07-07,1482,98,2,196,Jacket,Leather,L,red,76,18,2021-06-01,Young
Cosmo Leys,Female,24,Kaiberg,Western Australia,2021-06-19,2021-07-07,1483,96,1,96,Trousers,Drawstring,S,green,73,18,2021-06-01,Young
Bobbi Pickerill,Genderfluid,68,Bauchland,Victoria,2021-01-27,2021-02-20,4449,91,1,91,Shirt,Linen,L,yellow,72,24,2021-01-01,Senior
Bobbi Pickerill,Genderfluid,68,Bauchland,Victoria,2021-01-27,2021-02-20,4450,94,2,188,Shirt,Henley,S,orange,46,24,2021-01-01,Senior
Bobbi Pickerill,Genderfluid,68,Bauchland,Victoria,2021-01-27,2021-02-20,4451,94,2,188,Trousers,Cords,XS,violet,76,24,2021-01-01,Senior
Bobbi Pickerill,Genderfluid,68,Bauchland,Victoria,2021-01-27,2021-02-20,4452,97,2,194,Trousers,Slim-Fit,M,violet,51,24,2021-01-01,Senior
Bobbi Pickerill,Genderfluid,68,Bauchland,Victoria,2021-01-27,2021-02-20,4453,98,2,196,Shirt,Camp Collared,M,green,41,24,2021-01-01,Senior
Avril Rossiter,Genderfluid,34,Kiehnburgh,Western Australia,2021-04-14,2021-04-28,4975,100,3,300,Jacket,Bomber,XL,red,62,14,2021-04-01,Young
Avril Rossiter,Genderfluid,34,Kiehnburgh,Western Australia,2021-04-14,2021-04-28,4976,117,1,117,Jacket,Shearling,M,violet,74,14,2021-04-01,Young
Avril Rossiter,Genderfluid,34,Kiehnburgh,Western Australia,2021-04-14,2021-04-28,4977,98,1,98,Jacket,Leather,S,yellow,41,14,2021-04-01,Young
Avril Rossiter,Genderfluid,34,Kiehnburgh,Western Australia,2021-04-14,2021-04-28,4978,109,2,218,Jacket,Peacoat,S,blue,50,14,2021-04-01,Young
Avril Rossiter,Genderfluid,34,Kiehnburgh,Western Australia,2021-04-14,2021-04-28,4979,96,3,288,Shirt,Oxford Cloth,XL,blue,60,14,2021-04-01,Young
Avril Rossiter,Genderfluid,34,Kiehnburgh,Western Australia,2021-04-14,2021-04-28,4980,106,1,106,Shirt,Chambray,XL,violet,54,14,2021-04-01,Young
Patin Circuit,Genderqueer,62,Langfort,Tasmania,2021-03-25,2021-03-27,3710,91,3,273,Shirt,Linen,M,red,78,2,2021-03-01,Senior
Patin Circuit,Genderqueer,62,Langfort,Tasmania,2021-03-25,2021-03-27,3711,115,3,345,Trousers,Cropped,XS,orange,78,2,2021-03-01,Senior
Patin Circuit,Genderqueer,62,Langfort,Tasmania,2021-03-25,2021-03-27,3712,98,2,196,Shirt,Camp Collared,XL,green,61,2,2021-03-01,Senior
Patin Circuit,Genderqueer,62,Langfort,Tasmania,2021-03-25,2021-03-27,3713,98,1,98,Jacket,Leather,XL,green,58,2,2021-03-01,Senior
Willey Tolley,Genderfluid,74,Schneiderbury,Northern Territory,2021-06-21,2021-07-07,4456,93,2,186,Jacket,Coach,XL,violet,60,16,2021-06-01,Senior
Willey Tolley,Genderfluid,74,Schneiderbury,Northern Territory,2021-06-21,2021-07-07,4457,102,1,102,Trousers,Cargo Pants,S,orange,60,16,2021-06-01,Senior
Willey Tolley,Genderfluid,74,Schneiderbury,Northern Territory,2021-06-21,2021-07-07,4458,93,2,186,Trousers,Joggers,M,red,43,16,2021-06-01,Senior
Willey Tolley,Genderfluid,74,Schneiderbury,Northern Territory,2021-06-21,2021-07-07,4459,119,3,357,Jacket,Trench Coat,XS,orange,69,16,2021-06-01,Senior
Willey Tolley,Genderfluid,74,Schneiderbury,Northern Territory,2021-06-21,2021-07-07,4460,112,3,336,Trousers,Tracksuit Bottoms,M,blue,61,16,2021-06-01,Senior
Willey Tolley,Genderfluid,74,Schneiderbury,Northern Territory,2021-06-21,2021-07-07,4461,98,1,98,Jacket,Leather,XS,blue,77,16,2021-06-01,Senior
Willey Tolley,Genderfluid,74,Schneiderbury,Northern Territory,2021-06-21,2021-07-07,4462,94,3,282,Shirt,Henley,XL,orange,52,16,2021-06-01,Senior
Willey Tolley,Genderfluid,74,Schneiderbury,Northern Territory,2021-06-21,2021-07-07,4463,117,1,117,Jacket,Shearling,L,violet,61,16,2021-06-01,Senior
Willey Tolley,Genderfluid,74,Schneiderbury,Northern Territory,2021-06-21,2021-07-07,4464,102,3,306,Trousers,Cargo Pants,S,red,63,16,2021-06-01,Senior
Willey Tolley,Genderfluid,74,Schneiderbury,Northern Territory,2021-06-21,2021-07-07,4465,98,3,294,Shirt,Camp Collared,XL,yellow,44,16,2021-06-01,Senior
Brade Caught,Genderqueer,56,Elijahburgh,Queensland,2021-03-13,2021-03-22,3199,107,2,214,Jacket,Denim,XL,violet,63,9,2021-03-01,Senior
Brade Caught,Genderqueer,56,Elijahburgh,Queensland,2021-03-13,2021-03-22,3200,91,3,273,Shirt,Linen,M,indigo,72,9,2021-03-01,Senior
Brade Caught,Genderqueer,56,Elijahburgh,Queensland,2021-03-13,2021-03-22,3201,96,2,192,Shirt,Oxford Cloth,S,red,53,9,2021-03-01,Senior
Brade Caught,Genderqueer,56,Elijahburgh,Queensland,2021-03-13,2021-03-22,3202,97,3,291,Trousers,Slim-Fit,M,yellow,55,9,2021-03-01,Senior
Dani Hawtin,Bigender,23,North Alex,Victoria,2021-08-12,2021-08-14,4466,107,3,321,Jacket,Denim,M,blue,61,2,2021-08-01,Young
Dani Hawtin,Bigender,23,North Alex,Victoria,2021-08-12,2021-08-14,4467,113,1,113,Jacket,Parka,S,yellow,80,2,2021-08-01,Young
Dani Hawtin,Bigender,23,North Alex,Victoria,2021-08-12,2021-08-14,4468,102,2,204,Jacket,Windbreaker,XL,blue,59,2,2021-08-01,Young
Dani Hawtin,Bigender,23,North Alex,Victoria,2021-08-12,2021-08-14,4469,118,3,354,Shirt,Flannel,S,red,59,2,2021-08-01,Young
Dani Hawtin,Bigender,23,North Alex,Victoria,2021-08-12,2021-08-14,4470,98,3,294,Shirt,Camp Collared,L,green,80,2,2021-08-01,Young
Lisle Worthing,Female,74,Walkertown,Victoria,2021-03-06,2021-03-14,4472,115,3,345,Trousers,Cropped,L,violet,40,8,2021-03-01,Senior
Lisle Worthing,Female,74,Walkertown,Victoria,2021-03-06,2021-03-14,4473,112,2,224,Trousers,Tracksuit Bottoms,L,green,66,8,2021-03-01,Senior
Lisle Worthing,Female,74,Walkertown,Victoria,2021-03-06,2021-03-14,4474,117,1,117,Jacket,Shearling,L,violet,61,8,2021-03-01,Senior
Lisle Worthing,Female,74,Walkertown,Victoria,2021-03-06,2021-03-14,4475,92,3,276,Shirt,Denim,M,indigo,56,8,2021-03-01,Senior
Lisle Worthing,Female,74,Walkertown,Victoria,2021-03-06,2021-03-14,4476,96,2,192,Trousers,Drawstring,M,green,52,8,2021-03-01,Senior
Hilliard Papes,Genderqueer,27,Jaspermouth,Western Australia,2021-09-26,2021-10-14,905,109,2,218,Shirt,Mandarin Collar,S,red,48,18,2021-09-01,Young
Hilliard Papes,Genderqueer,27,Jaspermouth,Western Australia,2021-09-26,2021-10-14,906,93,2,186,Jacket,Coach,M,yellow,48,18,2021-09-01,Young
Hilliard Papes,Genderqueer,27,Jaspermouth,Western Australia,2021-09-26,2021-10-14,907,109,2,218,Jacket,Peacoat,XL,blue,77,18,2021-09-01,Young
Hilliard Papes,Genderqueer,27,Jaspermouth,Western Australia,2021-09-26,2021-10-14,908,105,2,210,Trousers,Pleated,L,green,47,18,2021-09-01,Young
Hilliard Papes,Genderqueer,27,Jaspermouth,Western Australia,2021-09-26,2021-10-14,909,112,1,112,Jacket,Cardigan,M,blue,57,18,2021-09-01,Young
Hilliard Papes,Genderqueer,27,Jaspermouth,Western Australia,2021-09-26,2021-10-14,910,90,1,90,Trousers,Relaxed Leg,L,blue,61,18,2021-09-01,Young
Lionel Mansel,Bigender,45,Lukefurt,Western Australia,2021-02-03,2021-02-04,999,102,2,204,Jacket,Windbreaker,M,yellow,52,1,2021-02-01,Middle Aged
Lionel Mansel,Bigender,45,Lukefurt,Western Australia,2021-02-03,2021-02-04,1000,102,2,204,Jacket,Windbreaker,S,green,65,1,2021-02-01,Middle Aged
Lionel Mansel,Bigender,45,Lukefurt,Western Australia,2021-02-03,2021-02-04,1001,106,1,106,Shirt,Chambray,XS,blue,76,1,2021-02-01,Middle Aged
Mandel Fairbanks,Male,71,Lake Audreyborough,Tasmania,2021-10-11,2021-10-13,4477,91,3,273,Shirt,Linen,XS,blue,53,2,2021-10-01,Senior
Mandel Fairbanks,Male,71,Lake Audreyborough,Tasmania,2021-10-11,2021-10-13,4478,115,3,345,Trousers,Cropped,M,violet,47,2,2021-10-01,Senior
Mandel Fairbanks,Male,71,Lake Audreyborough,Tasmania,2021-10-11,2021-10-13,4479,93,3,279,Trousers,Joggers,XS,blue,67,2,2021-10-01,Senior
Mandel Fairbanks,Male,71,Lake Audreyborough,Tasmania,2021-10-11,2021-10-13,4480,99,2,198,Trousers,High-Waisted,M,blue,52,2,2021-10-01,Senior
Mandel Fairbanks,Male,71,Lake Audreyborough,Tasmania,2021-10-11,2021-10-13,4481,112,1,112,Trousers,Tracksuit Bottoms,XL,yellow,59,2,2021-10-01,Senior
Mandel Fairbanks,Male,71,Lake Audreyborough,Tasmania,2021-10-11,2021-10-13,4482,92,3,276,Shirt,Denim,XL,red,63,2,2021-10-01,Senior
Frayda Simonini,Non-binary,75,West Sophie,Northern Territory,2021-07-07,2021-08-02,1089,107,2,214,Jacket,Denim,XL,indigo,51,26,2021-07-01,Senior
Frayda Simonini,Non-binary,75,West Sophie,Northern Territory,2021-07-07,2021-08-02,1090,104,2,208,Shirt,Dress,M,blue,48,26,2021-07-01,Senior
Frayda Simonini,Non-binary,75,West Sophie,Northern Territory,2021-07-07,2021-08-02,1091,98,3,294,Shirt,Camp Collared,XL,red,79,26,2021-07-01,Senior
Frayda Simonini,Non-binary,75,West Sophie,Northern Territory,2021-07-07,2021-08-02,1092,102,3,306,Jacket,Windbreaker,S,indigo,62,26,2021-07-01,Senior
Brade Caught,Genderqueer,56,Elijahburgh,Queensland,2021-10-22,2021-10-25,1446,118,1,118,Shirt,Flannel,XS,violet,72,3,2021-10-01,Senior
Brade Caught,Genderqueer,56,Elijahburgh,Queensland,2021-10-22,2021-10-25,1447,104,2,208,Shirt,Dress,XL,yellow,75,3,2021-10-01,Senior
Brade Caught,Genderqueer,56,Elijahburgh,Queensland,2021-10-22,2021-10-25,1448,118,3,354,Jacket,Puffer,S,yellow,48,3,2021-10-01,Senior
Brade Caught,Genderqueer,56,Elijahburgh,Queensland,2021-10-22,2021-10-25,1449,118,3,354,Shirt,Flannel,L,violet,76,3,2021-10-01,Senior
Brade Caught,Genderqueer,56,Elijahburgh,Queensland,2021-10-22,2021-10-25,1450,109,2,218,Shirt,Mandarin Collar,L,indigo,53,3,2021-10-01,Senior
Michele Osmant,Non-binary,73,North Josephmouth,Queensland,2021-08-26,2021-09-17,4494,96,3,288,Shirt,Oxford Cloth,XS,violet,74,22,2021-08-01,Senior
Michele Osmant,Non-binary,73,North Josephmouth,Queensland,2021-08-26,2021-09-17,4495,118,3,354,Shirt,Flannel,S,blue,43,22,2021-08-01,Senior
Michele Osmant,Non-binary,73,North Josephmouth,Queensland,2021-08-26,2021-09-17,4496,109,1,109,Shirt,Mandarin Collar,S,green,74,22,2021-08-01,Senior
Michele Osmant,Non-binary,73,North Josephmouth,Queensland,2021-08-26,2021-09-17,4497,100,2,200,Jacket,Bomber,XL,indigo,50,22,2021-08-01,Senior
Michele Osmant,Non-binary,73,North Josephmouth,Queensland,2021-08-26,2021-09-17,4498,117,1,117,Jacket,Shearling,XL,yellow,63,22,2021-08-01,Senior
Michele Osmant,Non-binary,73,North Josephmouth,Queensland,2021-08-26,2021-09-17,4499,113,1,113,Trousers,Chinos,L,violet,62,22,2021-08-01,Senior
Michele Osmant,Non-binary,73,North Josephmouth,Queensland,2021-08-26,2021-09-17,4500,117,3,351,Jacket,Shearling,XS,green,74,22,2021-08-01,Senior
Michele Osmant,Non-binary,73,North Josephmouth,Queensland,2021-08-26,2021-09-17,4501,98,3,294,Jacket,Leather,S,blue,75,22,2021-08-01,Senior
Hort Ridding,Agender,57,West Ashley,South Australia,2021-09-29,2021-10-25,1881,113,1,113,Jacket,Parka,XL,orange,68,26,2021-09-01,Senior
Hort Ridding,Agender,57,West Ashley,South Australia,2021-09-29,2021-10-25,1882,112,2,224,Trousers,Tracksuit Bottoms,L,indigo,50,26,2021-09-01,Senior
Hort Ridding,Agender,57,West Ashley,South Australia,2021-09-29,2021-10-25,1883,119,2,238,Jacket,Trench Coat,XS,green,62,26,2021-09-01,Senior
Alis MacCulloch,Genderfluid,66,Lake Haydenton,Australian Capital Territory,2021-08-04,2021-08-14,4508,119,3,357,Jacket,Trench Coat,M,yellow,54,10,2021-08-01,Senior
Alis MacCulloch,Genderfluid,66,Lake Haydenton,Australian Capital Territory,2021-08-04,2021-08-14,4509,92,2,184,Shirt,Denim,M,orange,50,10,2021-08-01,Senior
Alis MacCulloch,Genderfluid,66,Lake Haydenton,Australian Capital Territory,2021-08-04,2021-08-14,4510,119,2,238,Shirt,Casual Slim Fit,M,indigo,65,10,2021-08-01,Senior
Alis MacCulloch,Genderfluid,66,Lake Haydenton,Australian Capital Territory,2021-08-04,2021-08-14,4511,102,3,306,Trousers,Cargo Pants,M,indigo,51,10,2021-08-01,Senior
Paxon O'Shiel,Genderfluid,55,Thomasborough,New South Wales,2021-01-06,2021-01-17,1108,118,3,354,Jacket,Puffer,L,blue,48,11,2021-01-01,Middle Aged
Paxon O'Shiel,Genderfluid,55,Thomasborough,New South Wales,2021-01-06,2021-01-17,1109,94,1,94,Trousers,Cords,XL,indigo,70,11,2021-01-01,Middle Aged
Paxon O'Shiel,Genderfluid,55,Thomasborough,New South Wales,2021-01-06,2021-01-17,1110,92,1,92,Shirt,Denim,L,green,71,11,2021-01-01,Middle Aged
Paxon O'Shiel,Genderfluid,55,Thomasborough,New South Wales,2021-01-06,2021-01-17,1111,90,3,270,Trousers,Relaxed Leg,S,yellow,43,11,2021-01-01,Middle Aged
Paxon O'Shiel,Genderfluid,55,Thomasborough,New South Wales,2021-01-06,2021-01-17,1112,94,2,188,Shirt,Henley,S,violet,43,11,2021-01-01,Middle Aged
Meryl Kender,Genderqueer,25,Lake Aidan,Australian Capital Territory,2021-05-05,2021-05-06,4518,102,2,204,Trousers,Cargo Pants,XL,blue,57,1,2021-05-01,Young
Meryl Kender,Genderqueer,25,Lake Aidan,Australian Capital Territory,2021-05-05,2021-05-06,4519,96,1,96,Trousers,Drawstring,M,green,52,1,2021-05-01,Young
Meryl Kender,Genderqueer,25,Lake Aidan,Australian Capital Territory,2021-05-05,2021-05-06,4520,98,3,294,Shirt,Camp Collared,M,violet,41,1,2021-05-01,Young
Meryl Kender,Genderqueer,25,Lake Aidan,Australian Capital Territory,2021-05-05,2021-05-06,4521,93,2,186,Jacket,Coach,XS,blue,51,1,2021-05-01,Young
Meryl Kender,Genderqueer,25,Lake Aidan,Australian Capital Territory,2021-05-05,2021-05-06,4522,107,1,107,Jacket,Denim,S,blue,56,1,2021-05-01,Young
Lilyan Pirt,Genderqueer,55,Hollyfort,Northern Territory,2021-01-27,2021-02-06,4567,118,3,354,Jacket,Puffer,XS,yellow,55,10,2021-01-01,Middle Aged
Lilyan Pirt,Genderqueer,55,Hollyfort,Northern Territory,2021-01-27,2021-02-06,4568,94,2,188,Trousers,Cords,L,violet,74,10,2021-01-01,Middle Aged
Lilyan Pirt,Genderqueer,55,Hollyfort,Northern Territory,2021-01-27,2021-02-06,4569,105,2,210,Shirt,Cuban Collar,L,yellow,77,10,2021-01-01,Middle Aged
Lilyan Pirt,Genderqueer,55,Hollyfort,Northern Territory,2021-01-27,2021-02-06,4570,96,2,192,Shirt,Oxford Cloth,S,blue,51,10,2021-01-01,Middle Aged
Lilyan Pirt,Genderqueer,55,Hollyfort,Northern Territory,2021-01-27,2021-02-06,4571,96,2,192,Shirt,Oxford Cloth,XL,violet,54,10,2021-01-01,Middle Aged
Cinda Alleyne,Genderfluid,55,Caitlinview,Victoria,2021-08-23,2021-09-09,4576,93,3,279,Trousers,Joggers,XS,yellow,62,17,2021-08-01,Middle Aged
Ailina Kynan,Genderqueer,71,Handborough,South Australia,2021-04-29,2021-05-16,1382,93,1,93,Trousers,Joggers,M,orange,52,17,2021-04-01,Senior
Ailina Kynan,Genderqueer,71,Handborough,South Australia,2021-04-29,2021-05-16,1383,90,2,180,Trousers,Relaxed Leg,S,red,70,17,2021-04-01,Senior
Hi Simenel,Genderfluid,80,Lake Michaelbury,South Australia,2021-04-03,2021-04-19,4577,109,1,109,Jacket,Peacoat,S,indigo,49,16,2021-04-01,Senior
Hi Simenel,Genderfluid,80,Lake Michaelbury,South Australia,2021-04-03,2021-04-19,4578,106,3,318,Shirt,Chambray,M,yellow,62,16,2021-04-01,Senior
Rebecka Fabler,Polygender,32,Kohlerberg,Queensland,2021-02-27,2021-03-22,2934,104,3,312,Shirt,Dress,M,blue,48,23,2021-02-01,Young
Rebecka Fabler,Polygender,32,Kohlerberg,Queensland,2021-02-27,2021-03-22,2935,119,2,238,Shirt,Casual Slim Fit,S,indigo,65,23,2021-02-01,Young
Rebecka Fabler,Polygender,32,Kohlerberg,Queensland,2021-02-27,2021-03-22,2936,117,2,234,Jacket,Shearling,XS,yellow,66,23,2021-02-01,Young
Rebecka Fabler,Polygender,32,Kohlerberg,Queensland,2021-02-27,2021-03-22,2937,102,3,306,Jacket,Windbreaker,L,violet,72,23,2021-02-01,Young
Rebecka Fabler,Polygender,32,Kohlerberg,Queensland,2021-02-27,2021-03-22,2938,96,2,192,Trousers,Drawstring,L,orange,54,23,2021-02-01,Young
Rebecka Fabler,Polygender,32,Kohlerberg,Queensland,2021-02-27,2021-03-22,2939,105,2,210,Trousers,Pleated,XS,orange,74,23,2021-02-01,Young
Rebecka Fabler,Polygender,32,Kohlerberg,Queensland,2021-02-27,2021-03-22,2940,100,1,100,Jacket,Bomber,XL,violet,53,23,2021-02-01,Young
Rebecka Fabler,Polygender,32,Kohlerberg,Queensland,2021-02-27,2021-03-22,2941,115,2,230,Trousers,Cropped,S,green,71,23,2021-02-01,Young
Brian Finnes,Genderqueer,25,New Codyville,Victoria,2021-09-15,2021-09-29,893,96,2,192,Shirt,Oxford Cloth,S,violet,41,14,2021-09-01,Young
Brian Finnes,Genderqueer,25,New Codyville,Victoria,2021-09-15,2021-09-29,894,115,2,230,Trousers,Cropped,XS,green,48,14,2021-09-01,Young
Brian Finnes,Genderqueer,25,New Codyville,Victoria,2021-09-15,2021-09-29,895,109,2,218,Shirt,Mandarin Collar,L,red,54,14,2021-09-01,Young
Gina Pollen,Male,29,Lake Gabrielview,New South Wales,2021-09-07,2021-09-22,205,94,2,188,Shirt,Henley,L,green,41,15,2021-09-01,Young
Gina Pollen,Male,29,Lake Gabrielview,New South Wales,2021-09-07,2021-09-22,206,102,2,204,Trousers,Cargo Pants,M,orange,51,15,2021-09-01,Young
Gina Pollen,Male,29,Lake Gabrielview,New South Wales,2021-09-07,2021-09-22,207,112,1,112,Jacket,Cardigan,XS,red,51,15,2021-09-01,Young
Gina Pollen,Male,29,Lake Gabrielview,New South Wales,2021-09-07,2021-09-22,208,93,1,93,Trousers,Joggers,S,indigo,56,15,2021-09-01,Young
Gina Pollen,Male,29,Lake Gabrielview,New South Wales,2021-09-07,2021-09-22,209,119,1,119,Jacket,Trench Coat,XL,red,40,15,2021-09-01,Young
Willa Gaisford,Female,23,West Justin,Western Australia,2021-10-19,2021-11-12,1190,105,3,315,Trousers,Pleated,XS,violet,58,24,2021-10-01,Young
Willa Gaisford,Female,23,West Justin,Western Australia,2021-10-19,2021-11-12,1191,105,1,105,Trousers,Pleated,L,green,47,24,2021-10-01,Young
Willa Gaisford,Female,23,West Justin,Western Australia,2021-10-19,2021-11-12,1192,91,3,273,Shirt,Linen,M,yellow,59,24,2021-10-01,Young
Diann Grieger,Polygender,26,Port Joeltown,South Australia,2021-07-26,2021-08-16,4596,105,2,210,Trousers,Pleated,M,blue,66,21,2021-07-01,Young
Diann Grieger,Polygender,26,Port Joeltown,South Australia,2021-07-26,2021-08-16,4597,98,3,294,Jacket,Leather,XS,green,57,21,2021-07-01,Young
Diann Grieger,Polygender,26,Port Joeltown,South Australia,2021-07-26,2021-08-16,4598,106,3,318,Trousers,Wool,XS,blue,58,21,2021-07-01,Young
Diann Grieger,Polygender,26,Port Joeltown,South Australia,2021-07-26,2021-08-16,4599,112,3,336,Jacket,Cardigan,XL,yellow,42,21,2021-07-01,Young
Diann Grieger,Polygender,26,Port Joeltown,South Australia,2021-07-26,2021-08-16,4600,102,1,102,Jacket,Windbreaker,M,yellow,52,21,2021-07-01,Young
Diann Grieger,Polygender,26,Port Joeltown,South Australia,2021-07-26,2021-08-16,4601,91,2,182,Jacket,Pullover,S,blue,73,21,2021-07-01,Young
Diann Grieger,Polygender,26,Port Joeltown,South Australia,2021-07-26,2021-08-16,4602,96,3,288,Trousers,Drawstring,L,violet,62,21,2021-07-01,Young
Diann Grieger,Polygender,26,Port Joeltown,South Australia,2021-10-10,2021-11-02,4606,112,2,224,Trousers,Tracksuit Bottoms,S,orange,59,23,2021-10-01,Young
Diann Grieger,Polygender,26,Port Joeltown,South Australia,2021-10-10,2021-11-02,4607,91,3,273,Shirt,Linen,L,violet,70,23,2021-10-01,Young
Garvy Davioud,Genderfluid,41,Hudsontown,New South Wales,2021-09-30,2021-10-07,1787,91,1,91,Jacket,Pullover,L,green,72,7,2021-09-01,Middle Aged
Garvy Davioud,Genderfluid,41,Hudsontown,New South Wales,2021-09-30,2021-10-07,1788,96,2,192,Shirt,Oxford Cloth,XS,orange,45,7,2021-09-01,Middle Aged
Garvy Davioud,Genderfluid,41,Hudsontown,New South Wales,2021-09-30,2021-10-07,1789,102,3,306,Trousers,Cargo Pants,L,violet,74,7,2021-09-01,Middle Aged
Garvy Davioud,Genderfluid,41,Hudsontown,New South Wales,2021-09-30,2021-10-07,1790,117,1,117,Jacket,Shearling,S,yellow,48,7,2021-09-01,Middle Aged
Lorine McLugish,Agender,23,Graceville,New South Wales,2021-04-04,2021-04-18,4614,104,2,208,Shirt,Dress,L,red,79,14,2021-04-01,Young
Lorine McLugish,Agender,23,Graceville,New South Wales,2021-04-04,2021-04-18,4615,99,1,99,Trousers,High-Waisted,S,blue,75,14,2021-04-01,Young
Lorine McLugish,Agender,23,Graceville,New South Wales,2021-04-04,2021-04-18,4616,106,2,212,Shirt,Chambray,L,orange,44,14,2021-04-01,Young
Tobin Jeffryes,Non-binary,40,Lake Alice,Victoria,2021-02-25,2021-03-10,4814,97,3,291,Trousers,Slim-Fit,XS,blue,55,13,2021-02-01,Middle Aged
Tobin Jeffryes,Non-binary,40,Lake Alice,Victoria,2021-02-25,2021-03-10,4815,119,3,357,Shirt,Casual Slim Fit,S,violet,50,13,2021-02-01,Middle Aged
Tobin Jeffryes,Non-binary,40,Lake Alice,Victoria,2021-02-25,2021-03-10,4816,109,3,327,Jacket,Peacoat,S,blue,50,13,2021-02-01,Middle Aged
Tobin Jeffryes,Non-binary,40,Lake Alice,Victoria,2021-02-25,2021-03-10,4817,93,1,93,Trousers,Joggers,S,indigo,56,13,2021-02-01,Middle Aged
Tobin Jeffryes,Non-binary,40,Lake Alice,Victoria,2021-02-25,2021-03-10,4818,109,2,218,Shirt,Mandarin Collar,S,yellow,76,13,2021-02-01,Middle Aged
Tobin Jeffryes,Non-binary,40,Lake Alice,Victoria,2021-02-25,2021-03-10,4819,91,3,273,Jacket,Pullover,XS,violet,61,13,2021-02-01,Middle Aged
Tobin Jeffryes,Non-binary,40,Lake Alice,Victoria,2021-02-25,2021-03-10,4820,109,1,109,Shirt,Mandarin Collar,M,indigo,51,13,2021-02-01,Middle Aged
Tobin Jeffryes,Non-binary,40,Lake Alice,Victoria,2021-02-25,2021-03-10,4821,93,3,279,Trousers,Joggers,L,indigo,42,13,2021-02-01,Middle Aged
Tobin Jeffryes,Non-binary,40,Lake Alice,Victoria,2021-02-25,2021-03-10,4822,99,3,297,Trousers,High-Waisted,M,blue,52,13,2021-02-01,Middle Aged
Tobin Jeffryes,Non-binary,40,Lake Alice,Victoria,2021-02-25,2021-03-10,4823,102,3,306,Trousers,Cargo Pants,L,indigo,46,13,2021-02-01,Middle Aged
Kendre Etherton,Genderqueer,22,New Angelinaberg,Victoria,2021-07-16,2021-08-12,4617,94,1,94,Trousers,Cords,XS,orange,70,27,2021-07-01,Young
Kendre Etherton,Genderqueer,22,New Angelinaberg,Victoria,2021-07-16,2021-08-12,4618,112,2,224,Jacket,Cardigan,XL,violet,64,27,2021-07-01,Young
Kendre Etherton,Genderqueer,22,New Angelinaberg,Victoria,2021-07-16,2021-08-12,4619,102,3,306,Jacket,Windbreaker,S,blue,41,27,2021-07-01,Young
Kendre Etherton,Genderqueer,22,New Angelinaberg,Victoria,2021-07-16,2021-08-12,4620,107,1,107,Jacket,Denim,XS,blue,49,27,2021-07-01,Young
Kendre Etherton,Genderqueer,22,New Angelinaberg,Victoria,2021-07-16,2021-08-12,4621,98,2,196,Shirt,Camp Collared,XL,violet,40,27,2021-07-01,Young
Lin Norville,Male,42,Russelstad,Victoria,2021-02-14,2021-03-05,1688,107,1,107,Jacket,Denim,L,orange,73,19,2021-02-01,Middle Aged
Lin Norville,Male,42,Russelstad,Victoria,2021-02-14,2021-03-05,1689,93,1,93,Jacket,Coach,M,indigo,64,19,2021-02-01,Middle Aged
Lin Norville,Male,42,Russelstad,Victoria,2021-02-14,2021-03-05,1690,112,1,112,Jacket,Cardigan,L,yellow,50,19,2021-02-01,Middle Aged
Lin Norville,Male,42,Russelstad,Victoria,2021-02-14,2021-03-05,1691,99,2,198,Trousers,High-Waisted,S,indigo,79,19,2021-02-01,Middle Aged
Kendre Etherton,Genderqueer,22,New Angelinaberg,Victoria,2021-08-26,2021-09-12,4850,99,3,297,Trousers,High-Waisted,XL,blue,65,17,2021-08-01,Young
Kendre Etherton,Genderqueer,22,New Angelinaberg,Victoria,2021-08-26,2021-09-12,4851,105,3,315,Trousers,Pleated,M,green,41,17,2021-08-01,Young
Kendre Etherton,Genderqueer,22,New Angelinaberg,Victoria,2021-08-26,2021-09-12,4852,109,1,109,Shirt,Mandarin Collar,M,green,57,17,2021-08-01,Young
Chan Duchesne,Male,79,Walterland,New South Wales,2021-01-22,2021-02-15,924,106,1,106,Shirt,Chambray,XL,orange,57,24,2021-01-01,Senior
Chan Duchesne,Male,79,Walterland,New South Wales,2021-01-22,2021-02-15,925,93,2,186,Trousers,Joggers,M,indigo,66,24,2021-01-01,Senior
Chan Duchesne,Male,79,Walterland,New South Wales,2021-01-22,2021-02-15,926,92,2,184,Shirt,Denim,XS,indigo,79,24,2021-01-01,Senior
Chan Duchesne,Male,79,Walterland,New South Wales,2021-01-22,2021-02-15,927,118,1,118,Shirt,Flannel,XL,red,72,24,2021-01-01,Senior
Chan Duchesne,Male,79,Walterland,New South Wales,2021-01-22,2021-02-15,928,96,2,192,Shirt,Oxford Cloth,L,blue,59,24,2021-01-01,Senior
Chan Duchesne,Male,79,Walterland,New South Wales,2021-01-22,2021-02-15,929,105,1,105,Shirt,Cuban Collar,M,red,53,24,2021-01-01,Senior
Albina Disdel,Genderqueer,47,West Luke,Northern Territory,2021-08-02,2021-08-06,4629,98,3,294,Jacket,Leather,XL,yellow,67,4,2021-08-01,Middle Aged
Albina Disdel,Genderqueer,47,West Luke,Northern Territory,2021-08-02,2021-08-06,4630,119,3,357,Shirt,Casual Slim Fit,XS,orange,43,4,2021-08-01,Middle Aged
Albina Disdel,Genderqueer,47,West Luke,Northern Territory,2021-08-02,2021-08-06,4631,92,2,184,Shirt,Denim,L,red,52,4,2021-08-01,Middle Aged
Albina Disdel,Genderqueer,47,West Luke,Northern Territory,2021-08-02,2021-08-06,4632,99,3,297,Trousers,High-Waisted,XS,orange,55,4,2021-08-01,Middle Aged
Ninnetta Lammin,Bigender,74,Lake Jesse,New South Wales,2021-01-04,2021-01-26,2678,95,1,95,Shirt,Polo,XL,violet,79,22,2021-01-01,Senior
Ninnetta Lammin,Bigender,74,Lake Jesse,New South Wales,2021-01-04,2021-01-26,2679,102,1,102,Jacket,Windbreaker,XL,red,48,22,2021-01-01,Senior
Ninnetta Lammin,Bigender,74,Lake Jesse,New South Wales,2021-01-04,2021-01-26,2680,94,3,282,Shirt,Henley,S,red,60,22,2021-01-01,Senior
Ninnetta Lammin,Bigender,74,Lake Jesse,New South Wales,2021-01-04,2021-01-26,2681,118,2,236,Shirt,Flannel,XL,red,72,22,2021-01-01,Senior
Ninnetta Lammin,Bigender,74,Lake Jesse,New South Wales,2021-01-04,2021-01-26,2682,96,1,96,Shirt,Oxford Cloth,L,violet,73,22,2021-01-01,Senior
Ninnetta Lammin,Bigender,74,Lake Jesse,New South Wales,2021-01-04,2021-01-26,2683,90,1,90,Trousers,Relaxed Leg,L,orange,78,22,2021-01-01,Senior
Ninnetta Lammin,Bigender,74,Lake Jesse,New South Wales,2021-01-04,2021-01-26,2684,106,1,106,Shirt,Chambray,L,red,44,22,2021-01-01,Senior
Ninnetta Lammin,Bigender,74,Lake Jesse,New South Wales,2021-01-04,2021-01-26,2685,117,2,234,Jacket,Shearling,XS,orange,54,22,2021-01-01,Senior
Lin Norville,Male,42,Russelstad,Victoria,2021-03-02,2021-03-27,1303,119,1,119,Shirt,Casual Slim Fit,XS,orange,43,25,2021-03-01,Middle Aged
Lin Norville,Male,42,Russelstad,Victoria,2021-03-02,2021-03-27,1304,105,2,210,Shirt,Cuban Collar,L,violet,78,25,2021-03-01,Middle Aged
Lin Norville,Male,42,Russelstad,Victoria,2021-03-02,2021-03-27,1305,102,2,204,Trousers,Cargo Pants,XS,violet,40,25,2021-03-01,Middle Aged
Lin Norville,Male,42,Russelstad,Victoria,2021-03-02,2021-03-27,1306,113,3,339,Trousers,Chinos,M,green,49,25,2021-03-01,Middle Aged
Lin Norville,Male,42,Russelstad,Victoria,2021-03-02,2021-03-27,1307,102,2,204,Trousers,Cargo Pants,L,green,42,25,2021-03-01,Middle Aged
Lin Norville,Male,42,Russelstad,Victoria,2021-03-02,2021-03-27,1308,102,1,102,Trousers,Cargo Pants,L,orange,78,25,2021-03-01,Middle Aged
Faber Purcell,Female,78,Andrewborough,New South Wales,2021-09-08,2021-09-14,1910,100,3,300,Jacket,Bomber,XS,orange,80,6,2021-09-01,Senior
Faber Purcell,Female,78,Andrewborough,New South Wales,2021-09-08,2021-09-14,1911,112,1,112,Trousers,Tracksuit Bottoms,L,orange,73,6,2021-09-01,Senior
Faber Purcell,Female,78,Andrewborough,New South Wales,2021-09-08,2021-09-14,1912,102,2,204,Jacket,Windbreaker,XL,yellow,58,6,2021-09-01,Senior
Faber Purcell,Female,78,Andrewborough,New South Wales,2021-09-08,2021-09-14,1913,94,1,94,Trousers,Cords,M,orange,53,6,2021-09-01,Senior
Faber Purcell,Female,78,Andrewborough,New South Wales,2021-09-08,2021-09-14,1914,97,1,97,Trousers,Slim-Fit,L,blue,49,6,2021-09-01,Senior
Faber Purcell,Female,78,Andrewborough,New South Wales,2021-09-08,2021-09-14,1915,117,1,117,Jacket,Shearling,XS,red,74,6,2021-09-01,Senior
Collie Jakel,Female,50,Isabellaton,Australian Capital Territory,2021-01-31,2021-02-06,4640,99,2,198,Trousers,High-Waisted,M,red,59,6,2021-01-01,Middle Aged
Collie Jakel,Female,50,Isabellaton,Australian Capital Territory,2021-01-31,2021-02-06,4641,91,3,273,Shirt,Linen,M,indigo,72,6,2021-01-01,Middle Aged
Collie Jakel,Female,50,Isabellaton,Australian Capital Territory,2021-01-31,2021-02-06,4642,91,2,182,Jacket,Pullover,L,violet,78,6,2021-01-01,Middle Aged
Collie Jakel,Female,50,Isabellaton,Australian Capital Territory,2021-01-31,2021-02-06,4643,95,1,95,Shirt,Polo,S,yellow,77,6,2021-01-01,Middle Aged
Loni Tort,Polygender,58,Joelmouth,Australian Capital Territory,2021-05-23,2021-06-05,3262,94,3,282,Trousers,Cords,L,violet,74,13,2021-05-01,Senior
Loni Tort,Polygender,58,Joelmouth,Australian Capital Territory,2021-05-23,2021-06-05,3263,98,2,196,Shirt,Camp Collared,XS,blue,47,13,2021-05-01,Senior
Loni Tort,Polygender,58,Joelmouth,Australian Capital Territory,2021-05-23,2021-06-05,3264,102,3,306,Trousers,Cargo Pants,L,red,61,13,2021-05-01,Senior
Loni Tort,Polygender,58,Joelmouth,Australian Capital Territory,2021-05-23,2021-06-05,3265,107,2,214,Jacket,Denim,XL,green,59,13,2021-05-01,Senior
Loni Tort,Polygender,58,Joelmouth,Australian Capital Territory,2021-05-23,2021-06-05,3266,113,1,113,Jacket,Parka,M,indigo,66,13,2021-05-01,Senior
Loni Tort,Polygender,58,Joelmouth,Australian Capital Territory,2021-05-23,2021-06-05,3267,105,2,210,Trousers,Pleated,XL,yellow,52,13,2021-05-01,Senior
Loni Tort,Polygender,58,Joelmouth,Australian Capital Territory,2021-05-23,2021-06-05,3268,95,1,95,Shirt,Polo,S,indigo,50,13,2021-05-01,Senior
Loni Tort,Polygender,58,Joelmouth,Australian Capital Territory,2021-05-23,2021-06-05,3269,104,1,104,Shirt,Dress,M,orange,53,13,2021-05-01,Senior
Dannie Fidler,Genderfluid,32,East Max,Tasmania,2021-03-04,2021-03-28,4091,119,3,357,Shirt,Casual Slim Fit,L,yellow,63,24,2021-03-01,Young
Dannie Fidler,Genderfluid,32,East Max,Tasmania,2021-03-04,2021-03-28,4092,96,3,288,Shirt,Oxford Cloth,S,yellow,78,24,2021-03-01,Young
Dannie Fidler,Genderfluid,32,East Max,Tasmania,2021-03-04,2021-03-28,4093,106,1,106,Trousers,Wool,L,red,74,24,2021-03-01,Young
Dannie Fidler,Genderfluid,32,East Max,Tasmania,2021-03-04,2021-03-28,4094,118,3,354,Jacket,Puffer,L,violet,49,24,2021-03-01,Young
Dannie Fidler,Genderfluid,32,East Max,Tasmania,2021-03-04,2021-03-28,4095,109,2,218,Shirt,Mandarin Collar,M,indigo,51,24,2021-03-01,Young
Dannie Fidler,Genderfluid,32,East Max,Tasmania,2021-03-04,2021-03-28,4096,104,2,208,Shirt,Dress,XL,yellow,75,24,2021-03-01,Young
Dannie Fidler,Genderfluid,32,East Max,Tasmania,2021-03-04,2021-03-28,4097,119,3,357,Jacket,Trench Coat,M,indigo,42,24,2021-03-01,Young
Averyl Atthow,Polygender,53,Calebville,New South Wales,2021-02-21,2021-03-17,2117,96,1,96,Trousers,Drawstring,S,green,73,24,2021-02-01,Middle Aged
Averyl Atthow,Polygender,53,Calebville,New South Wales,2021-02-21,2021-03-17,2118,105,3,315,Shirt,Cuban Collar,L,violet,78,24,2021-02-01,Middle Aged
Averyl Atthow,Polygender,53,Calebville,New South Wales,2021-02-21,2021-03-17,2119,94,3,282,Shirt,Henley,L,yellow,62,24,2021-02-01,Middle Aged
Averyl Atthow,Polygender,53,Calebville,New South Wales,2021-02-21,2021-03-17,2120,91,2,182,Jacket,Pullover,XS,green,70,24,2021-02-01,Middle Aged
Averyl Atthow,Polygender,53,Calebville,New South Wales,2021-02-21,2021-03-17,2121,93,3,279,Trousers,Joggers,XL,blue,52,24,2021-02-01,Middle Aged
Vinnie Feaver,Male,28,North Justin,South Australia,2021-02-26,2021-03-20,181,112,2,224,Jacket,Cardigan,S,indigo,61,22,2021-02-01,Young
Vinnie Feaver,Male,28,North Justin,South Australia,2021-02-26,2021-03-20,182,109,2,218,Shirt,Mandarin Collar,L,blue,68,22,2021-02-01,Young
Vinnie Feaver,Male,28,North Justin,South Australia,2021-02-26,2021-03-20,183,91,3,273,Shirt,Linen,L,orange,73,22,2021-02-01,Young
Vinnie Feaver,Male,28,North Justin,South Australia,2021-02-26,2021-03-20,184,93,3,279,Jacket,Coach,S,red,76,22,2021-02-01,Young
Vinnie Feaver,Male,28,North Justin,South Australia,2021-02-26,2021-03-20,185,96,1,96,Trousers,Drawstring,S,orange,58,22,2021-02-01,Young
Vinnie Feaver,Male,28,North Justin,South Australia,2021-02-26,2021-03-20,186,109,2,218,Shirt,Mandarin Collar,M,red,60,22,2021-02-01,Young
Vinnie Feaver,Male,28,North Justin,South Australia,2021-02-26,2021-03-20,187,104,1,104,Shirt,Dress,XL,yellow,75,22,2021-02-01,Young
Vinnie Feaver,Male,28,North Justin,South Australia,2021-02-26,2021-03-20,188,90,2,180,Trousers,Relaxed Leg,XS,green,80,22,2021-02-01,Young
Vinnie Feaver,Male,28,North Justin,South Australia,2021-02-26,2021-03-20,189,94,3,282,Trousers,Cords,M,green,76,22,2021-02-01,Young
Vinnie Feaver,Male,28,North Justin,South Australia,2021-02-26,2021-03-20,190,96,2,192,Shirt,Oxford Cloth,XS,blue,47,22,2021-02-01,Young
Garvy Davioud,Genderfluid,41,Hudsontown,New South Wales,2021-03-08,2021-03-28,303,118,1,118,Shirt,Flannel,L,violet,76,20,2021-03-01,Middle Aged
Garvy Davioud,Genderfluid,41,Hudsontown,New South Wales,2021-03-08,2021-03-28,304,98,3,294,Shirt,Camp Collared,XS,red,77,20,2021-03-01,Middle Aged
Garvy Davioud,Genderfluid,41,Hudsontown,New South Wales,2021-03-08,2021-03-28,305,93,1,93,Trousers,Joggers,XL,orange,44,20,2021-03-01,Middle Aged
Garvy Davioud,Genderfluid,41,Hudsontown,New South Wales,2021-03-08,2021-03-28,306,105,2,210,Trousers,Pleated,XS,blue,62,20,2021-03-01,Middle Aged
Garvy Davioud,Genderfluid,41,Hudsontown,New South Wales,2021-03-08,2021-03-28,307,117,2,234,Jacket,Shearling,M,yellow,60,20,2021-03-01,Middle Aged
Garvy Davioud,Genderfluid,41,Hudsontown,New South Wales,2021-03-08,2021-03-28,308,112,3,336,Jacket,Cardigan,S,blue,53,20,2021-03-01,Middle Aged
Cherlyn Asmus,Female,34,Jasmineville,Victoria,2021-08-02,2021-08-04,1647,96,2,192,Trousers,Drawstring,M,yellow,55,2,2021-08-01,Young
Cherlyn Asmus,Female,34,Jasmineville,Victoria,2021-08-02,2021-08-04,1648,95,2,190,Shirt,Polo,XL,green,61,2,2021-08-01,Young
Cherlyn Asmus,Female,34,Jasmineville,Victoria,2021-08-02,2021-08-04,1649,91,1,91,Shirt,Linen,S,blue,77,2,2021-08-01,Young
Cherlyn Asmus,Female,34,Jasmineville,Victoria,2021-08-02,2021-08-04,1650,118,2,236,Jacket,Puffer,XS,orange,47,2,2021-08-01,Young
Cherlyn Asmus,Female,34,Jasmineville,Victoria,2021-08-02,2021-08-04,1651,119,1,119,Shirt,Casual Slim Fit,XL,red,47,2,2021-08-01,Young
Cherlyn Asmus,Female,34,Jasmineville,Victoria,2021-08-02,2021-08-04,1652,93,2,186,Jacket,Coach,M,violet,74,2,2021-08-01,Young
Biddy Devanney,Male,26,Harryburgh,Tasmania,2021-06-22,2021-06-30,4644,95,3,285,Shirt,Polo,S,violet,43,8,2021-06-01,Young
Biddy Devanney,Male,26,Harryburgh,Tasmania,2021-06-22,2021-06-30,4645,99,2,198,Trousers,High-Waisted,S,blue,75,8,2021-06-01,Young
Biddy Devanney,Male,26,Harryburgh,Tasmania,2021-06-22,2021-06-30,4646,119,2,238,Shirt,Casual Slim Fit,XL,red,47,8,2021-06-01,Young
Vicki Stockwell,Male,27,Leofurt,Australian Capital Territory,2021-08-22,2021-08-23,4649,94,3,282,Shirt,Henley,M,violet,44,1,2021-08-01,Young
Vicki Stockwell,Male,27,Leofurt,Australian Capital Territory,2021-08-22,2021-08-23,4650,117,1,117,Jacket,Shearling,S,green,66,1,2021-08-01,Young
Ikey Spohr,Polygender,53,North Scarlettborough,Northern Territory,2021-07-16,2021-08-01,4670,117,3,351,Jacket,Shearling,XS,green,74,16,2021-07-01,Middle Aged
Ikey Spohr,Polygender,53,North Scarlettborough,Northern Territory,2021-07-16,2021-08-01,4671,106,3,318,Shirt,Chambray,XS,indigo,75,16,2021-07-01,Middle Aged
Ikey Spohr,Polygender,53,North Scarlettborough,Northern Territory,2021-07-16,2021-08-01,4672,105,3,315,Shirt,Cuban Collar,M,yellow,49,16,2021-07-01,Middle Aged
Ikey Spohr,Polygender,53,North Scarlettborough,Northern Territory,2021-07-16,2021-08-01,4673,119,3,357,Shirt,Casual Slim Fit,XS,blue,55,16,2021-07-01,Middle Aged
Ikey Spohr,Polygender,53,North Scarlettborough,Northern Territory,2021-07-16,2021-08-01,4674,117,2,234,Jacket,Shearling,M,violet,74,16,2021-07-01,Middle Aged
Ikey Spohr,Polygender,53,North Scarlettborough,Northern Territory,2021-07-16,2021-08-01,4675,115,3,345,Trousers,Cropped,M,blue,56,16,2021-07-01,Middle Aged
Ikey Spohr,Polygender,53,North Scarlettborough,Northern Territory,2021-07-16,2021-08-01,4676,99,1,99,Trousers,High-Waisted,XL,orange,47,16,2021-07-01,Middle Aged
Ikey Spohr,Polygender,53,North Scarlettborough,Northern Territory,2021-07-16,2021-08-01,4677,119,3,357,Shirt,Casual Slim Fit,XL,yellow,78,16,2021-07-01,Middle Aged
Francklyn Willeman,Non-binary,45,D'amoreborough,South Australia,2021-06-22,2021-06-27,703,109,1,109,Jacket,Peacoat,S,red,67,5,2021-06-01,Middle Aged
Francklyn Willeman,Non-binary,45,D'amoreborough,South Australia,2021-06-22,2021-06-27,704,115,3,345,Trousers,Cropped,XS,indigo,55,5,2021-06-01,Middle Aged
Francklyn Willeman,Non-binary,45,D'amoreborough,South Australia,2021-06-22,2021-06-27,705,95,3,285,Shirt,Polo,L,green,68,5,2021-06-01,Middle Aged
Francklyn Willeman,Non-binary,45,D'amoreborough,South Australia,2021-06-22,2021-06-27,706,106,2,212,Shirt,Chambray,XL,blue,43,5,2021-06-01,Middle Aged
Marinna Heal,Genderfluid,42,Braunhaven,Tasmania,2021-06-04,2021-06-25,4678,106,2,212,Shirt,Chambray,S,violet,52,21,2021-06-01,Middle Aged
Marinna Heal,Genderfluid,42,Braunhaven,Tasmania,2021-06-04,2021-06-25,4679,119,3,357,Shirt,Casual Slim Fit,L,violet,65,21,2021-06-01,Middle Aged
Julian Sponer,Male,35,Port Madison,Australian Capital Territory,2021-01-22,2021-02-13,226,104,3,312,Shirt,Dress,XS,orange,58,22,2021-01-01,Young
Julian Sponer,Male,35,Port Madison,Australian Capital Territory,2021-01-22,2021-02-13,227,90,2,180,Trousers,Relaxed Leg,XL,indigo,58,22,2021-01-01,Young
Julian Sponer,Male,35,Port Madison,Australian Capital Territory,2021-01-22,2021-02-13,228,91,1,91,Jacket,Pullover,L,red,69,22,2021-01-01,Young
Carla Walework,Male,75,East George,Northern Territory,2021-07-31,2021-08-11,4455,100,2,200,Jacket,Bomber,M,green,61,11,2021-07-01,Senior
Sandy Yushachkov,Genderfluid,35,Claudiaview,Western Australia,2021-01-14,2021-01-25,3498,106,3,318,Shirt,Chambray,S,blue,61,11,2021-01-01,Young
Sandy Yushachkov,Genderfluid,35,Claudiaview,Western Australia,2021-01-14,2021-01-25,3499,104,2,208,Shirt,Dress,XL,blue,66,11,2021-01-01,Young
Sandy Yushachkov,Genderfluid,35,Claudiaview,Western Australia,2021-01-14,2021-01-25,3500,96,2,192,Trousers,Drawstring,M,green,52,11,2021-01-01,Young
Sandy Yushachkov,Genderfluid,35,Claudiaview,Western Australia,2021-01-14,2021-01-25,3501,115,2,230,Trousers,Cropped,XS,orange,78,11,2021-01-01,Young
Sandy Yushachkov,Genderfluid,35,Claudiaview,Western Australia,2021-01-14,2021-01-25,3502,106,2,212,Trousers,Wool,XS,red,44,11,2021-01-01,Young
Sandy Yushachkov,Genderfluid,35,Claudiaview,Western Australia,2021-01-14,2021-01-25,3503,106,3,318,Trousers,Wool,L,indigo,41,11,2021-01-01,Young
Sandy Yushachkov,Genderfluid,35,Claudiaview,Western Australia,2021-01-14,2021-01-25,3504,113,3,339,Jacket,Parka,S,red,66,11,2021-01-01,Young
Sandy Yushachkov,Genderfluid,35,Claudiaview,Western Australia,2021-01-14,2021-01-25,3505,106,2,212,Trousers,Wool,M,indigo,56,11,2021-01-01,Young
Sandy Yushachkov,Genderfluid,35,Claudiaview,Western Australia,2021-01-14,2021-01-25,3506,117,3,351,Jacket,Shearling,L,indigo,66,11,2021-01-01,Young
Sandy Yushachkov,Genderfluid,35,Claudiaview,Western Australia,2021-01-14,2021-01-25,3507,115,1,115,Trousers,Cropped,S,indigo,65,11,2021-01-01,Young
Daisy Camillo,Male,48,Jacobsland,Northern Territory,2021-06-12,2021-06-28,4680,117,3,351,Jacket,Shearling,XS,orange,54,16,2021-06-01,Middle Aged
Daisy Camillo,Male,48,Jacobsland,Northern Territory,2021-06-12,2021-06-28,4681,94,3,282,Shirt,Henley,S,yellow,70,16,2021-06-01,Middle Aged
Daisy Camillo,Male,48,Jacobsland,Northern Territory,2021-06-12,2021-06-28,4682,100,1,100,Jacket,Bomber,M,red,79,16,2021-06-01,Middle Aged
Daisy Camillo,Male,48,Jacobsland,Northern Territory,2021-06-12,2021-06-28,4683,98,2,196,Jacket,Leather,M,blue,60,16,2021-06-01,Middle Aged
Daisy Camillo,Male,48,Jacobsland,Northern Territory,2021-06-12,2021-06-28,4684,94,1,94,Shirt,Henley,XS,violet,50,16,2021-06-01,Middle Aged
Daisy Camillo,Male,48,Jacobsland,Northern Territory,2021-06-12,2021-06-28,4685,102,2,204,Trousers,Cargo Pants,XL,yellow,52,16,2021-06-01,Middle Aged
Daisy Camillo,Male,48,Jacobsland,Northern Territory,2021-06-12,2021-06-28,4686,92,3,276,Shirt,Denim,S,blue,47,16,2021-06-01,Middle Aged
Ettie Gonnely,Bigender,34,North Cody,Victoria,2021-04-02,2021-04-21,4687,91,2,182,Jacket,Pullover,L,yellow,43,19,2021-04-01,Young
Ettie Gonnely,Bigender,34,North Cody,Victoria,2021-04-02,2021-04-21,4688,94,2,188,Shirt,Henley,M,violet,44,19,2021-04-01,Young
Ettie Gonnely,Bigender,34,North Cody,Victoria,2021-04-02,2021-04-21,4689,107,1,107,Jacket,Denim,M,red,43,19,2021-04-01,Young
Ettie Gonnely,Bigender,34,North Cody,Victoria,2021-04-02,2021-04-21,4690,107,2,214,Jacket,Denim,S,blue,56,19,2021-04-01,Young
Ettie Gonnely,Bigender,34,North Cody,Victoria,2021-04-02,2021-04-21,4691,113,3,339,Jacket,Parka,XL,blue,47,19,2021-04-01,Young
Ettie Gonnely,Bigender,34,North Cody,Victoria,2021-04-02,2021-04-21,4692,90,2,180,Trousers,Relaxed Leg,L,violet,47,19,2021-04-01,Young
Avril Rossiter,Genderfluid,34,Kiehnburgh,Western Australia,2021-08-24,2021-09-07,973,109,3,327,Jacket,Peacoat,L,blue,64,14,2021-08-01,Young
Avril Rossiter,Genderfluid,34,Kiehnburgh,Western Australia,2021-08-24,2021-09-07,974,99,2,198,Trousers,High-Waisted,L,red,52,14,2021-08-01,Young
Avril Rossiter,Genderfluid,34,Kiehnburgh,Western Australia,2021-08-24,2021-09-07,975,97,2,194,Trousers,Slim-Fit,XL,green,67,14,2021-08-01,Young
Avril Rossiter,Genderfluid,34,Kiehnburgh,Western Australia,2021-08-24,2021-09-07,976,92,2,184,Shirt,Denim,XS,violet,73,14,2021-08-01,Young
Avril Rossiter,Genderfluid,34,Kiehnburgh,Western Australia,2021-08-24,2021-09-07,977,113,3,339,Trousers,Chinos,M,red,54,14,2021-08-01,Young
Avril Rossiter,Genderfluid,34,Kiehnburgh,Western Australia,2021-08-24,2021-09-07,978,106,1,106,Trousers,Wool,M,yellow,43,14,2021-08-01,Young
Cosmo Leys,Female,24,Kaiberg,Western Australia,2021-06-22,2021-07-08,3328,102,3,306,Trousers,Cargo Pants,XL,violet,77,16,2021-06-01,Young
Cosmo Leys,Female,24,Kaiberg,Western Australia,2021-06-22,2021-07-08,3329,119,1,119,Jacket,Trench Coat,M,violet,61,16,2021-06-01,Young
Cosmo Leys,Female,24,Kaiberg,Western Australia,2021-06-22,2021-07-08,3330,93,1,93,Trousers,Joggers,XL,red,58,16,2021-06-01,Young
Cosmo Leys,Female,24,Kaiberg,Western Australia,2021-06-22,2021-07-08,3331,112,3,336,Jacket,Cardigan,L,yellow,50,16,2021-06-01,Young
Cosmo Leys,Female,24,Kaiberg,Western Australia,2021-06-22,2021-07-08,3332,109,3,327,Shirt,Mandarin Collar,L,indigo,53,16,2021-06-01,Young
Cosmo Leys,Female,24,Kaiberg,Western Australia,2021-06-22,2021-07-08,3333,109,1,109,Shirt,Mandarin Collar,XS,blue,59,16,2021-06-01,Young
Nessy Kildea,Genderfluid,61,West Kai,South Australia,2021-02-11,2021-03-08,276,109,3,327,Shirt,Mandarin Collar,M,yellow,58,25,2021-02-01,Senior
Nessy Kildea,Genderfluid,61,West Kai,South Australia,2021-02-11,2021-03-08,277,97,2,194,Trousers,Slim-Fit,XS,violet,70,25,2021-02-01,Senior
Nessy Kildea,Genderfluid,61,West Kai,South Australia,2021-02-11,2021-03-08,278,94,2,188,Shirt,Henley,XS,yellow,42,25,2021-02-01,Senior
Nessy Kildea,Genderfluid,61,West Kai,South Australia,2021-02-11,2021-03-08,279,98,1,98,Shirt,Camp Collared,L,violet,42,25,2021-02-01,Senior
Nerita Peotz,Female,58,Pipershire,Queensland,2021-09-30,2021-10-05,4703,102,3,306,Jacket,Windbreaker,L,indigo,67,5,2021-09-01,Senior
Nerita Peotz,Female,58,Pipershire,Queensland,2021-09-30,2021-10-05,4704,105,3,315,Trousers,Pleated,XL,violet,65,5,2021-09-01,Senior
Theodosia Postins,Polygender,38,Turcottetown,Australian Capital Territory,2021-01-22,2021-02-11,1825,119,2,238,Shirt,Casual Slim Fit,M,red,67,20,2021-01-01,Middle Aged
Theodosia Postins,Polygender,38,Turcottetown,Australian Capital Territory,2021-01-22,2021-02-11,1826,93,2,186,Jacket,Coach,L,violet,80,20,2021-01-01,Middle Aged
Theodosia Postins,Polygender,38,Turcottetown,Australian Capital Territory,2021-01-22,2021-02-11,1827,118,1,118,Shirt,Flannel,XL,yellow,72,20,2021-01-01,Middle Aged
Theodosia Postins,Polygender,38,Turcottetown,Australian Capital Territory,2021-01-22,2021-02-11,1828,94,1,94,Shirt,Henley,XL,red,59,20,2021-01-01,Middle Aged
Theodosia Postins,Polygender,38,Turcottetown,Australian Capital Territory,2021-01-22,2021-02-11,1829,94,2,188,Trousers,Cords,S,indigo,60,20,2021-01-01,Middle Aged
Theodosia Postins,Polygender,38,Turcottetown,Australian Capital Territory,2021-01-22,2021-02-11,1830,102,1,102,Trousers,Cargo Pants,S,blue,63,20,2021-01-01,Middle Aged
Theodosia Postins,Polygender,38,Turcottetown,Australian Capital Territory,2021-01-22,2021-02-11,1831,96,2,192,Shirt,Oxford Cloth,XS,violet,74,20,2021-01-01,Middle Aged
Theodosia Postins,Polygender,38,Turcottetown,Australian Capital Territory,2021-01-22,2021-02-11,1832,109,1,109,Shirt,Mandarin Collar,XL,green,79,20,2021-01-01,Middle Aged
Theodosia Postins,Polygender,38,Turcottetown,Australian Capital Territory,2021-01-22,2021-02-11,1833,102,3,306,Trousers,Cargo Pants,XS,orange,43,20,2021-01-01,Middle Aged
Theodosia Postins,Polygender,38,Turcottetown,Australian Capital Territory,2021-01-22,2021-02-11,1834,96,3,288,Trousers,Drawstring,XL,violet,80,20,2021-01-01,Middle Aged
Jeanne Pringer,Female,78,Wilsonside,Australian Capital Territory,2021-03-10,2021-03-22,373,107,1,107,Jacket,Denim,M,blue,61,12,2021-03-01,Senior
Jeanne Pringer,Female,78,Wilsonside,Australian Capital Territory,2021-03-10,2021-03-22,374,94,1,94,Shirt,Henley,XL,indigo,52,12,2021-03-01,Senior
Jeanne Pringer,Female,78,Wilsonside,Australian Capital Territory,2021-03-10,2021-03-22,375,112,3,336,Jacket,Cardigan,L,green,63,12,2021-03-01,Senior
Seana Hearons,Non-binary,31,South Callum,Tasmania,2021-05-19,2021-05-28,1873,102,1,102,Trousers,Cargo Pants,XS,indigo,51,9,2021-05-01,Young
Seana Hearons,Non-binary,31,South Callum,Tasmania,2021-05-19,2021-05-28,1874,106,3,318,Trousers,Wool,S,indigo,45,9,2021-05-01,Young
Seana Hearons,Non-binary,31,South Callum,Tasmania,2021-05-19,2021-05-28,1875,98,2,196,Shirt,Camp Collared,M,blue,65,9,2021-05-01,Young
Seana Hearons,Non-binary,31,South Callum,Tasmania,2021-05-19,2021-05-28,1876,106,3,318,Shirt,Chambray,XS,indigo,75,9,2021-05-01,Young
Seana Hearons,Non-binary,31,South Callum,Tasmania,2021-05-19,2021-05-28,1877,97,1,97,Trousers,Slim-Fit,L,blue,49,9,2021-05-01,Young
Seana Hearons,Non-binary,31,South Callum,Tasmania,2021-05-19,2021-05-28,1878,113,2,226,Trousers,Chinos,S,yellow,40,9,2021-05-01,Young
Seana Hearons,Non-binary,31,South Callum,Tasmania,2021-05-19,2021-05-28,1879,112,1,112,Jacket,Cardigan,L,violet,66,9,2021-05-01,Young
Seana Hearons,Non-binary,31,South Callum,Tasmania,2021-05-19,2021-05-28,1880,92,1,92,Shirt,Denim,S,blue,47,9,2021-05-01,Young
Kellyann Stening,Genderfluid,62,North Baileyside,Australian Capital Territory,2021-02-01,2021-02-17,923,107,3,321,Jacket,Denim,S,yellow,43,16,2021-02-01,Senior
Chandra Carine,Agender,51,Hellermouth,New South Wales,2021-02-22,2021-03-14,4710,93,1,93,Trousers,Joggers,S,violet,63,20,2021-02-01,Middle Aged
Chandra Carine,Agender,51,Hellermouth,New South Wales,2021-02-22,2021-03-14,4711,106,3,318,Shirt,Chambray,M,orange,43,20,2021-02-01,Middle Aged
Chandra Carine,Agender,51,Hellermouth,New South Wales,2021-02-22,2021-03-14,4712,118,1,118,Jacket,Puffer,XS,red,67,20,2021-02-01,Middle Aged
Wash Kyneton,Non-binary,60,Lake Sienna,Northern Territory,2021-04-20,2021-05-13,4719,112,1,112,Jacket,Cardigan,L,green,63,23,2021-04-01,Senior
Wash Kyneton,Non-binary,60,Lake Sienna,Northern Territory,2021-04-20,2021-05-13,4720,96,3,288,Shirt,Oxford Cloth,XL,red,47,23,2021-04-01,Senior
Waylin Gasson,Genderqueer,37,West Kai,South Australia,2021-09-28,2021-10-12,1136,105,3,315,Trousers,Pleated,L,blue,79,14,2021-09-01,Middle Aged
Waylin Gasson,Genderqueer,37,West Kai,South Australia,2021-09-28,2021-10-12,1137,91,3,273,Shirt,Linen,XS,red,61,14,2021-09-01,Middle Aged
Waylin Gasson,Genderqueer,37,West Kai,South Australia,2021-09-28,2021-10-12,1138,118,2,236,Shirt,Flannel,L,orange,59,14,2021-09-01,Middle Aged
Waylin Gasson,Genderqueer,37,West Kai,South Australia,2021-09-28,2021-10-12,1139,97,2,194,Trousers,Slim-Fit,XS,orange,69,14,2021-09-01,Middle Aged
Waylin Gasson,Genderqueer,37,West Kai,South Australia,2021-09-28,2021-10-12,1140,91,3,273,Jacket,Pullover,S,violet,74,14,2021-09-01,Middle Aged
Fabian Gostage,Polygender,40,Hackettland,South Australia,2021-02-07,2021-02-09,4925,95,2,190,Shirt,Polo,M,violet,77,2,2021-02-01,Middle Aged
Fabian Gostage,Polygender,40,Hackettland,South Australia,2021-02-07,2021-02-09,4926,102,1,102,Trousers,Cargo Pants,XL,orange,61,2,2021-02-01,Middle Aged
Fabian Gostage,Polygender,40,Hackettland,South Australia,2021-02-07,2021-02-09,4927,91,3,273,Jacket,Pullover,XL,yellow,67,2,2021-02-01,Middle Aged
Fabian Gostage,Polygender,40,Hackettland,South Australia,2021-02-07,2021-02-09,4928,117,2,234,Jacket,Shearling,M,violet,74,2,2021-02-01,Middle Aged
Fabian Gostage,Polygender,40,Hackettland,South Australia,2021-02-07,2021-02-09,4929,98,3,294,Jacket,Leather,L,yellow,45,2,2021-02-01,Middle Aged
Bartel Clemendet,Genderqueer,43,Kiehnfurt,South Australia,2021-09-25,2021-10-20,1384,105,2,210,Trousers,Pleated,L,violet,48,25,2021-09-01,Middle Aged
Bartel Clemendet,Genderqueer,43,Kiehnfurt,South Australia,2021-09-25,2021-10-20,1385,97,2,194,Trousers,Slim-Fit,L,red,80,25,2021-09-01,Middle Aged
Noel Siviour,Polygender,43,Beahantown,South Australia,2021-08-05,2021-08-25,4742,113,1,113,Trousers,Chinos,XL,green,50,20,2021-08-01,Middle Aged
Noel Siviour,Polygender,43,Beahantown,South Australia,2021-08-05,2021-08-25,4743,119,2,238,Jacket,Trench Coat,S,blue,64,20,2021-08-01,Middle Aged
Noel Siviour,Polygender,43,Beahantown,South Australia,2021-08-05,2021-08-25,4744,113,1,113,Trousers,Chinos,XS,orange,53,20,2021-08-01,Middle Aged
Noel Siviour,Polygender,43,Beahantown,South Australia,2021-08-05,2021-08-25,4745,119,3,357,Jacket,Trench Coat,M,orange,43,20,2021-08-01,Middle Aged
Noel Siviour,Polygender,43,Beahantown,South Australia,2021-08-05,2021-08-25,4746,105,2,210,Shirt,Cuban Collar,XL,blue,73,20,2021-08-01,Middle Aged
Noel Siviour,Polygender,43,Beahantown,South Australia,2021-08-05,2021-08-25,4747,105,1,105,Trousers,Pleated,L,violet,48,20,2021-08-01,Middle Aged
Noel Siviour,Polygender,43,Beahantown,South Australia,2021-08-05,2021-08-25,4748,118,2,236,Shirt,Flannel,L,orange,59,20,2021-08-01,Middle Aged
Sol Adhams,Male,55,Sebastianbury,South Australia,2021-01-09,2021-01-27,4159,112,2,224,Jacket,Cardigan,S,violet,49,18,2021-01-01,Middle Aged
Sol Adhams,Male,55,Sebastianbury,South Australia,2021-01-09,2021-01-27,4160,104,2,208,Shirt,Dress,S,blue,46,18,2021-01-01,Middle Aged
Sol Adhams,Male,55,Sebastianbury,South Australia,2021-01-09,2021-01-27,4161,104,3,312,Shirt,Dress,XL,red,47,18,2021-01-01,Middle Aged
Sol Adhams,Male,55,Sebastianbury,South Australia,2021-01-09,2021-01-27,4162,115,1,115,Trousers,Cropped,XL,indigo,58,18,2021-01-01,Middle Aged
Gayleen Brookes,Male,46,Port Lily,Australian Capital Territory,2021-02-18,2021-03-07,2480,95,3,285,Shirt,Polo,XL,orange,43,17,2021-02-01,Middle Aged
Gayleen Brookes,Male,46,Port Lily,Australian Capital Territory,2021-02-18,2021-03-07,2481,97,2,194,Trousers,Slim-Fit,L,violet,58,17,2021-02-01,Middle Aged
Gayleen Brookes,Male,46,Port Lily,Australian Capital Territory,2021-02-18,2021-03-07,2482,105,3,315,Trousers,Pleated,XL,orange,69,17,2021-02-01,Middle Aged
Gayleen Brookes,Male,46,Port Lily,Australian Capital Territory,2021-02-18,2021-03-07,2483,115,3,345,Trousers,Cropped,M,blue,56,17,2021-02-01,Middle Aged
Gayleen Brookes,Male,46,Port Lily,Australian Capital Territory,2021-02-18,2021-03-07,2484,96,2,192,Shirt,Oxford Cloth,M,orange,77,17,2021-02-01,Middle Aged
Gayleen Brookes,Male,46,Port Lily,Australian Capital Territory,2021-02-18,2021-03-07,2485,119,1,119,Jacket,Trench Coat,XS,blue,59,17,2021-02-01,Middle Aged
Gayleen Brookes,Male,46,Port Lily,Australian Capital Territory,2021-02-18,2021-03-07,2486,119,3,357,Shirt,Casual Slim Fit,S,yellow,45,17,2021-02-01,Middle Aged
Kerry Luto,Polygender,56,Conroychester,South Australia,2021-06-21,2021-06-25,1475,90,2,180,Trousers,Relaxed Leg,XS,blue,54,4,2021-06-01,Senior
Kerry Luto,Polygender,56,Conroychester,South Australia,2021-06-21,2021-06-25,1476,117,3,351,Jacket,Shearling,XL,orange,60,4,2021-06-01,Senior
Kerry Luto,Polygender,56,Conroychester,South Australia,2021-06-21,2021-06-25,1477,91,3,273,Shirt,Linen,S,red,67,4,2021-06-01,Senior
Kerry Luto,Polygender,56,Conroychester,South Australia,2021-06-21,2021-06-25,1478,95,3,285,Shirt,Polo,S,blue,76,4,2021-06-01,Senior
Kerry Luto,Polygender,56,Conroychester,South Australia,2021-06-21,2021-06-25,1479,97,2,194,Trousers,Slim-Fit,M,red,67,4,2021-06-01,Senior
Kerry Luto,Polygender,56,Conroychester,South Australia,2021-06-21,2021-06-25,1480,115,2,230,Trousers,Cropped,XL,orange,61,4,2021-06-01,Senior
Tann Scothron,Genderqueer,64,Walterstad,New South Wales,2021-04-05,2021-04-11,32,113,2,226,Trousers,Chinos,XS,yellow,41,6,2021-04-01,Senior
Tann Scothron,Genderqueer,64,Walterstad,New South Wales,2021-04-05,2021-04-11,33,99,3,297,Trousers,High-Waisted,M,orange,69,6,2021-04-01,Senior
Otto Matyasik,Genderqueer,67,East Benjamin,New South Wales,2021-04-18,2021-04-26,4749,96,2,192,Trousers,Drawstring,XS,orange,41,8,2021-04-01,Senior
Otto Matyasik,Genderqueer,67,East Benjamin,New South Wales,2021-04-18,2021-04-26,4750,118,1,118,Shirt,Flannel,XS,yellow,41,8,2021-04-01,Senior
Otto Matyasik,Genderqueer,67,East Benjamin,New South Wales,2021-04-18,2021-04-26,4751,102,2,204,Trousers,Cargo Pants,L,orange,78,8,2021-04-01,Senior
Otto Matyasik,Genderqueer,67,East Benjamin,New South Wales,2021-04-18,2021-04-26,4752,106,2,212,Shirt,Chambray,M,blue,66,8,2021-04-01,Senior
Otto Matyasik,Genderqueer,67,East Benjamin,New South Wales,2021-04-18,2021-04-26,4753,117,3,351,Jacket,Shearling,XS,yellow,66,8,2021-04-01,Senior
Otto Matyasik,Genderqueer,67,East Benjamin,New South Wales,2021-04-18,2021-04-26,4754,94,2,188,Shirt,Henley,XL,green,64,8,2021-04-01,Senior
Otto Matyasik,Genderqueer,67,East Benjamin,New South Wales,2021-04-18,2021-04-26,4755,105,1,105,Shirt,Cuban Collar,M,blue,55,8,2021-04-01,Senior
Otto Matyasik,Genderqueer,67,East Benjamin,New South Wales,2021-04-18,2021-04-26,4756,105,1,105,Shirt,Cuban Collar,XL,blue,73,8,2021-04-01,Senior
Otto Matyasik,Genderqueer,67,East Benjamin,New South Wales,2021-04-18,2021-04-26,4757,102,3,306,Jacket,Windbreaker,XL,green,71,8,2021-04-01,Senior
Persis Linch,Genderqueer,39,West Zoeberg,Queensland,2021-09-19,2021-10-07,4783,105,3,315,Shirt,Cuban Collar,L,violet,78,18,2021-09-01,Middle Aged
Persis Linch,Genderqueer,39,West Zoeberg,Queensland,2021-09-19,2021-10-07,4784,98,3,294,Jacket,Leather,XS,yellow,73,18,2021-09-01,Middle Aged
Persis Linch,Genderqueer,39,West Zoeberg,Queensland,2021-09-19,2021-10-07,4785,106,3,318,Trousers,Wool,M,violet,51,18,2021-09-01,Middle Aged
Persis Linch,Genderqueer,39,West Zoeberg,Queensland,2021-09-19,2021-10-07,4786,91,1,91,Shirt,Linen,M,orange,42,18,2021-09-01,Middle Aged
Persis Linch,Genderqueer,39,West Zoeberg,Queensland,2021-09-19,2021-10-07,4787,104,2,208,Shirt,Dress,XS,yellow,69,18,2021-09-01,Middle Aged
Persis Linch,Genderqueer,39,West Zoeberg,Queensland,2021-09-19,2021-10-07,4788,112,1,112,Jacket,Cardigan,S,yellow,79,18,2021-09-01,Middle Aged
Mellisent Druhan,Agender,20,Haydenhaven,Victoria,2021-03-19,2021-04-15,4789,112,2,224,Trousers,Tracksuit Bottoms,XS,violet,67,27,2021-03-01,Young
Mellisent Druhan,Agender,20,Haydenhaven,Victoria,2021-03-19,2021-04-15,4790,94,1,94,Trousers,Cords,S,indigo,60,27,2021-03-01,Young
Mellisent Druhan,Agender,20,Haydenhaven,Victoria,2021-03-19,2021-04-15,4791,102,1,102,Trousers,Cargo Pants,L,blue,77,27,2021-03-01,Young
Mellisent Druhan,Agender,20,Haydenhaven,Victoria,2021-03-19,2021-04-15,4792,93,3,279,Jacket,Coach,S,orange,55,27,2021-03-01,Young
Tiphany Peacop,Bigender,79,East Sofia,Victoria,2021-07-24,2021-07-29,4808,115,1,115,Trousers,Cropped,XS,violet,65,5,2021-07-01,Senior
Tiphany Peacop,Bigender,79,East Sofia,Victoria,2021-07-24,2021-07-29,4809,97,1,97,Trousers,Slim-Fit,S,blue,49,5,2021-07-01,Senior
Tiphany Peacop,Bigender,79,East Sofia,Victoria,2021-07-24,2021-07-29,4810,90,3,270,Trousers,Relaxed Leg,M,orange,74,5,2021-07-01,Senior
Tiphany Peacop,Bigender,79,East Sofia,Victoria,2021-07-24,2021-07-29,4811,105,2,210,Shirt,Cuban Collar,L,orange,65,5,2021-07-01,Senior
Tiphany Peacop,Bigender,79,East Sofia,Victoria,2021-07-24,2021-07-29,4812,102,3,306,Trousers,Cargo Pants,M,violet,58,5,2021-07-01,Senior
Tiphany Peacop,Bigender,79,East Sofia,Victoria,2021-07-24,2021-07-29,4813,118,2,236,Shirt,Flannel,S,violet,70,5,2021-07-01,Senior
Marni Figiovanni,Non-binary,59,Eveside,New South Wales,2021-03-14,2021-04-03,4831,100,2,200,Jacket,Bomber,XS,green,48,20,2021-03-01,Senior
Marni Figiovanni,Non-binary,59,Eveside,New South Wales,2021-03-14,2021-04-03,4832,119,3,357,Shirt,Casual Slim Fit,L,green,54,20,2021-03-01,Senior
Marni Figiovanni,Non-binary,59,Eveside,New South Wales,2021-03-14,2021-04-03,4833,96,2,192,Trousers,Drawstring,M,orange,76,20,2021-03-01,Senior
Marni Figiovanni,Non-binary,59,Eveside,New South Wales,2021-03-14,2021-04-03,4834,107,3,321,Jacket,Denim,M,indigo,52,20,2021-03-01,Senior
Marni Figiovanni,Non-binary,59,Eveside,New South Wales,2021-03-14,2021-04-03,4835,93,3,279,Trousers,Joggers,M,indigo,66,20,2021-03-01,Senior
Marni Figiovanni,Non-binary,59,Eveside,New South Wales,2021-03-14,2021-04-03,4836,106,3,318,Shirt,Chambray,M,blue,66,20,2021-03-01,Senior
Sharleen Langworthy,Agender,35,Isaacberg,South Australia,2021-03-24,2021-04-07,4535,115,3,345,Trousers,Cropped,L,yellow,60,14,2021-03-01,Young
Sharleen Langworthy,Agender,35,Isaacberg,South Australia,2021-03-24,2021-04-07,4536,91,3,273,Shirt,Linen,L,orange,73,14,2021-03-01,Young
Sharleen Langworthy,Agender,35,Isaacberg,South Australia,2021-03-24,2021-04-07,4537,115,3,345,Trousers,Cropped,S,yellow,65,14,2021-03-01,Young
Sharleen Langworthy,Agender,35,Isaacberg,South Australia,2021-03-24,2021-04-07,4538,112,1,112,Trousers,Tracksuit Bottoms,XS,green,69,14,2021-03-01,Young
Sharleen Langworthy,Agender,35,Isaacberg,South Australia,2021-03-24,2021-04-07,4539,91,2,182,Shirt,Linen,XS,yellow,55,14,2021-03-01,Young
Alexei Hurburt,Female,75,New Ellieland,Tasmania,2021-07-22,2021-08-08,4853,90,3,270,Trousers,Relaxed Leg,S,red,70,17,2021-07-01,Senior
Alexei Hurburt,Female,75,New Ellieland,Tasmania,2021-07-22,2021-08-08,4854,100,2,200,Jacket,Bomber,L,green,78,17,2021-07-01,Senior
Alexei Hurburt,Female,75,New Ellieland,Tasmania,2021-07-22,2021-08-08,4855,92,1,92,Shirt,Denim,L,green,71,17,2021-07-01,Senior
Alexei Hurburt,Female,75,New Ellieland,Tasmania,2021-07-22,2021-08-08,4856,97,3,291,Trousers,Slim-Fit,M,orange,44,17,2021-07-01,Senior
Alexei Hurburt,Female,75,New Ellieland,Tasmania,2021-07-22,2021-08-08,4857,99,1,99,Trousers,High-Waisted,XL,violet,74,17,2021-07-01,Senior
Alexei Hurburt,Female,75,New Ellieland,Tasmania,2021-07-22,2021-08-08,4858,109,1,109,Shirt,Mandarin Collar,XL,orange,59,17,2021-07-01,Senior
Alexei Hurburt,Female,75,New Ellieland,Tasmania,2021-07-22,2021-08-08,4859,105,2,210,Trousers,Pleated,XS,violet,58,17,2021-07-01,Senior
Alexei Hurburt,Female,75,New Ellieland,Tasmania,2021-07-22,2021-08-08,4860,118,2,236,Jacket,Puffer,L,blue,48,17,2021-07-01,Senior
Alexei Hurburt,Female,75,New Ellieland,Tasmania,2021-07-22,2021-08-08,4861,91,1,91,Shirt,Linen,L,blue,70,17,2021-07-01,Senior
Alexei Hurburt,Female,75,New Ellieland,Tasmania,2021-07-22,2021-08-08,4862,113,2,226,Trousers,Chinos,S,orange,58,17,2021-07-01,Senior
Chandal Fransinelli,Polygender,21,Hackettchester,South Australia,2021-03-05,2021-03-19,1444,113,1,113,Trousers,Chinos,XS,indigo,61,14,2021-03-01,Young
Chandal Fransinelli,Polygender,21,Hackettchester,South Australia,2021-03-05,2021-03-19,1445,100,2,200,Jacket,Bomber,S,yellow,64,14,2021-03-01,Young
Gallard Mangan,Bigender,64,Chloeville,Tasmania,2021-09-30,2021-10-10,995,94,1,94,Trousers,Cords,XL,red,80,10,2021-09-01,Senior
Gallard Mangan,Bigender,64,Chloeville,Tasmania,2021-09-30,2021-10-10,996,109,2,218,Shirt,Mandarin Collar,XS,yellow,45,10,2021-09-01,Senior
Gallard Mangan,Bigender,64,Chloeville,Tasmania,2021-09-30,2021-10-10,997,93,1,93,Jacket,Coach,XL,green,48,10,2021-09-01,Senior
Gallard Mangan,Bigender,64,Chloeville,Tasmania,2021-09-30,2021-10-10,998,118,2,236,Jacket,Puffer,XL,indigo,60,10,2021-09-01,Senior
Kaitlyn Pinare,Male,24,Lake Matilda,Northern Territory,2021-09-04,2021-09-24,4863,107,2,214,Jacket,Denim,XS,violet,65,20,2021-09-01,Young
Kaitlyn Pinare,Male,24,Lake Matilda,Northern Territory,2021-09-04,2021-09-24,4864,95,3,285,Shirt,Polo,XS,yellow,79,20,2021-09-01,Young
Araldo Washtell,Polygender,43,East Gabriel,Australian Capital Territory,2021-01-22,2021-02-18,4865,105,2,210,Shirt,Cuban Collar,L,yellow,77,27,2021-01-01,Middle Aged
Araldo Washtell,Polygender,43,East Gabriel,Australian Capital Territory,2021-01-22,2021-02-18,4866,90,1,90,Trousers,Relaxed Leg,L,blue,61,27,2021-01-01,Middle Aged
Araldo Washtell,Polygender,43,East Gabriel,Australian Capital Territory,2021-01-22,2021-02-18,4867,98,2,196,Shirt,Camp Collared,L,orange,63,27,2021-01-01,Middle Aged
Araldo Washtell,Polygender,43,East Gabriel,Australian Capital Territory,2021-01-22,2021-02-18,4868,118,2,236,Shirt,Flannel,XL,violet,43,27,2021-01-01,Middle Aged
Araldo Washtell,Polygender,43,East Gabriel,Australian Capital Territory,2021-01-22,2021-02-18,4869,98,1,98,Jacket,Leather,XS,green,57,27,2021-01-01,Middle Aged
Araldo Washtell,Polygender,43,East Gabriel,Australian Capital Territory,2021-01-22,2021-02-18,4870,117,1,117,Jacket,Shearling,S,green,66,27,2021-01-01,Middle Aged
Araldo Washtell,Polygender,43,East Gabriel,Australian Capital Territory,2021-01-22,2021-02-18,4871,97,1,97,Trousers,Slim-Fit,XS,yellow,59,27,2021-01-01,Middle Aged
Araldo Washtell,Polygender,43,East Gabriel,Australian Capital Territory,2021-01-22,2021-02-18,4872,119,2,238,Jacket,Trench Coat,XL,green,53,27,2021-01-01,Middle Aged
Annice Kelcey,Polygender,30,New Beau,Victoria,2021-01-05,2021-01-10,1067,95,2,190,Shirt,Polo,XL,violet,79,5,2021-01-01,Young
Annice Kelcey,Polygender,30,New Beau,Victoria,2021-01-05,2021-01-10,1068,113,1,113,Trousers,Chinos,M,violet,54,5,2021-01-01,Young
Annice Kelcey,Polygender,30,New Beau,Victoria,2021-01-05,2021-01-10,1069,105,1,105,Shirt,Cuban Collar,L,orange,65,5,2021-01-01,Young
Annice Kelcey,Polygender,30,New Beau,Victoria,2021-01-05,2021-01-10,1070,97,1,97,Trousers,Slim-Fit,S,yellow,54,5,2021-01-01,Young
Alphonse Galego,Male,75,New Chase,Australian Capital Territory,2021-07-07,2021-07-24,4512,93,2,186,Jacket,Coach,S,orange,55,17,2021-07-01,Senior
Alphonse Galego,Male,75,New Chase,Australian Capital Territory,2021-07-07,2021-07-24,4513,112,1,112,Jacket,Cardigan,XL,yellow,42,17,2021-07-01,Senior
Alphonse Galego,Male,75,New Chase,Australian Capital Territory,2021-07-07,2021-07-24,4514,119,1,119,Shirt,Casual Slim Fit,S,blue,75,17,2021-07-01,Senior
Alphonse Galego,Male,75,New Chase,Australian Capital Territory,2021-07-07,2021-07-24,4515,115,3,345,Trousers,Cropped,L,blue,45,17,2021-07-01,Senior
Alphonse Galego,Male,75,New Chase,Australian Capital Territory,2021-07-07,2021-07-24,4516,117,2,234,Jacket,Shearling,XS,green,74,17,2021-07-01,Senior
Alphonse Galego,Male,75,New Chase,Australian Capital Territory,2021-07-07,2021-07-24,4517,113,3,339,Jacket,Parka,XL,yellow,44,17,2021-07-01,Senior
Tobye De Caville,Genderfluid,72,West Baileyville,New South Wales,2021-04-25,2021-05-17,245,113,2,226,Trousers,Chinos,L,red,44,22,2021-04-01,Senior
Tobye De Caville,Genderfluid,72,West Baileyville,New South Wales,2021-04-25,2021-05-17,246,97,2,194,Trousers,Slim-Fit,XL,indigo,66,22,2021-04-01,Senior
Tobye De Caville,Genderfluid,72,West Baileyville,New South Wales,2021-04-25,2021-05-17,247,95,1,95,Shirt,Polo,L,blue,77,22,2021-04-01,Senior
Tobye De Caville,Genderfluid,72,West Baileyville,New South Wales,2021-04-25,2021-05-17,248,102,2,204,Jacket,Windbreaker,M,blue,70,22,2021-04-01,Senior
Sadella Goodsall,Genderqueer,67,Christopherside,Northern Territory,2021-01-18,2021-01-30,4873,91,1,91,Jacket,Pullover,XL,indigo,43,12,2021-01-01,Senior
Sadella Goodsall,Genderqueer,67,Christopherside,Northern Territory,2021-01-18,2021-01-30,4874,91,1,91,Jacket,Pullover,XS,indigo,78,12,2021-01-01,Senior
Sadella Goodsall,Genderqueer,67,Christopherside,Northern Territory,2021-01-18,2021-01-30,4875,94,1,94,Trousers,Cords,M,indigo,52,12,2021-01-01,Senior
Sadella Goodsall,Genderqueer,67,Christopherside,Northern Territory,2021-01-18,2021-01-30,4876,93,3,279,Trousers,Joggers,XL,violet,40,12,2021-01-01,Senior
Sadella Goodsall,Genderqueer,67,Christopherside,Northern Territory,2021-01-18,2021-01-30,4877,100,1,100,Jacket,Bomber,M,yellow,71,12,2021-01-01,Senior
Hort Ridding,Agender,57,West Ashley,South Australia,2021-01-25,2021-01-31,3659,105,2,210,Shirt,Cuban Collar,S,blue,62,6,2021-01-01,Senior
Hort Ridding,Agender,57,West Ashley,South Australia,2021-01-25,2021-01-31,3660,97,2,194,Trousers,Slim-Fit,S,yellow,54,6,2021-01-01,Senior
Hort Ridding,Agender,57,West Ashley,South Australia,2021-01-25,2021-01-31,3661,93,2,186,Trousers,Joggers,S,red,71,6,2021-01-01,Senior
Hort Ridding,Agender,57,West Ashley,South Australia,2021-01-25,2021-01-31,3662,117,3,351,Jacket,Shearling,L,red,40,6,2021-01-01,Senior
Hort Ridding,Agender,57,West Ashley,South Australia,2021-01-25,2021-01-31,3663,100,3,300,Jacket,Bomber,XS,red,76,6,2021-01-01,Senior
Hort Ridding,Agender,57,West Ashley,South Australia,2021-01-25,2021-01-31,3664,107,3,321,Jacket,Denim,XL,green,59,6,2021-01-01,Senior
Hort Ridding,Agender,57,West Ashley,South Australia,2021-01-25,2021-01-31,3665,118,3,354,Jacket,Puffer,XS,yellow,55,6,2021-01-01,Senior
Hort Ridding,Agender,57,West Ashley,South Australia,2021-01-25,2021-01-31,3666,119,3,357,Jacket,Trench Coat,M,red,57,6,2021-01-01,Senior
Hort Ridding,Agender,57,West Ashley,South Australia,2021-01-25,2021-01-31,3667,91,1,91,Jacket,Pullover,XL,indigo,43,6,2021-01-01,Senior
Hort Ridding,Agender,57,West Ashley,South Australia,2021-01-25,2021-01-31,3668,91,1,91,Shirt,Linen,L,indigo,75,6,2021-01-01,Senior
Gayleen Brookes,Male,46,Port Lily,Australian Capital Territory,2021-04-14,2021-04-25,1797,91,3,273,Jacket,Pullover,XL,green,65,11,2021-04-01,Middle Aged
Gayleen Brookes,Male,46,Port Lily,Australian Capital Territory,2021-04-14,2021-04-25,1798,98,2,196,Jacket,Leather,XL,yellow,67,11,2021-04-01,Middle Aged
Gayleen Brookes,Male,46,Port Lily,Australian Capital Territory,2021-04-14,2021-04-25,1799,98,3,294,Shirt,Camp Collared,S,indigo,50,11,2021-04-01,Middle Aged
Gayleen Brookes,Male,46,Port Lily,Australian Capital Territory,2021-04-14,2021-04-25,1800,98,1,98,Jacket,Leather,M,orange,80,11,2021-04-01,Middle Aged
Gayleen Brookes,Male,46,Port Lily,Australian Capital Territory,2021-04-14,2021-04-25,1801,119,2,238,Shirt,Casual Slim Fit,XL,indigo,40,11,2021-04-01,Middle Aged
Gayleen Brookes,Male,46,Port Lily,Australian Capital Territory,2021-04-14,2021-04-25,1802,100,3,300,Jacket,Bomber,XL,indigo,50,11,2021-04-01,Middle Aged
Gayleen Brookes,Male,46,Port Lily,Australian Capital Territory,2021-04-14,2021-04-25,1803,92,2,184,Shirt,Denim,S,orange,69,11,2021-04-01,Middle Aged
Eryn Harcus,Agender,37,Lake Alicefurt,Tasmania,2021-04-24,2021-05-18,4887,112,3,336,Trousers,Tracksuit Bottoms,M,green,47,24,2021-04-01,Middle Aged
Eryn Harcus,Agender,37,Lake Alicefurt,Tasmania,2021-04-24,2021-05-18,4888,96,2,192,Trousers,Drawstring,XS,red,57,24,2021-04-01,Middle Aged
Eryn Harcus,Agender,37,Lake Alicefurt,Tasmania,2021-04-24,2021-05-18,4889,109,1,109,Shirt,Mandarin Collar,L,orange,56,24,2021-04-01,Middle Aged
Eryn Harcus,Agender,37,Lake Alicefurt,Tasmania,2021-04-24,2021-05-18,4890,102,3,306,Jacket,Windbreaker,XS,red,79,24,2021-04-01,Middle Aged
Eryn Harcus,Agender,37,Lake Alicefurt,Tasmania,2021-04-24,2021-05-18,4891,119,2,238,Jacket,Trench Coat,L,indigo,71,24,2021-04-01,Middle Aged
Augustin Brandenberg,Genderfluid,28,East Lauren,Victoria,2021-09-23,2021-09-30,4918,105,3,315,Trousers,Pleated,S,violet,50,7,2021-09-01,Young
Augustin Brandenberg,Genderfluid,28,East Lauren,Victoria,2021-09-23,2021-09-30,4919,112,3,336,Trousers,Tracksuit Bottoms,XL,red,45,7,2021-09-01,Young
Augustin Brandenberg,Genderfluid,28,East Lauren,Victoria,2021-09-23,2021-09-30,4920,94,3,282,Shirt,Henley,XL,green,64,7,2021-09-01,Young
Augustin Brandenberg,Genderfluid,28,East Lauren,Victoria,2021-09-23,2021-09-30,4921,104,2,208,Shirt,Dress,M,indigo,51,7,2021-09-01,Young
Augustin Brandenberg,Genderfluid,28,East Lauren,Victoria,2021-09-23,2021-09-30,4922,106,3,318,Shirt,Chambray,XS,blue,76,7,2021-09-01,Young
Augustin Brandenberg,Genderfluid,28,East Lauren,Victoria,2021-09-23,2021-09-30,4923,105,3,315,Shirt,Cuban Collar,M,blue,55,7,2021-09-01,Young
Augustin Brandenberg,Genderfluid,28,East Lauren,Victoria,2021-09-23,2021-09-30,4924,100,3,300,Jacket,Bomber,XS,indigo,59,7,2021-09-01,Young
Fedora Dmych,Bigender,78,Taylorburgh,South Australia,2021-06-19,2021-07-01,630,91,1,91,Jacket,Pullover,XS,red,54,12,2021-06-01,Senior
Fedora Dmych,Bigender,78,Taylorburgh,South Australia,2021-06-19,2021-07-01,631,102,2,204,Jacket,Windbreaker,S,indigo,62,12,2021-06-01,Senior
Fedora Dmych,Bigender,78,Taylorburgh,South Australia,2021-06-19,2021-07-01,632,106,2,212,Trousers,Wool,XL,orange,56,12,2021-06-01,Senior
Fedora Dmych,Bigender,78,Taylorburgh,South Australia,2021-06-19,2021-07-01,633,119,2,238,Shirt,Casual Slim Fit,M,blue,61,12,2021-06-01,Senior
Fedora Dmych,Bigender,78,Taylorburgh,South Australia,2021-06-19,2021-07-01,634,113,2,226,Trousers,Chinos,XS,red,69,12,2021-06-01,Senior
Fedora Dmych,Bigender,78,Taylorburgh,South Australia,2021-06-19,2021-07-01,635,98,2,196,Shirt,Camp Collared,XS,yellow,55,12,2021-06-01,Senior
Fedora Dmych,Bigender,78,Taylorburgh,South Australia,2021-06-19,2021-07-01,636,93,3,279,Jacket,Coach,L,blue,80,12,2021-06-01,Senior
Fedora Dmych,Bigender,78,Taylorburgh,South Australia,2021-06-19,2021-07-01,637,105,1,105,Trousers,Pleated,XL,red,58,12,2021-06-01,Senior
Erik Osgar,Genderfluid,35,Zacharyborough,Northern Territory,2021-08-02,2021-08-15,4930,91,1,91,Jacket,Pullover,XS,indigo,78,13,2021-08-01,Young
Erik Osgar,Genderfluid,35,Zacharyborough,Northern Territory,2021-08-02,2021-08-15,4931,105,3,315,Shirt,Cuban Collar,M,blue,55,13,2021-08-01,Young
Erik Osgar,Genderfluid,35,Zacharyborough,Northern Territory,2021-08-02,2021-08-15,4932,93,3,279,Trousers,Joggers,M,red,43,13,2021-08-01,Young
John Panchen,Bigender,32,Evansburgh,South Australia,2021-02-04,2021-02-16,4939,98,2,196,Jacket,Leather,M,orange,80,12,2021-02-01,Young
John Panchen,Bigender,32,Evansburgh,South Australia,2021-02-04,2021-02-16,4940,96,1,96,Shirt,Oxford Cloth,M,blue,57,12,2021-02-01,Young
John Panchen,Bigender,32,Evansburgh,South Australia,2021-02-04,2021-02-16,4941,91,2,182,Jacket,Pullover,L,indigo,50,12,2021-02-01,Young
John Panchen,Bigender,32,Evansburgh,South Australia,2021-02-04,2021-02-16,4942,106,2,212,Shirt,Chambray,S,indigo,59,12,2021-02-01,Young
John Panchen,Bigender,32,Evansburgh,South Australia,2021-02-04,2021-02-16,4943,93,3,279,Jacket,Coach,XL,orange,46,12,2021-02-01,Young
John Panchen,Bigender,32,Evansburgh,South Australia,2021-02-04,2021-02-16,4944,119,2,238,Jacket,Trench Coat,M,violet,61,12,2021-02-01,Young
Lorilyn Vittet,Non-binary,48,Stantonmouth,Australian Capital Territory,2021-04-06,2021-04-20,896,94,3,282,Shirt,Henley,XS,yellow,42,14,2021-04-01,Middle Aged
Lorilyn Vittet,Non-binary,48,Stantonmouth,Australian Capital Territory,2021-04-06,2021-04-20,897,102,1,102,Trousers,Cargo Pants,XS,indigo,51,14,2021-04-01,Middle Aged
Lorilyn Vittet,Non-binary,48,Stantonmouth,Australian Capital Territory,2021-04-06,2021-04-20,898,118,2,236,Jacket,Puffer,XL,yellow,65,14,2021-04-01,Middle Aged
Lorilyn Vittet,Non-binary,48,Stantonmouth,Australian Capital Territory,2021-04-06,2021-04-20,899,119,3,357,Shirt,Casual Slim Fit,S,blue,75,14,2021-04-01,Middle Aged
Lorilyn Vittet,Non-binary,48,Stantonmouth,Australian Capital Territory,2021-04-06,2021-04-20,900,119,2,238,Shirt,Casual Slim Fit,S,indigo,65,14,2021-04-01,Middle Aged
Lorilyn Vittet,Non-binary,48,Stantonmouth,Australian Capital Territory,2021-04-06,2021-04-20,901,95,1,95,Shirt,Polo,XL,red,76,14,2021-04-01,Middle Aged
Lorilyn Vittet,Non-binary,48,Stantonmouth,Australian Capital Territory,2021-04-06,2021-04-20,902,104,3,312,Shirt,Dress,XS,blue,41,14,2021-04-01,Middle Aged
Lorilyn Vittet,Non-binary,48,Stantonmouth,Australian Capital Territory,2021-04-06,2021-04-20,903,97,2,194,Trousers,Slim-Fit,L,red,80,14,2021-04-01,Middle Aged
Lorilyn Vittet,Non-binary,48,Stantonmouth,Australian Capital Territory,2021-04-06,2021-04-20,904,93,3,279,Trousers,Joggers,M,orange,52,14,2021-04-01,Middle Aged
Aldridge Tesh,Agender,41,South Tobyton,South Australia,2021-06-06,2021-07-01,836,106,2,212,Trousers,Wool,XS,indigo,43,25,2021-06-01,Middle Aged
Barbara-anne Salerg,Agender,53,Savannahland,Northern Territory,2021-08-17,2021-09-06,4949,115,1,115,Trousers,Cropped,XL,violet,64,20,2021-08-01,Middle Aged
Barbara-anne Salerg,Agender,53,Savannahland,Northern Territory,2021-08-17,2021-09-06,4950,112,3,336,Trousers,Tracksuit Bottoms,S,orange,59,20,2021-08-01,Middle Aged
Barbara-anne Salerg,Agender,53,Savannahland,Northern Territory,2021-08-17,2021-09-06,4951,112,2,224,Trousers,Tracksuit Bottoms,L,red,43,20,2021-08-01,Middle Aged
Barbara-anne Salerg,Agender,53,Savannahland,Northern Territory,2021-08-17,2021-09-06,4952,99,2,198,Trousers,High-Waisted,XS,yellow,64,20,2021-08-01,Middle Aged
Barbara-anne Salerg,Agender,53,Savannahland,Northern Territory,2021-08-17,2021-09-06,4953,92,3,276,Shirt,Denim,XS,blue,76,20,2021-08-01,Middle Aged
Thorsten Sowrey,Polygender,50,Port Isabelle,South Australia,2021-07-23,2021-08-14,4961,105,2,210,Trousers,Pleated,XL,blue,55,22,2021-07-01,Middle Aged
Thorsten Sowrey,Polygender,50,Port Isabelle,South Australia,2021-07-23,2021-08-14,4962,96,3,288,Shirt,Oxford Cloth,S,red,53,22,2021-07-01,Middle Aged
Thorsten Sowrey,Polygender,50,Port Isabelle,South Australia,2021-07-23,2021-08-14,4963,105,1,105,Shirt,Cuban Collar,XL,green,60,22,2021-07-01,Middle Aged
Thorsten Sowrey,Polygender,50,Port Isabelle,South Australia,2021-07-23,2021-08-14,4964,118,1,118,Jacket,Puffer,XS,violet,74,22,2021-07-01,Middle Aged
Thorsten Sowrey,Polygender,50,Port Isabelle,South Australia,2021-07-23,2021-08-14,4965,98,3,294,Jacket,Leather,XL,yellow,67,22,2021-07-01,Middle Aged
Lawry Mannooch,Agender,50,North Kayla,Western Australia,2021-08-08,2021-08-24,1919,95,2,190,Shirt,Polo,L,violet,76,16,2021-08-01,Middle Aged
Lawry Mannooch,Agender,50,North Kayla,Western Australia,2021-08-08,2021-08-24,1920,107,2,214,Jacket,Denim,XS,blue,49,16,2021-08-01,Middle Aged
Lawry Mannooch,Agender,50,North Kayla,Western Australia,2021-08-08,2021-08-24,1921,113,1,113,Jacket,Parka,L,yellow,72,16,2021-08-01,Middle Aged
Lawry Mannooch,Agender,50,North Kayla,Western Australia,2021-08-08,2021-08-24,1922,99,1,99,Trousers,High-Waisted,M,green,51,16,2021-08-01,Middle Aged
Muire Ashtonhurst,Male,47,West Michael,South Australia,2021-03-29,2021-04-11,4966,109,1,109,Shirt,Mandarin Collar,XL,blue,71,13,2021-03-01,Middle Aged
Muire Ashtonhurst,Male,47,West Michael,South Australia,2021-03-29,2021-04-11,4967,94,3,282,Shirt,Henley,S,yellow,70,13,2021-03-01,Middle Aged
Muire Ashtonhurst,Male,47,West Michael,South Australia,2021-03-29,2021-04-11,4968,112,3,336,Jacket,Cardigan,L,indigo,40,13,2021-03-01,Middle Aged
Muire Ashtonhurst,Male,47,West Michael,South Australia,2021-03-29,2021-04-11,4969,93,2,186,Trousers,Joggers,XL,blue,52,13,2021-03-01,Middle Aged
Muire Ashtonhurst,Male,47,West Michael,South Australia,2021-03-29,2021-04-11,4970,98,2,196,Jacket,Leather,XS,red,67,13,2021-03-01,Middle Aged
Elvira Sarfati,Agender,59,Lake Danielland,Tasmania,2021-09-03,2021-09-19,1129,106,3,318,Shirt,Chambray,L,orange,44,16,2021-09-01,Senior
Elvira Sarfati,Agender,59,Lake Danielland,Tasmania,2021-09-03,2021-09-19,1130,105,2,210,Trousers,Pleated,S,red,78,16,2021-09-01,Senior
Elvira Sarfati,Agender,59,Lake Danielland,Tasmania,2021-09-03,2021-09-19,1131,94,1,94,Trousers,Cords,S,yellow,68,16,2021-09-01,Senior
Elvira Sarfati,Agender,59,Lake Danielland,Tasmania,2021-09-03,2021-09-19,1132,119,3,357,Jacket,Trench Coat,S,red,54,16,2021-09-01,Senior
Lin Norville,Male,42,Russelstad,Victoria,2021-06-14,2021-06-23,2985,100,1,100,Jacket,Bomber,S,red,74,9,2021-06-01,Middle Aged
Lin Norville,Male,42,Russelstad,Victoria,2021-06-14,2021-06-23,2986,112,1,112,Jacket,Cardigan,M,red,70,9,2021-06-01,Middle Aged
Lin Norville,Male,42,Russelstad,Victoria,2021-06-14,2021-06-23,2987,118,2,236,Jacket,Puffer,M,violet,43,9,2021-06-01,Middle Aged
Lin Norville,Male,42,Russelstad,Victoria,2021-06-14,2021-06-23,2988,118,2,236,Shirt,Flannel,XL,green,77,9,2021-06-01,Middle Aged
Lin Norville,Male,42,Russelstad,Victoria,2021-06-14,2021-06-23,2989,99,3,297,Trousers,High-Waisted,S,yellow,56,9,2021-06-01,Middle Aged
Dannie Fidler,Genderfluid,32,East Max,Tasmania,2021-04-29,2021-05-19,2732,91,2,182,Shirt,Linen,L,yellow,72,20,2021-04-01,Young
Dannie Fidler,Genderfluid,32,East Max,Tasmania,2021-04-29,2021-05-19,2733,94,3,282,Shirt,Henley,M,red,52,20,2021-04-01,Young
Dannie Fidler,Genderfluid,32,East Max,Tasmania,2021-04-29,2021-05-19,2734,118,1,118,Shirt,Flannel,XL,orange,50,20,2021-04-01,Young
Dannie Fidler,Genderfluid,32,East Max,Tasmania,2021-04-29,2021-05-19,2735,97,2,194,Trousers,Slim-Fit,S,green,70,20,2021-04-01,Young
Dannie Fidler,Genderfluid,32,East Max,Tasmania,2021-04-29,2021-05-19,2736,109,1,109,Shirt,Mandarin Collar,XL,indigo,77,20,2021-04-01,Young
Beatrisa Winterscale,Non-binary,68,Port Harrychester,Western Australia,2021-10-08,2021-10-25,2063,91,1,91,Jacket,Pullover,L,indigo,50,17,2021-10-01,Senior
Beatrisa Winterscale,Non-binary,68,Port Harrychester,Western Australia,2021-10-08,2021-10-25,2064,102,3,306,Trousers,Cargo Pants,S,blue,63,17,2021-10-01,Senior
Beatrisa Winterscale,Non-binary,68,Port Harrychester,Western Australia,2021-10-08,2021-10-25,2065,95,1,95,Shirt,Polo,XS,indigo,47,17,2021-10-01,Senior
Beatrisa Winterscale,Non-binary,68,Port Harrychester,Western Australia,2021-10-08,2021-10-25,2066,106,3,318,Shirt,Chambray,M,orange,43,17,2021-10-01,Senior
Beatrisa Winterscale,Non-binary,68,Port Harrychester,Western Australia,2021-10-08,2021-10-25,2067,90,3,270,Trousers,Relaxed Leg,M,yellow,68,17,2021-10-01,Senior
Beatrisa Winterscale,Non-binary,68,Port Harrychester,Western Australia,2021-10-08,2021-10-25,2068,96,1,96,Shirt,Oxford Cloth,L,violet,73,17,2021-10-01,Senior
Beatrisa Winterscale,Non-binary,68,Port Harrychester,Western Australia,2021-10-08,2021-10-25,2069,98,3,294,Shirt,Camp Collared,M,orange,65,17,2021-10-01,Senior
Curcio Kiffin,Polygender,72,Rutherfordville,Northern Territory,2021-07-15,2021-07-17,4971,106,1,106,Trousers,Wool,S,green,43,2,2021-07-01,Senior
Curcio Kiffin,Polygender,72,Rutherfordville,Northern Territory,2021-07-15,2021-07-17,4972,97,3,291,Trousers,Slim-Fit,M,green,78,2,2021-07-01,Senior
Curcio Kiffin,Polygender,72,Rutherfordville,Northern Territory,2021-07-15,2021-07-17,4973,107,3,321,Jacket,Denim,S,blue,56,2,2021-07-01,Senior
Curcio Kiffin,Polygender,72,Rutherfordville,Northern Territory,2021-07-15,2021-07-17,4974,118,1,118,Shirt,Flannel,L,red,77,2,2021-07-01,Senior
Hunfredo Peyto,Bigender,36,Port Davidburgh,Tasmania,2021-08-17,2021-09-03,817,113,3,339,Jacket,Parka,L,orange,77,17,2021-08-01,Middle Aged
Hunfredo Peyto,Bigender,36,Port Davidburgh,Tasmania,2021-08-17,2021-09-03,818,94,1,94,Shirt,Henley,M,orange,70,17,2021-08-01,Middle Aged
Hunfredo Peyto,Bigender,36,Port Davidburgh,Tasmania,2021-08-17,2021-09-03,819,109,1,109,Shirt,Mandarin Collar,XS,violet,52,17,2021-08-01,Middle Aged
Hunfredo Peyto,Bigender,36,Port Davidburgh,Tasmania,2021-08-17,2021-09-03,820,105,2,210,Trousers,Pleated,XL,violet,65,17,2021-08-01,Middle Aged
Hunfredo Peyto,Bigender,36,Port Davidburgh,Tasmania,2021-08-17,2021-09-03,821,94,2,188,Trousers,Cords,XL,blue,65,17,2021-08-01,Middle Aged
Merrielle Piken,Genderqueer,62,Audreyfurt,Victoria,2021-01-13,2021-02-02,4981,94,3,282,Shirt,Henley,XL,indigo,52,20,2021-01-01,Senior
Merrielle Piken,Genderqueer,62,Audreyfurt,Victoria,2021-01-13,2021-02-02,4982,91,2,182,Jacket,Pullover,XL,blue,74,20,2021-01-01,Senior
Merrielle Piken,Genderqueer,62,Audreyfurt,Victoria,2021-01-13,2021-02-02,4983,90,2,180,Trousers,Relaxed Leg,XL,green,64,20,2021-01-01,Senior
Merrielle Piken,Genderqueer,62,Audreyfurt,Victoria,2021-01-13,2021-02-02,4984,102,1,102,Trousers,Cargo Pants,XL,blue,57,20,2021-01-01,Senior
Merrielle Piken,Genderqueer,62,Audreyfurt,Victoria,2021-01-13,2021-02-02,4985,106,3,318,Trousers,Wool,S,violet,59,20,2021-01-01,Senior
Merrielle Piken,Genderqueer,62,Audreyfurt,Victoria,2021-01-13,2021-02-02,4986,93,1,93,Trousers,Joggers,L,red,63,20,2021-01-01,Senior
Merrielle Piken,Genderqueer,62,Audreyfurt,Victoria,2021-01-13,2021-02-02,4987,94,1,94,Shirt,Henley,S,violet,43,20,2021-01-01,Senior
Merrielle Piken,Genderqueer,62,Audreyfurt,Victoria,2021-01-13,2021-02-02,4988,104,2,208,Shirt,Dress,L,green,52,20,2021-01-01,Senior
Shoshana Redsell,Bigender,34,North Marcusland,Northern Territory,2021-07-07,2021-07-08,69,96,3,288,Shirt,Oxford Cloth,M,orange,77,1,2021-07-01,Young
Shoshana Redsell,Bigender,34,North Marcusland,Northern Territory,2021-07-07,2021-07-08,70,94,3,282,Shirt,Henley,S,violet,43,1,2021-07-01,Young
Shoshana Redsell,Bigender,34,North Marcusland,Northern Territory,2021-07-07,2021-07-08,71,96,2,192,Shirt,Oxford Cloth,M,green,60,1,2021-07-01,Young
Shoshana Redsell,Bigender,34,North Marcusland,Northern Territory,2021-07-07,2021-07-08,72,105,2,210,Shirt,Cuban Collar,M,green,45,1,2021-07-01,Young
Shoshana Redsell,Bigender,34,North Marcusland,Northern Territory,2021-07-07,2021-07-08,73,96,1,96,Shirt,Oxford Cloth,L,indigo,70,1,2021-07-01,Young
Shoshana Redsell,Bigender,34,North Marcusland,Northern Territory,2021-07-07,2021-07-08,74,96,1,96,Trousers,Drawstring,XL,blue,60,1,2021-07-01,Young
Shoshana Redsell,Bigender,34,North Marcusland,Northern Territory,2021-07-07,2021-07-08,75,109,3,327,Shirt,Mandarin Collar,XL,orange,59,1,2021-07-01,Young
Shoshana Redsell,Bigender,34,North Marcusland,Northern Territory,2021-07-07,2021-07-08,76,100,2,200,Jacket,Bomber,L,green,78,1,2021-07-01,Young
Shoshana Redsell,Bigender,34,North Marcusland,Northern Territory,2021-07-07,2021-07-08,77,95,1,95,Shirt,Polo,L,indigo,60,1,2021-07-01,Young
Binnie Gonzales,Polygender,32,Aidenton,Northern Territory,2021-10-21,2021-10-30,1983,105,3,315,Shirt,Cuban Collar,XS,indigo,50,9,2021-10-01,Young
Binnie Gonzales,Polygender,32,Aidenton,Northern Territory,2021-10-21,2021-10-30,1984,100,1,100,Jacket,Bomber,L,violet,68,9,2021-10-01,Young
Binnie Gonzales,Polygender,32,Aidenton,Northern Territory,2021-10-21,2021-10-30,1985,113,2,226,Trousers,Chinos,XS,indigo,61,9,2021-10-01,Young
Binnie Gonzales,Polygender,32,Aidenton,Northern Territory,2021-10-21,2021-10-30,1986,97,1,97,Trousers,Slim-Fit,XS,blue,55,9,2021-10-01,Young
Binnie Gonzales,Polygender,32,Aidenton,Northern Territory,2021-10-21,2021-10-30,1987,112,3,336,Trousers,Tracksuit Bottoms,XL,yellow,59,9,2021-10-01,Young
Lorenzo Dutch,Genderfluid,49,Lake Ashleyhaven,Queensland,2021-08-03,2021-08-08,1778,93,2,186,Trousers,Joggers,L,red,63,5,2021-08-01,Middle Aged
Lorenzo Dutch,Genderfluid,49,Lake Ashleyhaven,Queensland,2021-08-03,2021-08-08,1779,96,2,192,Trousers,Drawstring,L,red,73,5,2021-08-01,Middle Aged
Lorenzo Dutch,Genderfluid,49,Lake Ashleyhaven,Queensland,2021-08-03,2021-08-08,1780,118,2,236,Shirt,Flannel,L,indigo,62,5,2021-08-01,Middle Aged
Brendis Blackboro,Non-binary,74,West Lukeshire,New South Wales,2021-04-26,2021-05-20,353,96,2,192,Shirt,Oxford Cloth,S,blue,51,24,2021-04-01,Senior
Brendis Blackboro,Non-binary,74,West Lukeshire,New South Wales,2021-04-26,2021-05-20,354,97,2,194,Trousers,Slim-Fit,L,violet,58,24,2021-04-01,Senior
Kerianne Parris,Genderqueer,40,Olsonbury,Northern Territory,2021-01-18,2021-01-31,4989,102,1,102,Jacket,Windbreaker,XL,green,71,13,2021-01-01,Middle Aged
Kerianne Parris,Genderqueer,40,Olsonbury,Northern Territory,2021-01-18,2021-01-31,4990,102,1,102,Jacket,Windbreaker,XL,blue,59,13,2021-01-01,Middle Aged
Daren Airs,Female,75,West Thomas,Victoria,2021-01-11,2021-01-23,4540,118,3,354,Jacket,Puffer,S,violet,46,12,2021-01-01,Senior
Daren Airs,Female,75,West Thomas,Victoria,2021-01-11,2021-01-23,4541,118,1,118,Shirt,Flannel,XL,orange,50,12,2021-01-01,Senior
Daren Airs,Female,75,West Thomas,Victoria,2021-01-11,2021-01-23,4542,113,2,226,Trousers,Chinos,XS,violet,72,12,2021-01-01,Senior
Murdock Bulfit,Male,41,Hartmannshire,Queensland,2021-05-05,2021-05-21,4991,98,3,294,Jacket,Leather,S,green,77,16,2021-05-01,Middle Aged
Murdock Bulfit,Male,41,Hartmannshire,Queensland,2021-05-05,2021-05-21,4992,118,3,354,Jacket,Puffer,L,blue,48,16,2021-05-01,Middle Aged
Murdock Bulfit,Male,41,Hartmannshire,Queensland,2021-05-05,2021-05-21,4993,104,1,104,Shirt,Dress,S,violet,69,16,2021-05-01,Middle Aged
Murdock Bulfit,Male,41,Hartmannshire,Queensland,2021-05-05,2021-05-21,4994,97,1,97,Trousers,Slim-Fit,M,indigo,67,16,2021-05-01,Middle Aged
Murdock Bulfit,Male,41,Hartmannshire,Queensland,2021-05-05,2021-05-21,4995,109,2,218,Shirt,Mandarin Collar,S,orange,52,16,2021-05-01,Middle Aged
Murdock Bulfit,Male,41,Hartmannshire,Queensland,2021-05-05,2021-05-21,4996,95,3,285,Shirt,Polo,S,orange,78,16,2021-05-01,Middle Aged
Jan Isenor,Non-binary,65,West Annaport,Northern Territory,2021-09-06,2021-09-10,1961,98,1,98,Jacket,Leather,M,violet,40,4,2021-09-01,Senior
Jan Isenor,Non-binary,65,West Annaport,Northern Territory,2021-09-06,2021-09-10,1962,100,3,300,Jacket,Bomber,M,orange,69,4,2021-09-01,Senior
Jan Isenor,Non-binary,65,West Annaport,Northern Territory,2021-09-06,2021-09-10,1963,98,1,98,Shirt,Camp Collared,XL,red,79,4,2021-09-01,Senior
Jan Isenor,Non-binary,65,West Annaport,Northern Territory,2021-09-06,2021-09-10,1964,96,3,288,Trousers,Drawstring,L,blue,50,4,2021-09-01,Senior
Jan Isenor,Non-binary,65,West Annaport,Northern Territory,2021-09-06,2021-09-10,1965,98,3,294,Jacket,Leather,M,yellow,77,4,2021-09-01,Senior
Jan Isenor,Non-binary,65,West Annaport,Northern Territory,2021-09-06,2021-09-10,1966,106,3,318,Trousers,Wool,XL,blue,41,4,2021-09-01,Senior
Jan Isenor,Non-binary,65,West Annaport,Northern Territory,2021-09-06,2021-09-10,1967,106,3,318,Shirt,Chambray,S,green,63,4,2021-09-01,Senior
